1374.082 19.264190673828125 18.462467193603516 19.47850791210233
1374.102 19.136253356933594 16.970386505126953 19.314732416657403
1374.117 19.00527572631836 16.970386505126953 19.13223925411796
1374.132 18.916942596435547 16.970386505126953 18.94140101881445
1374.152 18.521568298339844 16.970386505126953 18.74988321079805
1374.167 18.36225128173828 16.970386505126953 18.563198315347268
1374.182 18.27938461303711 16.970386505126953 18.385162699244972
1374.202 18.0885066986084 16.970386505126953 18.21827116751108
1374.217 17.948217391967773 16.970386505126953 18.06400210577493
1374.232 17.820632934570312 16.970386505126953 17.923064399512512
1374.252 17.66046714782715 15.389954566955566 17.75169487608539
1374.267 17.57297134399414 15.389954566955566 17.563276149176097
1374.282 17.377002716064453 15.389954566955566 17.36787268076104
1374.302 17.101333618164062 15.389954566955566 17.172891355725543
1374.317 16.89075469970703 15.389954566955566 16.983628715255097
1374.332 16.662439346313477 15.389954566955566 16.8037217614221
1374.352 16.41455841064453 15.389954566955566 16.635517132113215
1374.367 16.279531478881836 15.389954566955566 16.48037151984185
1374.382 16.165733337402344 15.389954566955566 16.338894470378133
1374.402 16.05545425415039 15.389954566955566 16.211143142508497
1374.417 15.98758316040039 15.389954566955566 16.096777229944994
1374.432 15.958970069885254 15.389954566955566 15.995181029389
1374.452 15.936565399169922 15.389954566955566 15.905558572559505
1374.467 15.86194133758545 15.389954566955566 15.827006811506449
1374.482 15.8223295211792 15.389954566955566 15.758571042519767
1374.502 15.762832641601562 15.389954566955566 15.69928606147909
1374.517 15.722822189331055 15.389954566955566 15.64820595019851
1374.532 15.673117637634277 15.389954566955566 15.604424887586108
1374.552 15.623611450195312 15.389954566955566 15.567090950499685
1374.567 15.549192428588867 15.389954566955566 15.535414507194407
1374.587 15.485862731933594 16.067384719848633 15.527490008519901
1374.602 15.480740547180176 16.067384719848633 15.536807861465944
1374.617 15.516766548156738 16.067384719848633 15.55822390354309
1374.632 15.543983459472656 16.067384719848633 15.587715424199
1374.652 15.637622833251953 16.067384719848633 15.622175162057802
1374.667 15.71959114074707 16.067384719848633 15.659238240464894
1374.682 15.765973091125488 16.067384719848633 15.697137516163316
1374.702 15.849018096923828 16.067384719848633 15.734583308806736
1374.717 15.914973258972168 16.067384719848633 15.770663944252178
1374.732 15.908553123474121 16.067384719848633 15.804763977081215
1374.752 15.894399642944336 16.067384719848633 15.836497354831488
1374.767 15.926896095275879 16.067384719848633 15.865653147003053
1374.782 15.932682991027832 12.630522727966309 15.851753379128018
1374.802 15.833096504211426 12.630522727966309 15.794798051206383
1374.817 15.703950881958008 12.630522727966309 15.694787163238148
1374.832 15.503755569458008 12.630522727966309 15.551720715223313
1374.852 15.188973426818848 12.630522727966309 15.368045365927836
1374.867 14.903436660766602 12.630522727966309 15.160369064882818
1374.882 14.64341926574707 12.630522727966309 14.941260868847161
1374.902 14.259427070617676 12.630522727966309 14.720046154317432
1374.917 14.044597625732422 12.630522727966309 14.50346662205375
1374.932 13.893510818481445 12.630522727966309 14.29622506909154
1374.952 13.728038787841797 12.630522727966309 14.101432444895707
1374.967 13.653305053710938 12.630522727966309 13.920972459590551
1374.982 13.613075256347656 12.630523681640625 13.755797002995338
1375.002 13.575982093811035 12.630523681640625 13.606163666022624
1375.022 13.532899856567383 12.630523681640625 13.471825329899165
1375.032 13.480066299438477 12.630523681640625 13.352180031662103
1375.052 13.373560905456543 12.630523681640625 13.246388224546424
1375.067 13.300416946411133 12.630523681640625 13.153463414144985
1375.082 13.201260566711426 12.630523681640625 13.072341196201236
1375.102 13.063685417175293 12.630523681640625 13.001930897855686
1375.117 12.970833778381348 12.630523681640625 12.94115331688861
1375.132 12.88228988647461 12.630523681640625 12.888967449547836
1375.152 12.770434379577637 12.630523681640625 12.84438858442296
1375.167 12.735877990722656 12.630523681640625 12.806499706045257
1375.182 12.70900821685791 12.630523681640625 12.774457787024442
1375.202 12.67609977722168 12.630523681640625 12.747496242188639
1375.217 12.69044303894043 15.796643257141113 12.763590257399436
1375.232 12.7581787109375 15.796643257141113 12.822739832656833
1375.252 12.85472583770752 15.796643257141113 12.92494496796083
1375.267 13.08322525024414 15.796643257141113 13.070205663311427
1375.282 13.341804504394531 15.796643257141113 13.250043545005598
1375.302 13.736656188964844 15.796643257141113 13.449666245833585
1375.317 14.047836303710938 15.796643257141113 13.657922991147052
1375.332 14.38203239440918 15.796643257141113 13.86658255801874
1375.352 14.552008628845215 15.796643257141113 14.069734713983518
1375.367 14.670653343200684 15.796643257141113 14.263296776180972
1375.382 14.78255844116211 15.796643257141113 14.444609213476124
1375.402 14.878499031066895 15.796643257141113 14.612106295988763
1375.417 14.896467208862305 15.796643257141113 14.765049677222974
1375.437 14.894858360290527 13.497088432312012 14.874937498410585
1375.452 14.894062995910645 13.497088432312012 14.941769759551596
1375.467 14.857110977172852 13.497088432312012 14.965546460646006
1375.482 14.7879056930542 13.497088432312012 14.946267601693817
1375.502 14.605459213256836 13.497088432312012 14.892196105270104
1375.517 14.546953201293945 13.497088432312012 14.814691872007703
1375.532 14.40145206451416 13.497088432312012 14.72254707328347
1375.552 14.30527114868164 13.497088432312012 14.622469447537261
1375.567 14.225820541381836 13.497088432312012 14.519486563547666
1375.582 14.179695129394531 13.497088432312012 14.417282213824675
1375.607 14.132261276245117 13.497088432312012 14.31847482365857
1375.622 14.105890274047852 13.497088432312012 14.224846571137832
1375.632 14.0880708694458 10.657233238220215 14.088162758570492
1375.652 13.971765518188477 10.657233238220215 13.908423385956553
1375.667 13.774452209472656 10.657233238220215 13.689299324715295
1375.687 13.681827545166016 10.657233238220215 13.4480363506536
1375.702 13.15523624420166 10.657233238220215 13.197608906042948
1375.717 12.765122413635254 10.657233238220215 12.947569909639082
1375.732 12.411155700683594 10.657233238220215 12.704754829513368
1375.752 12.069305419921875 10.657233238220215 12.473861753320616
1375.767 11.692280769348145 10.657233238220215 12.257926477000227
1375.782 11.527159690856934 10.657233238220215 12.058709159779673
1375.802 11.421381950378418 10.657233238220215 11.877006861278085
1375.817 11.438018798828125 10.657233238220215 11.712904279195564
1375.832 11.434825897216797 10.657233238220215 11.565973232486632
1375.852 11.451223373413086 8.783186912536621 11.383373023121505
1375.867 11.454886436462402 8.783186912536621 11.180282142946849
1375.882 11.286945343017578 8.783186912536621 10.968147696254784
1375.902 10.817686080932617 8.783186912536621 10.75542465115942
1375.917 10.651921272277832 8.783186912536621 10.54818875130828
1375.932 10.333102226257324 8.783186912536621 10.350641858841847
1375.952 9.931549072265625 8.783186912536621 10.165526169109954
1375.967 9.654692649841309 8.783186912536621 9.9944616108497
1375.982 9.520286560058594 8.783186912536621 9.838218823717146
1376.002 9.357495307922363 8.783186912536621 9.696938383546808
1376.017 9.255884170532227 8.783186912536621 9.570305415559046
1376.032 9.266362190246582 8.783186912536621 9.457687385230034
1376.052 9.27888298034668 8.783186912536621 9.358241672295918
1376.067 9.27888298034668 8.783186912536621 9.270998501169803
1376.082 9.307723999023438 8.783186912536621 9.194923906498726
1376.102 9.340826988220215 7.970732688903809 9.106398466295051
1376.117 9.270644187927246 7.970732688903809 9.011408960572489
1376.132 9.192479133605957 7.970732688903809 8.91442547231332
1376.152 8.895263671875 7.970732688903809 8.818706949331697
1376.167 8.7221097946167 7.970732688903809 8.726553832918228
1376.182 8.568854331970215 7.970732688903809 8.639515733548857
1376.202 8.383026123046875 7.970732688903809 8.558561121553508
1376.217 8.196735382080078 7.970732688903809 8.484215081542969
1376.232 8.180191040039062 7.970732688903809 8.416670352684038
1376.252 8.123113632202148 7.970732688903809 8.355876139380602
1376.267 8.135700225830078 7.970732688903809 8.301608523782317
1376.282 8.18453598022461 7.970732688903809 8.25352573703347
1376.302 8.230377197265625 7.970732688903809 8.211211043973226
1376.317 8.281855583190918 7.970732688903809 8.174205559567742
1376.332 8.266768455505371 7.970732688903809 8.142032938182647
1376.352 8.26673698425293 7.970732688903809 8.114217552577998
1376.367 8.222651481628418 7.970732688903809 8.090297502232337
1376.382 8.182984352111816 7.970732688903809 8.069833554676965
1376.402 8.113852500915527 7.970732688903809 8.05241492378384
1376.417 8.066727638244629 7.970732688903809 8.0376626206956
1376.432 7.995142936706543 7.970732688903809 8.02523097206777
1376.452 7.968291282653809 7.559166431427002 8.003375385477776
1376.467 7.938701629638672 7.559166431427002 7.975373076511645
1376.482 7.878348350524902 7.559166431427002 7.943743458596975
1376.502 7.8031768798828125 7.559166431427002 7.9103928699120605
1376.517 7.815461158752441 7.559166431427002 7.876735324205114
1376.532 7.772013187408447 7.559166431427002 7.843792724559629
1376.552 7.762895107269287 7.559166431427002 7.812277575222116
1376.567 7.743576526641846 7.559166431427002 7.782660852823801
1376.582 7.731876850128174 7.559166431427002 7.7552273565229575
1376.607 7.705653667449951 7.559166431427002 7.730120547203106
1376.622 7.6982831954956055 7.559166431427002 7.70737860829466
1376.637 7.702402114868164 7.559166431427002 7.686963213737237
1376.657 7.700440406799316 7.559166431427002 7.668782270282748
1376.672 7.688963413238525 7.559166431427002 7.652707709678759
1376.687 7.6644768714904785 7.559166431427002 7.638589239038742
1376.702 7.642714977264404 7.559166431427002 7.626264812624909
1376.722 7.652282238006592 7.559166431427002 7.615568463093868
1376.737 7.613587379455566 7.559166431427002 7.6063360228227355
1376.752 7.582513332366943 7.559166431427002 7.598409174200521
1376.772 7.573610305786133 7.559166431427002 7.591638189836545
1376.782 7.573610305786133 7.559166431427002 7.585883657759178
1376.802 7.553789138793945 7.559166431427002 7.581017431268794
1376.817 7.549251079559326 7.559166431427002 7.576922996741454
1376.832 7.571855545043945 7.559166431427002 7.573495414080514
1376.852 7.5513739585876465 7.559166431427002 7.570640952553374
1376.867 7.571249008178711 7.559166431427002 7.568276518436569
1376.882 7.580178260803223 7.559166431427002 7.566328949355581
1376.902 7.582233905792236 7.559166431427002 7.564734232690883
1376.917 7.55874490737915 7.559166431427002 7.56343669127573
1376.932 7.579741954803467 7.559166431427002 7.56238816827254
1376.952 7.557821273803711 7.559166431427002 7.5615472341029255
1376.972 7.57223653793335 7.559166431427002 7.560878431212566
1376.982 7.581358909606934 7.559166431427002 7.560351566929798
1377.002 7.571740627288818 7.559166431427002 7.559941060434199
1377.017 7.595715045928955 7.559166431427002 7.559625346643753
1377.032 7.563541412353516 7.559166431427002 7.559386337452359
1377.052 7.563425064086914 7.559166431427002 7.5592089390340504
1377.067 7.578868389129639 7.559166431427002 7.559080622736565
1377.082 7.543822288513184 7.559166431427002 7.558991046300246
1377.102 7.530491828918457 7.559166431427002 7.558931721665126
1377.117 7.533890724182129 7.559166431427002 7.558895725393787
1377.132 7.528599739074707 7.559166431427002 7.558877447679345
1377.152 7.537421226501465 7.559166431427002 7.558872375978092
1377.167 7.552057266235352 7.559166431427002 7.5588769094667025
1377.182 7.5801591873168945 7.559166431427002 7.55888820074432
1377.202 7.5635085105896 7.559166431427002 7.558904021457327
1377.217 7.557905673980713 7.559166431427002 7.558922648801332
1377.232 7.567821979522705 7.559166431427002 7.558942770137902
1377.252 7.567449569702148 7.559166431427002 7.558963403243047
1377.267 7.573652267456055 11.057500839233398 7.602039596394793
1377.282 7.605381965637207 11.057500839233398 7.688171349593138
1377.302 7.746669292449951 11.057500839233398 7.817358662838084
1377.317 7.901029109954834 11.057500839233398 7.989601536129629
1377.332 8.24796199798584 11.057500839233398 8.198261693418635
1377.352 8.779911041259766 11.057500839233398 8.427224787616185
1377.367 8.877592086791992 11.057500839233398 8.664378233018166
1377.382 9.284120559692383 11.057500839233398 8.900813833602877
1377.402 9.680632591247559 11.057500839233398 9.130167322488962
1377.417 9.861262321472168 11.057500839233398 9.348074367184308
1377.432 10.01352596282959 11.057500839233398 9.551725152950302
1377.452 10.098097801208496 11.057500839233398 9.73950198649958
1377.467 10.124248504638672 11.057500839233398 9.910686464163225
1377.482 10.136258125305176 11.057500839233398 10.06522462881181
1377.502 10.142992973327637 11.057500839233398 10.203540208802023
1377.517 10.188860893249512 11.057500839233398 10.326387503515189
1377.532 10.229904174804688 11.057500839233398 10.434736768799292
1377.552 10.348254203796387 11.057500839233398 10.529686077746087
1377.567 10.348254203796387 11.057500839233398 10.612394603769966
1377.582 10.559590339660645 11.057500839233398 10.684033109584108
1377.602 10.766812324523926 13.36890983581543 10.798727175444851
1377.617 10.971501350402832 13.36890983581543 10.952318557851926
1377.632 11.187612533569336 13.36890983581543 11.129519922141647
1377.652 11.466716766357422 13.36890983581543 11.318719512465789
1377.667 11.815016746520996 13.36890983581543 11.511262286546767
1377.682 11.981046676635742 13.36890983581543 11.700852597988389
1377.702 12.189497947692871 13.36890983581543 11.883060579826061
1377.717 12.420635223388672 13.36890983581543 12.054916558866562
1377.732 12.515193939208984 13.36890983581543 12.214579825028547
1377.757 12.635119438171387 13.36890983581543 12.361069889285098
1377.767 12.689199447631836 13.36890983581543 12.494049990161395
1377.782 12.741436004638672 13.36890983581543 12.613654058738502
1377.802 12.719069480895996 13.36890983581543 12.720349635447382
1377.817 12.745800971984863 13.36890983581543 12.814830360179279
1377.832 12.741726875305176 13.36890983581543 12.897932642991863
1377.852 12.805529594421387 16.498836517333984 13.024090485851048
1377.867 12.92796802520752 16.498836517333984 13.193303888756832
1377.882 13.108226776123047 16.498836517333984 13.405572851709216
1377.902 13.492960929870605 16.498836517333984 13.643622938362766
1377.917 13.819684982299805 16.498836517333984 13.893536993524403
1377.932 14.124520301818848 16.498836517333984 14.14501150146292
1377.952 14.54391098022461 16.498836517333984 14.390618930141548
1377.967 14.862366676330566 16.498836517333984 14.62519918948458
1377.982 15.187423706054688 16.498836517333984 14.84536052530528
1378.002 15.733885765075684 16.498836517333984 15.049072706181786
1378.017 15.904666900634766 16.498836517333984 15.235337653976762
1378.032 16.04726791381836 16.498836517333984 15.403924724787128
1378.052 16.062896728515625 19.30722427368164 15.615567355644094
1378.067 16.113605499267578 19.30722427368164 15.869790607494908
1378.082 16.13178253173828 19.30722427368164 16.14746821269631
1378.102 16.384933471679688 19.30722427368164 16.43424150317001
1378.117 16.654510498046875 19.30722427368164 16.719567442388158
1378.132 17.068622589111328 19.30722427368164 16.995930391867326
1378.152 17.377653121948242 19.30722427368164 17.25819311610195
1378.167 17.66347885131836 19.30722427368164 17.503065602686597
1378.182 17.850801467895508 19.30722427368164 17.728673071653326
1378.202 18.236698150634766 19.30722427368164 17.934207070153573
1378.217 18.424734115600586 19.30722427368164 18.119645803451156
1378.232 18.535085678100586 17.532644271850586 18.26202897670214
1378.252 18.5720272064209 17.532644271850586 18.361356589906524
1378.267 18.526256561279297 17.532644271850586 18.417628643064308
1378.282 18.41181182861328 17.532644271850586 18.43337404523128
1378.302 18.264007568359375 17.532644271850586 18.419637975792323
1378.317 18.140262603759766 17.532644271850586 18.38515507632898
1378.332 18.038597106933594 17.532644271850586 18.33676147407308
1378.352 17.892498016357422 17.532644271850586 18.279742801890947
1378.367 17.84111785888672 17.532644271850586 18.218126681892738
1378.382 17.83936309814453 17.532644271850586 18.154927283428314
1378.402 17.870542526245117 15.125027656555176 18.04867232491729
1378.417 17.86058807373047 15.125027656555176 17.899361806359668
1378.432 17.747892379760742 15.125027656555176 17.715291091400005
1378.452 17.520450592041016 15.125027656555176 17.511421978814745
1378.467 17.190975189208984 15.125027656555176 17.299027046386218
1378.482 17.048654556274414 15.125027656555176 17.08642180304553
1378.502 16.67544937133789 15.125027656555176 16.879571538707484
1378.517 16.44610023498535 15.125027656555176 16.682591517178356
1378.532 16.252269744873047 15.125027656555176 16.498156837351868
1378.552 16.04144287109375 15.125027656555176 16.32783617164535
1378.567 15.915006637573242 15.125027656555176 16.172361679279373
1378.582 15.847990989685059 15.125027656555176 16.031845680604263
1378.602 15.816929817199707 15.125027656555176 15.90595315811246
1378.617 15.758343696594238 15.125027656555176 15.794037808214364
1378.632 15.739693641662598 15.125027656555176 15.695248191845545
1378.652 15.679591178894043 15.125027656555176 15.608609507275231
1378.667 15.63524055480957 15.125027656555176 15.533085620692276
1378.682 15.610538482666016 15.125027656555176 15.467625225126595
1378.702 15.514902114868164 15.125027656555176 15.41119534248552
1378.717 15.400359153747559 15.125027656555176 15.362804824210505
1378.732 15.386250495910645 15.125027656555176 15.321520031482436
1378.752 15.295856475830078 15.125027656555176 15.286474475208967
1378.767 15.23548412322998 17.88343620300293 15.294484478982099
1378.782 15.248692512512207 17.88343620300293 15.34555004280183
1378.802 15.355743408203125 17.88343620300293 15.439671166668163
1378.817 15.529303550720215 17.88343620300293 15.575007006582634
1378.832 15.7586030960083 17.88343620300293 15.736120729777268
1378.852 16.124418258666992 17.88343620300293 15.911233220608427
1378.867 16.395174026489258 17.88343620300293 16.09151392500844
1378.882 16.61728286743164 17.88343620300293 16.27049071785629
1378.902 16.880884170532227 17.88343620300293 16.443561462680012
1378.917 17.02505111694336 17.88343620300293 16.60759201864937
1378.932 17.104461669921875 17.88343620300293 16.76058736793227
1378.952 17.135210037231445 19.413772583007812 16.94393362965266
1378.967 17.18904685974121 19.413772583007812 17.143938425925725
1378.982 17.31631851196289 19.413772583007812 17.350326149017185
1379.002 17.541767120361328 19.413772583007812 17.555555309994745
1379.017 17.731050491333008 19.413772583007812 17.754253357519335
1379.032 17.952096939086914 19.413772583007812 17.94275138304774
1379.052 18.09026527404785 19.413772583007812 18.118703336152095
1379.067 18.422435760498047 19.413772583007812 18.280776382775233
1379.082 18.607887268066406 19.413772583007812 18.42840085041612
1379.102 18.766414642333984 21.552968978881836 18.61908087810361
1379.117 18.941892623901367 21.552968978881836 18.837231795317706
1379.132 19.150413513183594 21.552968978881836 19.069010434620797
1379.152 19.471893310546875 21.552968978881836 19.304117311678525
1379.167 19.712509155273438 21.552968978881836 19.535078678478417
1379.182 19.956172943115234 21.552968978881836 19.756653502130032
1379.202 20.31655502319336 21.552968978881836 19.965346446476207
1379.217 20.415990829467773 21.552968978881836 20.15901035067399
1379.232 20.507570266723633 21.552968978881836 20.336523889531996
1379.252 20.675588607788086 24.08243179321289 20.5570929884366
1379.267 20.851593017578125 24.08243179321289 20.813093594183826
1379.282 21.01259994506836 24.08243179321289 21.08737565063219
1379.302 21.38918113708496 24.08243179321289 21.36714046633905
1379.317 21.687536239624023 24.08243179321289 21.64306334707546
1379.332 21.988962173461914 24.08243179321289 21.908568315875456
1379.352 22.472166061401367 24.08243179321289 22.159231975816784
1379.367 22.651975631713867 24.08243179321289 22.392296484459614
1379.382 22.86848258972168 24.08243179321289 22.606274253460988
1379.402 23.12957763671875 24.70672607421875 22.817970874745914
1379.417 23.271957397460938 24.70672607421875 23.02215221121869
1379.432 23.39020538330078 24.70672607421875 23.21527588930463
1379.452 23.5557804107666 24.70672607421875 23.395110365203667
1379.467 23.67776107788086 24.70672607421875 23.56042551043577
1379.482 23.717060089111328 24.70672607421875 23.71074304772457
1379.502 23.834449768066406 24.70672607421875 23.846136811959838
1379.517 23.933673858642578 26.13385772705078 24.00671681748659
1379.532 24.064950942993164 26.13385772705078 24.180886406059052
1379.552 24.333377838134766 26.13385772705078 24.359957150981796
1379.567 24.559263229370117 26.13385772705078 24.53756620333867
1379.582 24.780420303344727 26.13385772705078 24.709194124075967
1379.607 25.123153686523438 26.13385772705078 24.871768124500967
1379.617 25.29327392578125 26.13385772705078 25.023337537241975
1379.632 25.378767013549805 26.13385772705078 25.162810067067877
1379.652 25.525955200195312 27.788034439086914 25.335688284877993
1379.667 25.587581634521484 27.788034439086914 25.52770507203197
1379.682 25.74712371826172 27.788034439086914 25.72810403340005
1379.702 26.02676010131836 27.788034439086914 25.928943581101283
1379.717 26.178115844726562 27.788034439086914 26.124520005427804
1379.732 26.445636749267578 27.788034439086914 26.310891845726704
1379.757 26.751028060913086 27.19113540649414 26.468909541092014
1379.767 26.851476669311523 27.19113540649414 26.60221738545591
1379.782 26.896392822265625 27.19113540649414 26.7141135075709
1379.802 26.932876586914062 27.19113540649414 26.80755633645206
1379.817 26.91990089416504 27.19113540649414 26.885178671048656
1379.832 26.903589248657227 27.19113540649414 26.949306808789174
1379.852 26.871360778808594 27.19113540649414 27.001982768303638
1379.867 26.87698745727539 24.67778205871582 27.0116031677715
1379.882 26.865203857421875 24.67778205871582 26.978168007192764
1379.902 26.789037704467773 24.67778205871582 26.901677286567427
1379.917 26.67547607421875 24.67778205871582 26.785084064032294
1379.932 26.517192840576172 24.67778205871582 26.642989416684866
1379.952 26.263181686401367 24.67778205871582 26.486565822547934
1379.967 26.06244659423828 24.67778205871582 26.324218250380632
1379.982 25.891639709472656 21.86894989013672 26.11881511816673
1380.002 25.723987579345703 21.86894989013672 25.870356425906227
1380.017 25.249792098999023 21.86894989013672 25.581144173647985
1380.032 25.078344345092773 21.86894989013672 25.270758878505394
1380.052 24.629222869873047 21.86894989013672 24.953821384261843
1380.067 24.30549430847168 21.86894989013672 24.64099196762895
1380.082 24.01496696472168 21.86894989013672 24.339796380146975
1380.102 23.687028884887695 18.832393646240234 23.9955452326184
1380.122 23.420013427734375 18.832393646240234 23.648878547871657
1380.132 23.080142974853516 18.832393646240234 23.302211863124914
1380.152 22.577287673950195 18.832393646240234 22.95554517837817
1380.167 22.196250915527344 18.832393646240234 22.608878493631426
1380.182 21.8582763671875 18.832393646240234 22.262211808884683
1380.202 21.36452293395996 18.832393646240234 21.91554512413794
1380.217 21.25723648071289 18.832393646240234 21.568878439391195
1380.232 21.048564910888672 16.291866302490234 21.22221175464445
1380.252 20.612333297729492 16.291866302490234 20.875545069897708
1380.267 20.43712043762207 16.291866302490234 20.528878385150964
1380.282 20.11741065979004 16.291866302490234 20.18221170040422
1380.302 19.614986419677734 16.291866302490234 19.835545015657477
1380.317 19.304306030273438 16.291866302490234 19.488878330910733
1380.332 18.987768173217773 16.291866302490234 19.14221164616399
1380.352 18.611114501953125 16.291866302490234 18.796198140056212
1380.367 18.331645965576172 16.291866302490234 18.47865701860345
1380.382 18.106525421142578 16.291866302490234 18.19034169335979
1380.402 17.827585220336914 14.600948333740234 17.88401033302831
1380.417 17.561573028564453 14.600948333740234 17.573276686491344
1380.432 17.283157348632812 14.600948333740234 17.26801955932075
1380.452 16.872478485107422 14.600948333740234 16.975166636476555
1380.467 16.634342193603516 14.600948333740234 16.699338197477182
1380.482 16.27216911315918 14.600948333740234 16.443372540197544
1380.502 15.890097618103027 14.600948333740234 16.208752034078504
1380.517 15.719602584838867 14.600948333740234 15.995946122936695
1380.532 15.571154594421387 14.600948333740234 15.80468528046564
1380.552 15.438736915588379 13.588811874389648 15.606062967376262
1380.567 15.34585189819336 13.588811874389648 15.407682220836072
1380.582 15.226877212524414 13.588811874389648 15.214985173853478
1380.602 14.996245384216309 13.588811874389648 15.031714141111019
1380.617 14.877197265625 13.588811874389648 14.860289280986343
1380.632 14.715456008911133 13.588811874389648 14.702115979896188
1380.652 14.50949478149414 13.588811874389648 14.557833332517978
1380.667 14.385110855102539 13.588811874389648 14.42751350516218
1380.682 14.258503913879395 13.588811874389648 14.310820360864705
1380.702 14.12403392791748 13.588811874389648 14.2071344824596
1380.717 14.010153770446777 13.588811874389648 14.11565064134127
1380.732 13.998676300048828 13.588811874389648 14.035452811505401
1380.752 13.93850326538086 13.588811874389648 13.965571007316331
1380.767 13.906288146972656 13.588811874389648 13.905023516118314
1380.782 13.856308937072754 13.588811874389648 13.85284749069022
1380.802 13.82927417755127 13.588811874389648 13.808120349797711
1380.817 13.801178932189941 13.588811874389648 13.769973996755576
1380.837 13.761581420898438 13.588811874389648 13.737603495937329
1380.852 13.746183395385742 13.588811874389648 13.71027153646626
1380.867 13.716530799865723 13.588811874389648 13.687309752728494
1380.882 13.709587097167969 13.588811874389648 13.668117755594261
1380.902 13.681520462036133 13.588811874389648 13.652160549890638
1380.922 13.649252891540527 13.588811874389648 13.638964867091374
1380.932 13.641737937927246 13.588811874389648 13.628114822448753
1380.952 13.623927116394043 14.343828201293945 13.640219886545758
1380.967 13.618592262268066 14.343828201293945 13.668439859751409
1380.982 13.679949760437012 14.343828201293945 13.707424962687092
1381.002 13.764745712280273 14.343828201293945 13.753042155464609
1381.017 13.866121292114258 14.343828201293945 13.80214520148811
1381.032 13.936594009399414 14.343828201293945 13.85238246864346
1381.052 14.028457641601562 14.343828201293945 13.902037114471115
1381.067 14.087051391601562 14.343828201293945 13.949894919161222
1381.082 14.108471870422363 14.343828201293945 13.995135604127027
1381.107 14.141170501708984 14.343828201293945 14.037244000837843
1381.117 14.125370025634766 14.343828201293945 14.075937913203784
1381.132 14.142391204833984 14.343828201293945 14.111109947495189
1381.152 14.144403457641602 17.002717971801758 14.189337541833194
1381.167 14.13470458984375 17.002717971801758 14.310620696217798
1381.182 14.263733863830566 17.002717971801758 14.472320776078776
1381.202 14.531155586242676 17.002717971801758 14.658494649247038
1381.217 14.948893547058105 17.002717971801758 14.857036576907543
1381.232 15.166977882385254 17.002717971801758 15.058927222650006
1381.252 15.688582420349121 17.002717971801758 15.257609708890573
1381.267 15.953680038452148 17.002717971801758 15.448474055675389
1381.282 16.156078338623047 17.002717971801758 15.628433614668737
1381.307 16.337703704833984 17.002717971801758 15.795579198745878
1381.317 16.42203140258789 17.002717971801758 15.948898500947095
1381.332 16.400407791137695 17.002717971801758 16.08805009805839
1381.352 16.310266494750977 14.370231628417969 16.184146135123083
1381.367 16.20126724243164 14.370231628417969 16.237186612141176
1381.382 16.08057403564453 14.370231628417969 16.24717152911267
1381.402 15.891063690185547 14.370231628417969 16.214100886037563
1381.417 15.777610778808594 14.370231628417969 16.13918166315714
1381.432 15.623514175415039 14.370231628417969 16.03635204844283
1381.452 15.451107025146484 14.370231628417969 15.916376365144453
1381.467 15.375470161437988 14.370231628417969 15.787445324497886
1381.482 15.312129974365234 14.370231628417969 15.655677696053425
1381.502 15.250481605529785 14.370231628417969 15.52553739201208
1381.517 15.225286483764648 14.370231628417969 15.400178345924921
1381.532 15.206732749938965 14.370231628417969 15.281728064055477
1381.552 15.167837142944336 11.541003227233887 15.120222222139432
1381.567 15.140909194946289 11.541003227233887 14.915660820176788
1381.582 14.871111869812012 11.541003227233887 14.675317986655607
1381.602 14.407310485839844 11.541003227233887 14.416007984895963
1381.617 14.162967681884766 11.541003227233887 14.150307902534802
1381.632 13.787256240844727 11.541003227233887 13.887408821116868
1381.652 13.171165466308594 11.541003227233887 13.633819876690199
1381.667 12.842013359069824 11.541003227233887 13.39394733504964
1381.682 12.620647430419922 11.541003227233887 13.170568008721474
1381.702 12.427091598510742 11.541003227233887 12.96521380172426
1381.722 12.37120246887207 11.541003227233887 12.778481880770576
1381.732 12.372424125671387 11.541003227233887 12.610282929551554
1381.752 12.405982971191406 11.541003227233887 12.46003813327861
1381.767 12.407740592956543 11.506044387817383 12.325862869142874
1381.782 12.408716201782227 11.506044387817383 12.206931193860546
1381.802 12.360467910766602 11.506044387817383 12.102227748355903
1381.817 12.278360366821289 11.506044387817383 12.010629629993518
1381.832 12.166634559631348 11.506044387817383 11.930968054998228
1381.852 11.983073234558105 11.506044387817383 11.862073824331434
1381.867 11.870721817016602 11.506044387817383 11.802809919103534
1381.882 11.809134483337402 11.506044387817383 11.752093966725916
1381.907 11.632431030273438 11.506044387817383 11.708912823699897
1381.917 11.508997917175293 11.506044387817383 11.672331103584801
1381.932 11.462972640991211 11.506044387817383 11.641495128789758
1381.952 11.483022689819336 11.506044387817383 11.615633493000614
1381.967 11.515519142150879 11.506044387817383 11.594055178939042
1381.982 11.526498794555664 11.506044387817383 11.576145976394281
1382.002 11.571391105651855 11.506044387817383 11.56136378161604
1382.017 11.58848762512207 15.27086067199707 11.589637146884398
1382.032 11.63932991027832 15.27086067199707 11.660966072199356
1382.052 11.800616264343262 15.27086067199707 11.775350557560914
1382.072 12.008155822753906 15.27086067199707 11.932790602969073
1382.082 12.229181289672852 15.27086067199707 12.133286208423831
1382.102 12.675827026367188 15.27086067199707 12.364129578005015
1382.117 12.989627838134766 15.27086067199707 12.610309861604465
1382.132 13.28084659576416 15.27086067199707 12.860643258099316
1382.152 13.64509105682373 15.27086067199707 13.106999345924315
1382.167 13.81767749786377 15.27086067199707 13.34366180388575
1382.182 13.978302001953125 15.27086067199707 13.566803202736894
1382.202 14.095861434936523 15.27086067199707 13.774056136588612
1382.217 14.1705961227417 15.27086067199707 13.964165310884697
1382.232 14.205409049987793 15.27086067199707 14.136707313471298
1382.252 14.238704681396484 15.27086067199707 14.291866676020579
1382.267 14.2901029586792 15.27086067199707 14.430258497390707
1382.282 14.374919891357422 15.27086067199707 14.552789363502285
1382.302 14.514260292053223 15.27086067199707 14.660549576388153
1382.317 14.627542495727539 15.27086067199707 14.75473081512147
1382.332 14.73353385925293 15.27086067199707 14.836564310119524
1382.352 14.880621910095215 15.27086067199707 14.907275436080493
1382.367 14.947301864624023 15.27086067199707 14.968051332914332
1382.382 15.080235481262207 15.27086067199707 15.020018762821282
1382.402 15.188677787780762 15.27086067199707 15.064229918357247
1382.417 15.214738845825195 15.27086067199707 15.101654322926745
1382.432 15.240436553955078 15.27086067199707 15.133175322501863
1382.452 15.214595794677734 15.529258728027344 15.166767689699363
1382.467 15.217669486999512 15.529258728027344 15.200911415587253
1382.482 15.204194068908691 15.529258728027344 15.234501844932627
1382.502 15.209944725036621 15.529258728027344 15.266762677518232
1382.517 15.226115226745605 15.529258728027344 15.297174498113685
1382.532 15.253973960876465 15.529258728027344 15.325416420594419
1382.557 15.362977981567383 15.529258728027344 15.351318751529817
1382.567 15.362977981567383 15.529258728027344 15.374824865957931
1382.582 15.386788368225098 15.529258728027344 15.395960744233456
1382.602 15.435554504394531 15.529258728027344 15.4148108455102
1382.617 15.461397171020508 12.47964859008789 15.390605386740344
1382.632 15.480981826782227 12.47964859008789 15.323344367923887
1382.652 15.339706420898438 12.47964859008789 15.213027789060831
1382.667 15.063705444335938 12.47964859008789 15.059655650151175
1382.682 14.717015266418457 12.47964859008789 14.878072082610661
1382.702 14.407552719116211 12.47964859008789 14.681314313481609
1382.717 14.15554141998291 12.47964859008789 14.479147194262016
1382.732 13.883055686950684 12.47964859008789 14.278719128121558
1382.757 13.550579071044922 12.47964859008789 14.085104830191193
1382.767 13.43404769897461 12.47964859008789 13.901751908214205
1382.782 13.354778289794922 12.47964859008789 13.730846109438342
1382.802 13.331191062927246 12.47964859008789 13.57360813256721
1382.817 13.316168785095215 10.650083541870117 13.379711893254056
1382.832 13.280119895935059 10.650083541870117 13.164929906941875
1382.852 13.049190521240234 10.650083541870117 12.941145969164458
1382.867 12.85185718536377 10.650083541870117 12.717126854112193
1382.887 12.480855941772461 10.650083541870117 12.499161949194745
1382.902 12.202664375305176 10.650083541870117 12.291590476108144
1382.917 11.953103065490723 10.650083541870117 12.097233503867235
1382.937 11.733047485351562 10.650083541870117 11.91774572905141
1382.952 11.480497360229492 10.650083541870117 11.753899984213223
1382.967 11.368324279785156 10.650083541870117 11.605815631792554
1382.982 11.294390678405762 10.650083541870117 11.47314039836784
1383.002 11.191460609436035 10.650083541870117 11.355193790197635
1383.017 11.162534713745117 10.650083541870117 11.251078991588654
1383.032 11.131840705871582 9.707723617553711 11.133592400373514
1383.052 11.097795486450195 9.707723617553711 11.009786208084607
1383.067 11.037604331970215 9.707723617553711 10.884890029708522
1383.082 10.923704147338867 9.707723617553711 10.762682033302838
1383.102 10.664713859558105 9.707723617553711 10.645795234190468
1383.117 10.509899139404297 9.707723617553711 10.535968815595913
1383.132 10.311649322509766 9.707723617553711 10.434253070436194
1383.152 10.171960830688477 9.707723617553711 10.341175412111852
1383.167 10.10064697265625 9.707723617553711 10.25687387333725
1383.182 10.036758422851562 9.707723617553711 10.181203596431608
1383.202 9.988649368286133 9.707723617553711 10.113821009426696
1383.217 9.97040843963623 9.707723617553711 10.054249672117992
1383.232 9.9801664352417 9.707723617553711 10.001931156518435
1383.252 9.966876983642578 9.707723617553711 9.9562637886215
1383.267 9.995525360107422 9.707723617553711 9.916631614609287
1383.282 9.969223976135254 9.707723617553711 9.882425556629334
1383.302 9.934294700622559 9.707723617553711 9.853058383435318
1383.317 9.915412902832031 9.380523681640625 9.818885944439012
1383.332 9.87559700012207 9.380523681640625 9.782218966204315
1383.357 9.726386070251465 9.380523681640625 9.74478276216506
1383.367 9.679394721984863 9.380523681640625 9.707835174309022
1383.382 9.64923095703125 9.380523681640625 9.672264083369011
1383.402 9.564737319946289 9.380523681640625 9.638667567827657
1383.417 9.506272315979004 9.380523681640625 9.607419401266322
1383.432 9.487574577331543 9.380523681640625 9.578722222823208
1383.452 9.481243133544922 9.380523681640625 9.552650396422582
1383.467 9.471802711486816 9.380523681640625 9.529184289755836
1383.482 9.49470043182373 9.380523681640625 9.508237451890823
1383.502 9.491795539855957 9.380523681640625 9.489677946631211
1383.517 9.516918182373047 9.380523681640625 9.473344904903403
1383.532 9.498173713684082 9.380523681640625 9.45906119099136
1383.552 9.498018264770508 9.380523681640625 9.446642931855942
1383.567 9.47824478149414 9.380523681640625 9.435906533628174
1383.582 9.462944984436035 9.380523681640625 9.426673702341246
1383.602 9.448156356811523 9.380523681640625 9.418774894902201
1383.617 9.420205116271973 9.380523681640625 9.4120515492084
1383.632 9.40824031829834 9.380523681640625 9.40635737737007
1383.652 9.368964195251465 9.380523681640625 9.401558951569406
1383.667 9.359068870544434 9.380523681640625 9.397535766701978
1383.687 9.349788665771484 9.380523681640625 9.394179926305442
1383.702 9.3460054397583 9.380523681640625 9.391395567235035
1383.717 9.343457221984863 9.380523681640625 9.389098113088819
1383.732 9.39554214477539 9.380523681640625 9.387213425641798
1383.752 9.39554214477539 9.380523681640625 9.385676906757645
1383.767 9.40426254272461 9.380523681640625 9.384432589756303
1383.782 9.415116310119629 9.089292526245117 9.375342493304375
1383.802 9.418998718261719 9.089292526245117 9.36088209106769
1383.817 9.385449409484863 9.089292526245117 9.342974647646427
1383.832 9.35211181640625 9.089292526245117 9.323094253796294
1383.852 9.301448822021484 9.089292526245117 9.302352145388065
1383.867 9.231294631958008 9.089292526245117 9.281568644630708
1383.882 9.238208770751953 9.089292526245117 9.261332798882787
1383.902 9.171863555908203 9.089292526245117 9.242051546101832
1383.917 9.141837120056152 9.089292526245117 9.223990008677324
1383.932 9.143120765686035 9.089292526245117 9.207304309998817
1383.952 9.135489463806152 9.089292526245117 9.192068120746248
1383.967 9.152642250061035 9.089292526245117 9.178293974084232
1383.982 9.170060157775879 9.089292526245117 9.165950239815476
1384.002 9.160109519958496 9.089292526245117 9.154974515950649
1384.017 9.181596755981445 9.089292526245117 9.145284080772024
1384.032 9.187437057495117 9.089292526245117 9.136783947915893
1384.052 9.125120162963867 9.089292526245117 9.129372979866146
1384.067 9.148506164550781 9.089292526245117 9.122948440156623
1384.082 9.14329719543457 9.089292526245117 9.117409300198009
1384.102 9.11501693725586 9.089292526245117 9.112658561729363
1384.117 9.09780216217041 9.089292526245117 9.108604809288105
1384.132 9.11694622039795 9.089292526245117 9.105163167735732
1384.152 9.083255767822266 9.089292526245117 9.102255806808888
1384.167 9.095796585083008 9.089292526245117 9.09981210702328
1384.182 9.093999862670898 9.089292526245117 9.097768578272053
1384.202 9.085663795471191 9.089292526245117 9.096068603449675
1384.217 9.088163375854492 9.089292526245117 9.094662063798998
1384.232 9.095911979675293 9.089292526245117 9.093504889900299
1384.252 9.08053207397461 9.089292526245117 9.092558571842925
1384.267 9.080007553100586 9.089292526245117 9.091789653750833
1384.282 9.078400611877441 9.089292526245117 9.091169231136025
1384.302 9.1029691696167 10.244174003601074 9.122752508624936
1384.317 9.174840927124023 10.244174003601074 9.176537790690547
1384.332 9.197132110595703 10.244174003601074 9.244740473272609
1384.352 9.367527961730957 10.244174003601074 9.32138110685352
1384.367 9.492547988891602 10.244174003601074 9.401940031815165
1384.382 9.616556167602539 10.244174003601074 9.483069317392754
1384.402 9.787425994873047 10.244174003601074 9.562353769902227
1384.417 9.855719566345215 10.244174003601074 9.638113745940716
1384.432 9.885355949401855 10.244174003601074 9.709243403228722
1384.452 9.909281730651855 10.244174003601074 9.775078841460989
1384.467 9.909673690795898 10.244174003601074 9.835291327084333
1384.482 9.910210609436035 10.244174003601074 9.889801460868153
1384.502 9.891461372375488 10.244174003601074 9.93871073871042
1384.517 9.931323051452637 10.244174003601074 9.98224747868445
1384.532 9.941227912902832 10.244174003601074 10.020724545917988
1384.552 9.978790283203125 10.244174003601074 10.0545067068943
1384.567 10.011245727539062 10.244174003601074 10.083985791663975
1384.582 10.059407234191895 10.244174003601074 10.109562141664577
1384.602 10.098091125488281 10.24417495727539 10.13163110405518
1384.617 10.150604248046875 10.24417495727539 10.150573411913427
1384.632 10.193307876586914 10.24417495727539 10.166748775463187
1384.657 10.240038871765137 10.24417495727539 10.180491846598391
1384.667 10.259960174560547 10.24417495727539 10.192110022856642
1384.682 10.265046119689941 10.24417495727539 10.20188263066586
1384.702 10.229469299316406 10.24417495727539 10.210061119757528
1384.717 10.222997665405273 10.24417495727539 10.216869976848932
1384.732 10.233038902282715 10.24417495727539 10.22250812942145
1384.752 10.197819709777832 10.24417495727539 10.227150661740495
1384.767 10.199660301208496 10.24417495727539 10.230950706981394
1384.782 10.20079231262207 10.24417495727539 10.234041413005478
1384.802 10.2164306640625 10.24417495727539 10.236537906313927
1384.817 10.206236839294434 10.24417495727539 10.238539200141371
1384.832 10.236204147338867 10.24417495727539 10.24013000951374
1384.852 10.240068435668945 10.24417495727539 10.241382449212196
1384.867 10.26736831665039 10.24417495727539 10.242357600654096
1384.882 10.236661911010742 12.219648361206055 10.286388312142595
1384.902 10.26822566986084 12.219648361206055 10.37164532835644
1384.917 10.421104431152344 12.219648361206055 10.48407961165017
1384.937 10.660520553588867 12.219648361206055 10.612867761087843
1384.952 10.891379356384277 12.219648361206055 10.7497987320517
1384.967 11.088407516479492 12.219648361206055 10.888761753176581
1384.982 11.301009178161621 12.219648361206055 11.025320992564064
1385.002 11.404245376586914 12.219648361206055 11.15636420914105
1385.017 11.633587837219238 12.219648361206055 11.279814186389636
1385.032 11.710349082946777 12.219648361206055 11.39439317583937
1385.057 11.729360580444336 12.219648361206055 11.499431874125424
1385.067 11.738018989562988 12.219648361206055 11.594715621961749
1385.082 11.732921600341797 12.219648361206055 11.680361551070604
1385.102 11.692689895629883 12.219648361206055 11.756721323066014
1385.117 11.688389778137207 12.219648361206055 11.824304910935108
1385.132 11.710688591003418 12.219648361206055 11.883721578228958
1385.152 11.805561065673828 12.219648361206055 11.935634822745357
1385.167 11.871841430664062 13.605778694152832 12.019232204037683
1385.182 11.95704460144043 13.605778694152832 12.123214399828669
1385.202 12.18584156036377 13.605778694152832 12.238917317746989
1385.217 12.394131660461426 13.605778694152832 12.359806116072617
1385.232 12.562777519226074 13.605778694152832 12.48105343942087
1385.252 12.892641067504883 13.605778694152832 12.599189724141281
1385.267 13.051440238952637 13.605778694152832 12.711814867417626
1385.282 13.120226860046387 13.605778694152832 12.817361882878716
1385.302 13.20956802368164 13.605778694152832 12.914904378330396
1385.317 13.24783706665039 13.605778694152832 13.004000787181779
1385.332 13.227112770080566 13.605778694152832 13.084569266923733
1385.352 13.223381042480469 13.605778694152832 13.156788050703671
1385.367 13.172778129577637 13.605778694152832 13.221016808297744
1385.382 13.142583847045898 13.605778694152832 13.27773524823519
1385.402 13.132970809936523 13.605778694152832 13.327495781578213
1385.417 13.16556167602539 13.605778694152832 13.370887578116562
1385.432 13.22704792022705 13.605778694152832 13.408509785564993
1385.452 13.320863723754883 13.605778694152832 13.440952059490554
1385.467 13.44206428527832 13.605778694152832 13.468780873431557
1385.482 13.562097549438477 13.605778694152832 13.492530351761696
1385.502 13.58963680267334 13.605778694152832 13.512696598497458
1385.517 13.643505096435547 13.605778694152832 13.529734689064663
1385.532 13.665581703186035 13.605778694152832 13.54405765408106
1385.557 13.64197826385498 13.605778694152832 13.556036918978654
1385.567 13.61417007446289 13.605778694152832 13.566003774766097
1385.582 13.616692543029785 13.605778694152832 13.574251546920252
1385.607 13.550775527954102 13.605778694152832 13.58103820435666
1385.617 13.540936470031738 15.778499603271484 13.63088042183967
1385.637 13.5598726272583 15.778499603271484 13.72377819936928
1385.652 13.785065650939941 15.778499603271484 13.847430539065705
1385.667 13.99397087097168 15.778499603271484 13.989688860288489
1385.682 14.155830383300781 15.778499603271484 14.141329847550738
1385.702 14.505851745605469 15.778499603271484 14.295482828583744
1385.717 14.730622291564941 15.778499603271484 14.447154044084439
1385.732 14.911276817321777 15.778499603271484 14.592833571231393
1385.752 15.064525604248047 15.778499603271484 14.730172401192748
1385.767 15.22629451751709 15.778499603271484 14.857718763730816
1385.782 15.262910842895508 15.778499603271484 14.97470423654239
1385.802 15.2583646774292 15.778499603271484 15.080871475066756
1385.817 15.249052047729492 17.650089263916016 15.22832516268593
1385.832 15.246284484863281 17.650089263916016 15.401271535351857
1385.852 15.446760177612305 17.650089263916016 15.587683598849425
1385.867 15.66122817993164 17.650089263916016 15.778567960495637
1385.882 15.886773109436035 17.650089263916016 15.967355125150151
1385.902 16.25667953491211 17.650089263916016 16.1493952102042
1385.917 16.510112762451172 17.650089263916016 16.321543218754222
1385.932 16.729110717773438 17.650089263916016 16.481820016330687
1385.952 16.90584945678711 17.650089263916016 16.62913697915445
1385.967 17.076162338256836 17.650089263916016 16.763073922313886
1385.982 17.14156150817871 17.650089263916016 16.883701380546885
1386.002 17.15355110168457 19.52824592590332 17.043610635531465
1386.017 17.179519653320312 19.52824592590332 17.227229920061312
1386.032 17.389612197875977 19.52824592590332 17.42274085586816
1386.052 17.706022262573242 19.52824592590332 17.621343281686684
1386.067 17.85015296936035 19.52824592590332 17.816644540675274
1386.082 18.129779815673828 19.52824592590332 18.004154927946743
1386.102 18.33286476135254 19.52824592590332 18.180873234857447
1386.117 18.500967025756836 19.52824592590332 18.34494837529842
1386.132 18.626291275024414 19.52824592590332 18.495404936690814
1386.152 18.81279945373535 19.52824592590332 18.631922167269465
1386.167 18.899341583251953 21.554973602294922 18.81095539549806
1386.182 19.072132110595703 21.554973602294922 19.015485275666876
1386.202 19.19679832458496 21.554973602294922 19.23260636986323
1386.217 19.485427856445312 21.554973602294922 19.452720025125373
1386.232 19.677648544311523 21.554973602294922 19.668864080267618
1386.252 20.137117385864258 21.554973602294922 19.8761592532246
1386.267 20.38271713256836 21.554973602294922 20.071354527563468
1386.282 20.621118545532227 21.554973602294922 20.252456116552064
1386.302 20.72368621826172 21.554973602294922 20.418426631029035
1386.317 20.75660514831543 18.720569610595703 20.541341585459406
1386.332 20.812631607055664 18.720569610595703 20.621200979843177
1386.352 20.75963592529297 18.720569610595703 20.658004814180348
1386.367 20.666217803955078 18.720569610595703 20.65175308847092
1386.382 20.465404510498047 18.720569610595703 20.60244580271489
1386.402 20.289844512939453 18.720569610595703 20.51483457119573
1386.422 20.141050338745117 18.720569610595703 20.402205824686174
1386.432 19.892215728759766 18.720569610595703 20.274776436088118
1386.452 19.64341926574707 18.720569610595703 20.14027962648673
1386.467 19.51548957824707 14.79170036315918 19.962727256838743
1386.482 19.425569534301758 14.79170036315918 19.742119327144156
1386.502 19.201631546020508 14.79170036315918 19.47845583740297
1386.517 19.007749557495117 14.79170036315918 19.17173678761518
1386.532 18.73276138305664 14.79170036315918 18.830253781984943
1386.552 18.226491928100586 14.79170036315918 18.4835870972382
1386.567 17.850339889526367 14.79170036315918 18.136920412491456
1386.582 17.49555015563965 14.79170036315918 17.790253727744712
1386.602 17.101634979248047 14.79170036315918 17.456319014704313
1386.617 16.80157470703125 14.79170036315918 17.142981949474173
1386.632 16.4424991607666 11.701061248779297 16.79631526472743
1386.652 16.080114364624023 11.701061248779297 16.449648579980686
1386.667 15.78419303894043 11.701061248779297 16.102981895233942
1386.682 15.461485862731934 11.701061248779297 15.7563152104872
1386.702 14.911202430725098 11.701061248779297 15.409648525740458
1386.717 14.729580879211426 11.701061248779297 15.062981840993716
1386.732 14.495007514953613 11.701061248779297 14.716315156246974
1386.752 14.164812088012695 11.701061248779297 14.369648471500232
1386.767 14.017267227172852 11.701061248779297 14.040363779526956
1386.782 13.719111442565918 11.701061248779297 13.739395789179834
1386.802 13.403353691101074 11.701061248779297 13.467081657405814
1386.817 13.209162712097168 11.701061248779297 13.22286707274628
1386.837 12.919473648071289 9.916250228881836 12.955996146549827
1386.852 12.772587776184082 9.916250228881836 12.680301257976524
1386.867 12.485211372375488 9.916250228881836 12.40594072197827
1386.882 12.167572975158691 9.916250228881836 12.140157598767315
1386.902 11.741065979003906 9.916250228881836 11.88790448656424
1386.917 11.42398452758789 9.916250228881836 11.652354913675634
1386.932 11.165471076965332 9.916250228881836 11.435319254756077
1386.952 11.038103103637695 9.916250228881836 11.237580669506263
1386.967 10.727778434753418 9.916250228881836 11.059164392486712
1386.982 10.621746063232422 9.916250228881836 10.899551777625263
1387.002 10.584375381469727 9.916250228881836 10.757848804574547
1387.017 10.544727325439453 9.916250228881836 10.6329172686633
1387.032 10.544301986694336 9.916250228881836 10.52347558325814
1387.052 10.5303373336792 9.916250228881836 10.428175004287358
1387.067 10.490397453308105 9.916250228881836 10.34565612329979
1387.082 10.450615882873535 9.916250228881836 10.274589650388956
1387.107 10.340487480163574 9.916250228881836 10.213704805328428
1387.117 10.291010856628418 9.916250228881836 10.161808039282702
1387.132 10.215851783752441 9.916250228881836 10.117794306716405
1387.152 10.113861083984375 9.916250228881836 10.08065268517047
1387.167 10.057361602783203 9.916250228881836 10.049467788238138
1387.182 9.98553466796875 9.916250228881836 10.02341812441823
1387.202 9.944192886352539 9.916250228881836 10.00177231276793
1387.217 9.900605201721191 9.916250228881836 9.983883867715997
1387.232 9.901923179626465 9.916250228881836 9.969185103307314
1387.252 9.912315368652344 9.916250228881836 9.957180575699766
1387.267 9.923416137695312 9.916250228881836 9.947440376894878
1387.282 9.942021369934082 9.916250228881836 9.939593508137905
1387.302 9.973748207092285 9.916250228881836 9.933321494486613
1387.317 9.958477973937988 9.916250228881836 9.928352349590716
1387.332 9.963560104370117 9.916250228881836 9.924454959100663
1387.352 9.966571807861328 9.916250228881836 9.921433920110532
1387.367 9.936715126037598 9.916250228881836 9.919124850774208
1387.387 9.947553634643555 9.916250228881836 9.917390167167513
1387.402 9.923606872558594 9.916250228881836 9.916115312319333
1387.417 9.931907653808594 12.951306343078613 9.957896017517752
1387.432 9.959259986877441 12.951306343078613 10.042732282762772
1387.452 10.12891674041748 12.951306343078613 10.170624108054392
1387.467 10.321224212646484 12.951306343078613 10.339521095542196
1387.482 10.566339492797852 12.951306343078613 10.533113531856191
1387.502 11.005424499511719 12.951306343078613 10.739026804561053
1387.517 11.295674324035645 12.951306343078613 10.948050196103324
1387.532 11.549783706665039 12.951306343078613 11.153496300173527
1387.552 11.821257591247559 12.951306343078613 11.350671844788835
1387.567 11.963047981262207 12.951306343078613 11.536443056217506
1387.582 12.02242660522461 12.951306343078613 11.708880850397438
1387.602 12.070657730102539 12.951306343078613 11.86697308985262
1387.617 12.114090919494629 12.951306343078613 12.010392897079672
1387.632 12.149352073669434 12.951306343078613 12.139313577477077
1387.652 12.19361400604248 12.951306343078613 12.254262086809575
1387.667 12.224775314331055 12.951306343078613 12.356004192604173
1387.682 12.257472038269043 12.951306343078613 12.445455539491563
1387.702 12.374406814575195 15.5440034866333 12.577962446425554
1387.717 12.540204048156738 15.5440034866333 12.753524913406144
1387.732 12.867595672607422 15.5440034866333 12.956857980600637
1387.752 13.211597442626953 15.5440034866333 13.174445169526845
1387.767 13.530661582946777 15.5440034866333 13.396203722938418
1387.782 13.862813949584961 15.5440034866333 13.614791793710008
1387.802 14.264463424682617 15.5440034866333 13.825035793815013
1387.817 14.589695930480957 15.5440034866333 14.023459765009067
1387.832 14.650259971618652 15.5440034866333 14.207900938105732
1387.852 14.750532150268555 15.5440034866333 14.377197739652134
1387.867 14.774137496948242 15.5440034866333 14.530938385722262
1387.882 14.795051574707031 15.5440034866333 14.66925987998353
1387.902 14.804195404052734 15.5440034866333 14.792688718212704
1387.917 14.806963920593262 16.562034606933594 14.93029455248854
1387.932 14.848917961120605 16.562034606933594 15.074238182370847
1387.952 15.047380447387695 16.562034606933594 15.218725464430335
1387.967 15.28497314453125 16.562034606933594 15.35958882784403
1387.982 15.37730598449707 16.562034606933594 15.493942178001044
1388.002 15.667920112609863 16.562034606933594 15.61989798085999
1388.017 15.886002540588379 16.562034606933594 15.736336768946158
1388.032 15.965849876403809 16.562034606933594 15.842720618801588
1388.052 16.11798858642578 16.562034606933594 15.938943322491566
1388.067 16.20030403137207 16.562034606933594 16.025211018420713
1388.082 16.261573791503906 16.562034606933594 16.101947967131487
1388.102 16.24375343322754 13.566715240478516 16.13562935579566
1388.117 16.221778869628906 13.566715240478516 16.126255184413235
1388.132 16.13445281982422 13.566715240478516 16.07382545298421
1388.152 15.92632007598877 13.566715240478516 15.978340161508585
1388.167 15.701055526733398 13.566715240478516 15.842919449234756
1388.182 15.471240997314453 13.566715240478516 15.6826400394901
1388.207 15.124109268188477 13.566715240478516 15.508997436549325
1388.217 14.872100830078125 13.566715240478516 15.330601284822501
1388.232 14.716408729553223 13.566715240478516 15.153753872378555
1388.252 14.532187461853027 13.566715240478516 14.982928818366968
1388.267 14.475357055664062 13.566715240478516 14.821164928693749
1388.282 14.443962097167969 13.566715240478516 14.670388315177643
1388.302 14.410314559936523 13.566715240478516 14.531674155779646
1388.317 14.400716781616211 13.566715240478516 14.405457926484353
1388.332 14.389233589172363 13.566715240478516 14.291704553646335
1388.352 14.309157371520996 13.566715240478516 14.190042710660295
1388.367 14.258944511413574 13.566715240478516 14.099870404267003
1388.382 14.171588897705078 13.566715240478516 14.020437052145372
1388.402 14.028011322021484 13.566715240478516 13.95090643265994
1388.417 13.967453002929688 13.566715240478516 13.89040417771573
1388.432 13.876520156860352 13.566715240478516 13.838052868927516
1388.452 13.759808540344238 13.566715240478516 13.79299727460423
1388.467 13.694880485534668 15.474258422851562 13.790997240327545
1388.482 13.70131778717041 15.474258422851562 13.83205276609746
1388.502 13.82275390625 15.474258422851562 13.907092720849487
1388.517 13.898139953613281 15.474258422851562 14.004403739131526
1388.532 14.14557933807373 15.474258422851562 14.114972601824519
1388.552 14.442109107971191 15.474258422851562 14.23197156186539
1388.567 14.630058288574219 15.474258422851562 14.350328786792643
1388.582 14.776424407958984 15.474258422851562 14.466371733833043
1388.602 14.960569381713867 15.474258422851562 14.577532699556935
1388.617 15.016599655151367 15.474258422851562 14.68210710715061
1388.632 15.012675285339355 15.474258422851562 14.77905630322325
1388.652 15.010566711425781 15.474258422851562 14.867847730980012
1388.667 14.985000610351562 17.04850196838379 14.99205532136206
1388.682 15.025994300842285 17.04850196838379 15.13819428323172
1388.702 15.154532432556152 17.04850196838379 15.295991311645835
1388.717 15.335319519042969 17.04850196838379 15.457760036331383
1388.732 15.564249038696289 17.04850196838379 15.617881567131676
1388.752 15.857916831970215 17.04850196838379 15.772374788241256
1388.767 16.080652236938477 17.04850196838379 15.918542908677205
1388.782 16.273399353027344 17.04850196838379 16.05468448109556
1388.802 16.44122314453125 17.04850196838379 16.179858650176715
1388.817 16.527912139892578 17.04850196838379 16.293695786413338
1388.832 16.582979202270508 17.04850196838379 16.396245906275826
1388.852 16.61768913269043 19.03685188293457 16.541851586184915
1388.867 16.767086029052734 19.03685188293457 16.715507892329217
1388.882 16.831748962402344 19.03685188293457 16.904443360075973
1388.902 17.123180389404297 19.03685188293457 17.0990806854272
1388.917 17.358423233032227 19.03685188293457 17.292397749042557
1388.932 17.595605850219727 19.03685188293457 17.479398706106164
1388.952 17.883926391601562 19.03685188293457 17.65667864866298
1388.967 18.04615592956543 19.03685188293457 17.822067420937778
1388.982 18.18782615661621 19.03685188293457 17.974340054977123
1389.002 18.33771514892578 19.03685188293457 18.112982994310357
1389.017 18.418872833251953 21.242992401123047 18.29468149369019
1389.032 18.556121826171875 21.242992401123047 18.506796282643165
1389.052 18.746326446533203 21.242992401123047 18.734817333921917
1389.067 18.95812225341797 21.242992401123047 18.96790395421401
1389.082 19.336645126342773 21.242992401123047 19.198146269874
1389.102 19.571887969970703 21.242992401123047 19.419954546709796
1389.117 19.81869125366211 21.242992401123047 19.62955708751365
1389.132 20.01563262939453 21.242992401123047 19.824589890934224
1389.152 20.243362426757812 21.242992401123047 20.00376347100752
1389.167 20.394277572631836 21.242992401123047 20.166594230172883
1389.182 20.477426528930664 20.449254989624023 20.291141293750105
1389.202 20.54174041748047 20.449254989624023 20.38479206837242
1389.217 20.511962890625 20.449254989624023 20.45369909235608
1389.232 20.471681594848633 20.449254989624023 20.50295901121514
1389.252 20.42401123046875 20.449254989624023 20.536770173803085
1389.267 20.37717628479004 20.449254989624023 20.558570528899608
1389.282 20.376861572265625 20.449254989624023 20.57115757332225
1389.302 20.379911422729492 20.449254989624023 20.576792105072098
1389.322 20.384807586669922 20.449254989624023 20.577287488055358
1389.332 20.409515380859375 18.462467193603516 20.534727310992018
1389.352 20.410236358642578 18.462467193603516 20.449111573882078
1389.367 20.361751556396484 18.462467193603516 20.332569058343385
1389.382 20.227001190185547 18.462467193603516 20.197099644490393
1389.402 19.95705795288086 18.462467193603516 20.051828993458045
1389.417 19.761781692504883 18.462467193603516 19.903569418874916
1389.432 19.583694458007812 18.462467193603516 19.75728610440367
1389.452 19.362573623657227 18.462467193603516 19.616482535475892
1389.467 19.244319915771484 18.462467193603516 19.483517328095928
1389.482 19.155555725097656 16.970386505126953 19.31841640129653
1389.502 18.94338035583496 16.970386505126953 19.13487101338865
1389.517 18.845664978027344 16.970386505126953 18.943205578821498
1389.532 18.668087005615234 16.970386505126953 18.75104481800629
1389.552 18.43597984313965 16.970386505126953 18.5638668728556
1389.567 18.263517379760742 16.970386505126953 18.385459333431818
1389.582 18.118135452270508 16.970386505126953 18.218293016816975
1389.602 17.908584594726562 16.970386505126953 18.063826418994974
1389.617 17.74018096923828 15.389954566955566 17.87885113364548
1389.632 17.65777015686035 15.389954566955566 17.677149492258884
1389.652 17.383390426635742 15.389954566955566 17.469063453249134
1389.667 17.163490295410156 15.389954566955566 17.262182097723656
1389.682 16.974483489990234 15.389954566955566 17.061910803597016
1389.702 16.696514129638672 15.389954566955566 16.87193981212566
1389.717 16.565204620361328 15.389954566955566 16.694627676607464
1389.732 16.339012145996094 15.389954566955566 16.531313058613456
1389.752 16.14924430847168 15.389954566955566 16.38256651227797
1389.767 16.027366638183594 15.389954566955566 16.248392266022787
1389.782 16.021892547607422 15.389954566955566 16.12838856406123
1389.802 15.974397659301758 15.389954566955566 16.02187385514734
1389.817 15.94891357421875 15.389954566955566 15.927984999941184
1389.832 15.921911239624023 15.389954566955566 15.845752697066763
1389.852 15.886396408081055 15.389954566955566 15.774158487398164
1389.867 15.828141212463379 15.389954566955566 15.712176972623666
1389.882 15.787506103515625 15.389954566955566 15.658806264637883
1389.902 15.690566062927246 15.389954566955566 15.61308915454435
1389.917 15.622827529907227 15.389954566955566 15.574127042684445
1389.932 15.544819831848145 15.389954566955566 15.541088293790047
1389.952 15.455745697021484 15.389954566955566 15.513212364720637
1389.967 15.448371887207031 15.389954566955566 15.489810787893319
1389.982 15.423490524291992 16.067384719848633 15.489083380185129
1390.002 15.427123069763184 16.067384719848633 15.504625999115703
1390.017 15.430237770080566 16.067384719848633 15.531397064103865
1390.032 15.51768970489502 16.067384719848633 15.56547154116236
1390.052 15.678197860717773 16.067384719848633 15.603833616746314
1390.067 15.744162559509277 16.067384719848633 15.644202857888342
1390.082 15.801192283630371 16.067384719848633 15.684889199724193
1390.102 15.883722305297852 16.067384719848633 15.724672620772605
1390.117 15.912626266479492 16.067384719848633 15.762703853458968
1390.132 15.913729667663574 16.067384719848633 15.79842292793805
1390.152 15.9181489944458 16.067384719848633 15.83149275911928
1390.167 15.916302680969238 12.630522727966309 15.82150703025391
1390.182 15.83827018737793 12.630522727966309 15.76846574134194
1390.202 15.658892631530762 12.630522727966309 15.67236889238337
1390.217 15.381772994995117 12.630522727966309 15.5332164833782
1390.232 15.241350173950195 12.630522727966309 15.352860201808902
1390.252 14.895770072937012 12.630522727966309 15.147984376077012
1390.267 14.600439071655273 12.630522727966309 14.931227206477093
1390.282 14.345770835876465 12.630522727966309 14.711976107064253
1390.302 14.033246994018555 12.630522727966309 14.49702800027463
1390.317 13.856025695800781 12.630522727966309 14.291134486168353
1390.332 13.707366943359375 12.630522727966309 14.097449361561969
1390.352 13.642096519470215 12.630522727966309 13.917893725494809
1390.367 13.590609550476074 12.630523681640625 13.753451906240596
1390.382 13.553936958312988 12.630523681640625 13.604409484268073
1390.402 13.51171875 12.630523681640625 13.470543364495395
1390.417 13.43574333190918 12.630523681640625 13.351272098123234
1390.432 13.41142463684082 12.630523681640625 13.245773567550584
1390.452 13.301786422729492 12.630523681640625 13.153076012474537
1390.467 13.301786422729492 12.630523681640625 13.072127422002595
1390.482 13.117679595947266 12.630523681640625 13.001847494848745
1390.507 12.958651542663574 12.630523681640625 12.94116566331756
1390.517 12.838129043579102 12.630523681640625 12.889048073448034
1390.532 12.72134017944336 12.630523681640625 12.844515900956859
1390.557 12.664328575134277 12.630523681640625 12.806656949061862
1390.567 12.65704345703125 12.630523681640625 12.774632109491185
1390.582 12.64508056640625 12.630523681640625 12.747677962636478
1390.602 12.68790340423584 15.796643257141113 12.763779375828372
1390.617 12.72469425201416 15.796643257141113 12.822936349066866
1390.632 12.889808654785156 15.796643257141113 12.92514888235196
1390.652 13.18209457397461 15.796643257141113 13.070416975683655
1390.667 13.443313598632812 15.796643257141113 13.25025428947544
1390.682 13.816076278686523 15.796643257141113 13.449870729293064
1390.702 14.0675687789917 15.796643257141113 13.658117307452507
1390.717 14.269039154052734 15.796643257141113 13.866764190188247
1390.732 14.463757514953613 15.796643257141113 14.069902210517215
1390.752 14.663979530334473 15.796643257141113 14.263449489493905
1390.767 14.773792266845703 15.796643257141113 14.444747090110813
1390.782 14.830344200134277 15.796643257141113 14.612229709764012
1390.802 14.862824440002441 15.796643257141113 14.76515929778839
1390.817 14.927602767944336 13.497088432312012 14.875033325766168
1390.832 14.927769660949707 13.497088432312012 14.941851793697346
1390.852 14.871245384216309 13.497088432312012 14.965614701581924
1390.867 14.757063865661621 13.497088432312012 14.946322049419901
1390.882 14.708666801452637 13.497088432312012 14.892239155425687
1390.902 14.539420127868652 13.497088432312012 14.814725558066813
1390.917 14.432215690612793 13.497088432312012 14.722573112682953
1390.932 14.341033935546875 13.497088432312012 14.622489283514062
1390.952 14.264381408691406 13.497088432312012 14.519501402738891
1390.967 14.12412166595459 13.497088432312012 14.41729305978651
1390.987 14.11455249786377 13.497088432312012 14.318482506529321
1391.002 14.08018970489502 13.497088432312012 14.224851773713585
1391.017 14.07783317565918 10.657233238220215 14.088165480851249
1391.032 14.015679359436035 10.657233238220215 13.908423627942312
1391.057 13.840641021728516 10.657233238220215 13.689297782434515
1391.067 13.56936264038086 10.657233238220215 13.448033572489633
1391.082 13.20051097869873 10.657233238220215 13.197605319333942
1391.102 12.71574592590332 10.657233238220215 12.947565843103627
1391.117 12.314687728881836 10.657233238220215 12.704750532061627
1391.132 12.04258918762207 10.657233238220215 12.473857409752547
1391.152 11.735066413879395 10.657233238220215 12.257922221036806
1391.167 11.519113540649414 10.657233238220215 12.058705084820797
1391.182 11.517176628112793 10.657233238220215 11.877003029232446
1391.202 11.457744598388672 10.657233238220215 11.712900727683465
1391.217 11.46871280670166 10.657233238220215 11.56596998067669
1391.232 11.473944664001465 8.783186912536621 11.383370076426166
1391.257 11.37098217010498 8.783186912536621 11.180279496769629
1391.267 11.251215934753418 8.783186912536621 10.968145338953809
1391.282 11.075965881347656 8.783186912536621 10.755422566367004
1391.302 10.546648979187012 8.783186912536621 10.548186919724568
1391.317 10.177811622619629 8.783186912536621 10.3506402596017
1391.332 9.978078842163086 8.783186912536621 10.165524780806034
1391.352 9.57825756072998 8.783186912536621 9.994460412280741
1391.367 9.437676429748535 8.783186912536621 9.838217794418492
1391.382 9.331991195678711 8.783186912536621 9.69693750415017
1391.402 9.258379936218262 8.783186912536621 9.57030466801987
1391.417 9.29482650756836 8.783186912536621 9.457686752953684
1391.432 9.32731819152832 8.783186912536621 9.358241140187824
1391.452 9.369339942932129 8.783186912536621 9.27099805562974
1391.467 9.369751930236816 8.783186912536621 9.194923535375198
1391.482 9.356252670288086 8.783186912536621 9.128966334045094
1391.502 9.28922176361084 7.970732688903809 9.049523847234433
1391.522 9.205060005187988 7.970732688903809 8.962623642003564
1391.532 9.074641227722168 7.970732688903809 8.872792633523286
1391.552 8.760539054870605 7.970732688903809 8.783356522142306
1391.567 8.65475845336914 7.970732688903809 8.696687757029705
1391.587 8.379359245300293 7.970732688903809 8.614409722650574
1391.602 8.327674865722656 7.970732688903809 8.53756387975892
1391.617 8.23278522491455 7.970732688903809 8.466745714322668
1391.632 8.190848350524902 7.970732688903809 8.402214555774359
1391.652 8.188739776611328 7.970732688903809 8.343981617771712
1391.667 8.212254524230957 7.970732688903809 8.291879986180302
1391.682 8.228798866271973 7.970732688903809 8.245619725121507
1391.702 8.25578784942627 7.970732688903809 8.20483078691044
1391.717 8.253348350524902 7.970732688903809 8.169095989505664
1391.732 8.25117015838623 7.970732688903809 8.137975959635494
1391.752 8.23393440246582 7.970732688903809 8.11102762512794
1391.767 8.178557395935059 7.970732688903809 8.087817570494131
1391.787 8.12774658203125 7.970732688903809 8.067931340188341
1391.802 8.063159942626953 7.970732688903809 8.050979579279074
1391.817 8.017156600952148 7.970732688903809 8.036601737023883
1391.837 7.990594863891602 7.970732688903809 8.024467920981492
1391.852 7.938343048095703 7.559166431427002 8.002846976939045
1391.867 7.925463676452637 7.559166431427002 7.9750275064783525
1391.882 7.887042045593262 7.559166431427002 7.943538521991804
1391.902 7.864991664886475 7.559166431427002 7.910294413279036
1391.917 7.8427348136901855 7.559166431427002 7.87671591312398
1391.932 7.82049036026001 7.559166431427002 7.843830501986268
1391.952 7.783784866333008 7.559166431427002 7.812355288372077
1391.967 7.762266635894775 7.559166431427002 7.782765027876049
1391.982 7.738580226898193 7.559166431427002 7.755347602186369
1392.002 7.726500034332275 7.559166431427002 7.730248969979948
1392.017 7.710291385650635 7.559166431427002 7.707509324036278
1392.037 7.676098346710205 7.559166431427002 7.687091941777042
1392.052 7.650547981262207 7.559166431427002 7.6689059980236935
1392.067 7.638330459594727 7.559166431427002 7.65282441699021
1392.082 7.6319899559021 7.559166431427002 7.638697673172393
1392.102 7.640644073486328 7.559166431427002 7.626364305588343
1392.117 7.632200241088867 7.559166431427002 7.615658784525062
1392.137 7.6252241134643555 7.559166431427002 7.6064172623937205
1392.152 7.604872226715088 7.559166431427002 7.598481648450172
1392.167 7.614002227783203 7.559166431427002 7.591702369098892
1392.182 7.586472988128662 7.559166431427002 7.585940109523272
1392.202 7.572685718536377 7.559166431427002 7.581066776887866
1392.217 7.583770751953125 7.559166431427002 7.576965878911581
1392.232 7.575425148010254 7.559166431427002 7.573532472940809
1392.252 7.550289154052734 7.559166431427002 7.570672808628816
1392.267 7.540812969207764 7.559166431427002 7.568303760958534
1392.282 7.551015377044678 7.559166431427002 7.566352128760821
1392.302 7.575760841369629 7.559166431427002 7.564753856323429
1392.322 7.564775466918945 7.559166431427002 7.563453221503603
1392.332 7.596907138824463 7.559166431427002 7.562402022387399
1392.352 7.550471782684326 7.559166431427002 7.561558785500267
1392.367 7.568665027618408 7.559166431427002 7.560888011456872
1392.382 7.57800817489624 7.559166431427002 7.560359468396533
1392.402 7.555395126342773 7.559166431427002 7.559947539291823
1392.417 7.564510345458984 7.559166431427002 7.559630625996582
1392.432 7.564086437225342 7.559166431427002 7.5593906105113975
1392.452 7.557323455810547 7.559166431427002 7.559212372219791
1392.472 7.572433948516846 7.559166431427002 7.55908335864684
1392.482 7.551328659057617 7.559166431427002 7.558993206498932
1392.502 7.581662654876709 7.559166431427002 7.55893340926499
1392.517 7.556561470031738 7.559166431427002 7.558897027420057
1392.532 7.557764530181885 7.559166431427002 7.558878437210478
1392.552 7.537792682647705 7.559166431427002 7.558873114067403
1392.567 7.554860591888428 7.559166431427002 7.558877446853561
1392.582 7.553725719451904 7.559166431427002 7.55888857936701
1392.602 7.561469554901123 7.559166431427002 7.5589042757817335
1392.617 7.562264442443848 7.559166431427002 7.558922806980737
1392.632 7.577160835266113 7.559166431427002 7.558942855019518
1392.652 7.556258201599121 11.057500839233398 7.6020184631048995
1392.672 7.55086612701416 11.057500839233398 7.688149631236881
1392.682 7.601927280426025 11.057500839233398 7.817336359415462
1392.702 8.073878288269043 11.057500839233398 7.989578647640643
1392.717 8.253886222839355 11.057500839233398 8.198239021423523
1392.732 8.581185340881348 11.057500839233398 8.42720290055272
1392.752 9.008295059204102 11.057500839233398 8.664357516463085
1392.767 9.316071510314941 11.057500839233398 8.900794531372044
1392.782 9.547319412231445 11.057500839233398 9.130149570030289
1392.807 9.959249496459961 11.057500839233398 9.348058218519563
1392.817 10.047586441040039 11.057500839233398 9.55171060224525
1392.832 10.266362190246582 11.057500839233398 9.739488985185243
1392.852 10.25101375579834 11.057500839233398 9.910674934393205
1392.867 10.206710815429688 11.057500839233398 10.06521447391995
1392.882 10.16727066040039 11.057500839233398 10.203531321319849
1392.902 10.123191833496094 11.057500839233398 10.326379771217802
1392.917 10.159586906433105 11.057500839233398 10.434730079170379
1392.932 10.206771850585938 11.057500839233398 10.529680321185943
1392.952 10.376051902770996 11.057500839233398 10.612389675813558
1392.967 10.476922035217285 11.057500839233398 10.684028912348058
1392.982 10.608845710754395 13.36890983581543 10.798723708929158
1393.002 10.853097915649414 13.36890983581543 10.95231571131126
1393.017 11.124785423278809 13.36890983581543 11.129517598986988
1393.032 11.342534065246582 13.36890983581543 11.318717628936508
1393.052 11.980335235595703 13.36890983581543 11.511260770402597
1393.067 12.1260986328125 13.36890983581543 11.700851387251996
1393.082 12.327898025512695 13.36890983581543 11.883059621596807
1393.102 12.551106452941895 13.36890983581543 12.054915808218237
1393.117 12.599610328674316 13.36890983581543 12.214579243997896
1393.132 12.651543617248535 13.36890983581543 12.361069445953518
1393.152 12.644278526306152 13.36890983581543 12.494049657828915
1393.167 12.645966529846191 13.36890983581543 12.613653815186836
1393.182 12.632551193237305 13.36890983581543 12.720349462287288
1393.202 12.63945484161377 13.36890983581543 12.81483024227648
1393.217 12.66636848449707 13.36890983581543 12.897932567965203
1393.232 12.731616020202637 16.498836517333984 13.024090453700525
1393.252 12.832021713256836 16.498836517333984 13.193303899482448
1393.267 13.23684024810791 16.498836517333984 13.40557290531097
1393.282 13.583853721618652 16.498836517333984 13.643623021203481
1393.302 14.136828422546387 16.498836517333984 13.893537095018576
1393.317 14.336673736572266 16.498836517333984 14.14501161350612
1393.332 14.761444091796875 16.498836517333984 14.390619046632574
1393.352 15.074494361877441 16.498836517333984 14.625199305927351
1393.367 15.347161293029785 16.498836517333984 14.845360638478947
1393.382 15.566235542297363 16.498836517333984 15.049072813868882
1393.402 15.764490127563477 16.498836517333984 15.235337754740508
1393.417 15.853019714355469 16.498836517333984 15.403924817790147
1393.442 15.845646858215332 16.498836517333984 15.555159760866513
1393.452 15.80671501159668 19.30722427368164 15.749450263989479
1393.467 15.810149192810059 19.30722427368164 15.986796327159045
1393.482 15.958708763122559 19.30722427368164 16.24912845483637
1393.502 16.281545639038086 19.30722427368164 16.522080257401683
1393.517 16.57598876953125 19.30722427368164 16.795060831506564
1393.532 16.88965606689453 19.30722427368164 17.06047923069829
1393.557 17.41356086730957 19.30722427368164 17.313105337234088
1393.567 17.61404037475586 19.30722427368164 17.549546241641977
1393.582 18.0318546295166 19.30722427368164 17.767819947845407
1393.602 18.339139938354492 19.30722427368164 17.967010669799343
1393.617 18.528547286987305 17.532644271850586 18.12314583170668
1393.632 18.75274085998535 17.532644271850586 18.236225433567416
1393.652 18.783863067626953 17.532644271850586 18.306249475381552
1393.667 18.709516525268555 17.532644271850586 18.334944335307377
1393.682 18.51576805114746 17.532644271850586 18.33322286929844
1393.702 18.134994506835938 17.532644271850586 18.309750855324285
1393.717 17.998098373413086 17.532644271850586 18.271342949419314
1393.732 17.83987808227539 17.532644271850586 18.22329787423772
1393.752 17.691320419311523 17.532644271850586 18.169680746777875
1393.767 17.64488983154297 17.532644271850586 18.113559680074637
1393.782 17.624921798706055 15.125027656555176 18.0143830533248
1393.802 17.660598754882812 15.125027656555176 17.87215086652836
1393.817 17.621536254882812 15.125027656555176 17.693908815411554
1393.832 17.46887969970703 15.125027656555176 17.49481086400029
1393.852 17.225481033325195 15.125027656555176 17.28629668358004
1393.867 16.93825340270996 15.125027656555176 17.076826267013885
1393.882 16.803085327148438 15.125027656555176 16.872489171179947
1393.902 16.509862899780273 15.125027656555176 16.677506986160132
1393.917 16.315322875976562 15.125027656555176 16.49464532612326
1393.932 16.138574600219727 15.125027656555176 16.325549533231467
1393.952 15.981844902038574 15.125027656555176 16.171016384104952
1393.967 15.866687774658203 15.125027656555176 16.031212384051848
1393.982 15.823486328125 15.125027656555176 15.905847718801363
1394.002 15.70866584777832 15.125027656555176 15.794313595455137
1394.017 15.676923751831055 15.125027656555176 15.695789530685369
1394.032 15.650805473327637 15.125027656555176 15.609326120898888
1394.052 15.590245246887207 15.125027656555176 15.533907941972357
1394.067 15.560761451721191 15.125027656555176 15.46850046129872
1394.082 15.518603324890137 15.125027656555176 15.412084188877737
1394.102 15.404404640197754 15.125027656555176 15.363678734413446
1394.117 15.37370491027832 15.125027656555176 15.322358962130672
1394.132 15.327498435974121 15.125027656555176 15.2872650335453
1394.152 15.263364791870117 17.88343620300293 15.295226665006528
1394.167 15.26977825164795 17.88343620300293 15.346243856514356
1394.182 15.378400802612305 17.88343620300293 15.440316608068784
1394.202 15.553648948669434 17.88343620300293 15.575599852230773
1394.217 15.790124893188477 17.88343620300293 15.736659413867184
1394.232 16.117992401123047 17.88343620300293 15.911718125467248
1394.252 16.35390281677246 17.88343620300293 16.09194681850495
1394.267 16.620384216308594 17.88343620300293 16.270874311723315
1394.282 16.82268714904785 17.88343620300293 16.443899069760327
1394.302 16.9857234954834 17.88343620300293 16.60788729055779
1394.317 17.089231491088867 17.88343620300293 16.76084409763648
1394.332 17.14478874206543 19.413772583007812 16.944155606063003
1394.352 17.234230041503906 19.413772583007812 17.144129329797273
1394.367 17.397216796875 19.413772583007812 17.350489481350515
1394.382 17.50087547302246 19.413772583007812 17.555694345716358
1394.402 17.774797439575195 19.413772583007812 17.754371118565796
1394.417 17.970718383789062 19.413772583007812 17.942850626103468
1394.432 18.142648696899414 19.413772583007812 18.118786551229572
1394.452 18.394609451293945 19.413772583007812 18.28084579960503
1394.467 18.572214126586914 19.413772583007812 18.428458450256475
1394.482 18.689617156982422 19.413772583007812 18.561617354251176
1394.502 18.832063674926758 21.552968978881836 18.737831818292477
1394.517 18.977380752563477 21.552968978881836 18.94231711086902
1394.532 19.156633377075195 21.552968978881836 19.16138301586956
1394.552 19.505176544189453 21.552968978881836 19.384813194895987
1394.567 19.7810115814209 21.552968978881836 19.60516470906725
1394.592 20.23622703552246 21.552968978881836 19.817188970772367
1394.602 20.303377151489258 21.552968978881836 20.01735580489366
1394.617 20.441667556762695 21.552968978881836 20.203464625671756
1394.637 20.52245330810547 21.552968978881836 20.374328847089664
1394.652 20.675344467163086 24.08243179321289 20.588248628554172
1394.667 20.809499740600586 24.08243179321289 20.83861845569627
1394.682 21.03324317932129 24.08243179321289 21.108156096889306
1394.702 21.29787254333496 24.08243179321289 21.38394351372149
1394.717 21.609119415283203 24.08243179321289 21.656549173958297
1394.732 22.093530654907227 24.08243179321289 21.919302195107882
1394.752 22.408510208129883 24.08243179321289 22.167695462597305
1394.767 22.683687210083008 24.08243179321289 22.398897759803614
1394.782 22.92315101623535 24.70672607421875 22.62869908480556
1394.807 23.375934600830078 24.70672607421875 22.85111300894364
1394.817 23.375934600830078 24.70672607421875 23.062054464034617
1394.832 23.535594940185547 24.70672607421875 23.25891449766987
1394.852 23.614107131958008 24.70672607421875 23.440214511298567
1394.867 23.70750617980957 24.70672607421875 23.60532706547083
1394.882 23.743701934814453 24.70672607421875 23.754252146955334
1394.902 23.83563995361328 26.13385772705078 23.927081948382664
1394.917 23.964618682861328 26.13385772705078 24.11224263709759
1394.932 24.220151901245117 26.13385772705078 24.301097108518952
1394.952 24.447477340698242 26.13385772705078 24.487352832738665
1394.967 24.695735931396484 26.13385772705078 24.66657235084538
1394.982 24.979063034057617 26.13385772705078 24.835770934208405
1395.002 25.18182373046875 26.13385772705078 24.99308788668064
1395.017 25.374279022216797 26.13385772705078 25.137519754721122
1395.032 25.494855880737305 27.788034439086914 25.314654673594646
1395.052 25.684215545654297 27.788034439086914 25.51030636348887
1395.067 25.819988250732422 27.788034439086914 25.713793635943688
1395.082 26.051471710205078 27.788034439086914 25.917243984293364
1395.102 26.299755096435547 27.788034439086914 26.115016471213476
1395.117 26.469152450561523 27.788034439086914 26.303226143427707
1395.132 26.611431121826172 27.788034439086914 26.479354418248313
1395.152 26.79949378967285 27.19113540649414 26.62535137544739
1395.167 26.95418357849121 27.19113540649414 26.745698750673295
1395.182 26.960445404052734 27.19113540649414 26.844320942870254
1395.202 26.979503631591797 27.19113540649414 26.92463391525961
1395.217 26.948780059814453 27.19113540649414 26.98959436425833
1395.232 26.944435119628906 27.19113540649414 27.041747714615777
1395.252 26.952369689941406 24.67778205871582 27.050845504926624
1395.267 26.898048400878906 24.67778205871582 27.01688773519087
1395.282 26.847244262695312 24.67778205871582 26.939874405408517
1395.302 26.679956436157227 24.67778205871582 26.821845615128986
1395.317 26.52072525024414 24.67778205871582 26.677700989948974
1395.332 26.321022033691406 24.67778205871582 26.518844034593297
1395.352 26.04399299621582 24.67778205871582 26.35385593649373
1395.367 25.906982421875 21.86894989013672 26.145812278347563
1395.382 25.69680404663086 21.86894989013672 25.894713060154796
1395.402 25.333663940429688 21.86894989013672 25.602931857773306
1395.417 25.042369842529297 21.86894989013672 25.29010026823596
1395.432 24.724714279174805 21.86894989013672 24.9708723354971
1395.452 24.288829803466797 21.86894989013672 24.655927800392693
1395.467 23.90363883972168 21.86894989013672 24.352801493750675
1395.492 23.82697105407715 21.86894989013672 24.06656509339486
1395.502 23.401552200317383 18.832393646240234 23.737273132992446
1395.517 23.24068260192871 18.832393646240234 23.390606448245702
1395.532 22.940370559692383 18.832393646240234 23.04393976349896
1395.552 22.430259704589844 18.832393646240234 22.697273078752215
1395.567 21.926877975463867 18.832393646240234 22.35060639400547
1395.582 21.72777557373047 18.832393646240234 22.003939709258727
1395.602 21.334264755249023 18.832393646240234 21.657273024511984
1395.617 21.127727508544922 18.832393646240234 21.320722985451287
1395.632 20.79167366027832 16.291866302490234 20.974056300704543
1395.652 20.403594970703125 16.291866302490234 20.6273896159578
1395.667 20.06208038330078 16.291866302490234 20.280722931211056
1395.682 19.71282196044922 16.291866302490234 19.934056246464312
1395.702 19.233415603637695 16.291866302490234 19.58738956171757
1395.717 18.95187759399414 16.291866302490234 19.240722876970825
1395.732 18.68291664123535 16.291866302490234 18.89405619222408
1395.752 18.336116790771484 16.291866302490234 18.572333067619653
1395.767 18.03890609741211 16.291866302490234 18.278418527435004
1395.782 17.954750061035156 14.600948333740234 17.965627817499044
1395.802 17.655309677124023 14.600948333740234 17.647997817924757
1395.817 17.36282730102539 14.600948333740234 17.335722717311896
1395.837 16.976499557495117 14.600948333740234 17.035959603464082
1395.852 16.66404151916504 14.600948333740234 16.75349016731065
1395.867 16.302406311035156 14.600948333740234 16.49126090729424
1395.882 16.05820655822754 14.600948333740234 16.250821253414966
1395.902 15.870402336120605 14.600948333740234 16.03267636358307
1395.917 15.676249504089355 14.600948333740234 15.836568968560858
1395.932 15.53925895690918 14.600948333740234 15.66170253936765
1395.952 15.395835876464844 13.588811874389648 15.478801298774366
1395.967 15.249632835388184 13.588811874389648 15.295222367342854
1395.982 15.148101806640625 13.588811874389648 15.116257172781188
1396.002 14.909902572631836 13.588811874389648 14.945569745497767
1396.017 14.745624542236328 13.588811874389648 14.785556035893867
1396.032 14.564628601074219 13.588811874389648 14.637636649532972
1396.052 14.408590316772461 13.588811874389648 14.502493733589459
1396.067 14.298324584960938 13.588811874389648 14.380261258201827
1396.082 14.185628890991211 13.588811874389648 14.270676611914508
1396.102 14.109809875488281 13.588811874389648 14.173200261232124
1396.117 14.016193389892578 13.588811874389648 14.087109198911296
1396.132 13.997126579284668 13.588811874389648 14.011569011728588
1396.152 13.932331085205078 13.588811874389648 13.945688623657349
1396.167 13.894185066223145 13.588811874389648 13.888561102443894
1396.182 13.866308212280273 13.588811874389648 13.839293344770633
1396.202 13.832487106323242 13.588811874389648 13.797026966485374
1396.217 13.813776969909668 13.588811874389648 13.760952309510667
1396.232 13.768784523010254 13.588811874389648 13.730317126626407
1396.252 13.721353530883789 13.588811874389648 13.70443121081769
1396.272 13.68722152709961 13.588811874389648 13.682667989634846
1396.282 13.691237449645996 13.588811874389648 13.664463900191091
1396.302 13.656159400939941 13.588811874389648 13.649316190978388
1396.317 13.63978099822998 13.588811874389648 13.636779657297014
1396.332 13.624507904052734 14.343828201293945 13.647435381059166
1396.352 13.628026962280273 14.343828201293945 13.674416229955533
1396.367 13.6823148727417 14.343828201293945 13.712347283520442
1396.382 13.776721000671387 14.343828201293945 13.757072343115956
1396.402 13.86928939819336 14.343828201293945 13.805424077370212
1396.417 13.92298412322998 14.343828201293945 13.85503182454026
1396.432 14.052226066589355 14.343828201293945 13.904161721160717
1396.452 14.111678123474121 14.343828201293945 13.951584438734775
1396.467 14.131758689880371 14.343828201293945 13.99646638016968
1396.482 14.142393112182617 14.343828201293945 14.038280711350279
1396.502 14.145890235900879 14.343828201293945 14.076735079240006
1396.522 14.142181396484375 14.343828201293945 14.111713296490347
1396.532 14.128129005432129 14.343828201293945 14.143228655253303
1396.552 14.118915557861328 17.002717971801758 14.217799574062859
1396.572 14.19127368927002 17.002717971801758 14.335426052919015
1396.587 14.395103454589844 17.002717971801758 14.493816477613956
1396.602 14.634968757629395 17.002717971801758 14.67702132841276
1396.617 14.927364349365234 17.002717971801758 14.872920826721856
1396.637 15.255767822265625 17.002717971801758 15.072476502260656
1396.652 15.773988723754883 17.002717971801758 15.26910922430577
1396.672 16.081546783447266 17.002717971801758 15.458185142430393
1396.687 16.110750198364258 17.002717971801758 15.636593241805699
1396.702 16.138898849487305 17.002717971801758 15.802400290179833
1396.717 16.248342514038086 17.002717971801758 15.954570833698524
1396.732 16.202314376831055 17.002717971801758 16.092741588955896
1396.752 16.189844131469727 14.370231628417969 16.187856784166666
1396.767 16.18709373474121 14.370231628417969 16.239916419330836
1396.782 16.110374450683594 14.370231628417969 16.248920494448406
1396.802 15.961654663085938 14.370231628417969 16.214869009519376
1396.817 15.910771369934082 14.370231628417969 16.139225513225856
1396.832 15.714861869812012 14.370231628417969 16.035875617851943
1396.862 15.41223430633545 14.370231628417969 15.915540300939666
1396.867 15.41223430633545 14.370231628417969 15.78637474688323
1396.887 15.35087776184082 14.370231628417969 15.654468788768668
1396.902 15.249345779418945 14.370231628417969 15.524262929227207
1396.917 15.2285795211792 14.370231628417969 15.398892303446987
1396.942 15.177001953125 11.541003227233887 15.230466117620166
1396.952 15.118219375610352 11.541003227233887 15.018984371746745
1396.967 14.973001480102539 11.541003227233887 14.770811859571007
1396.982 14.650854110717773 11.541003227233887 14.503237980366958
1397.002 14.160584449768066 11.541003227233887 14.229192396943596
1397.022 13.683943748474121 11.541003227233887 13.958121137036706
1397.032 13.425719261169434 11.541003227233887 13.696711233611055
1397.052 13.085623741149902 11.541003227233887 13.449486689151215
1397.067 12.722481727600098 11.541003227233887 13.219295667580795
1397.087 12.4761962890625 11.541003227233887 13.00770619954001
1397.102 12.40472412109375 11.541003227233887 12.815325330423681
1397.117 12.36818790435791 11.541003227233887 12.642054537174456
1397.132 12.362422943115234 11.541003227233887 12.487292376106565
1397.152 12.381783485412598 11.506044387817383 12.349122604888125
1397.167 12.367313385009766 11.506044387817383 12.22668209575079
1397.182 12.360149383544922 11.506044387817383 12.118915349814397
1397.202 12.284217834472656 11.506044387817383 12.024658321654549
1397.217 12.210768699645996 11.506044387817383 11.942701508756913
1397.232 12.065750122070312 11.506044387817383 11.871836428322283
1397.257 11.886234283447266 11.506044387817383 11.810888897317414
1397.267 11.727618217468262 11.506044387817383 11.758741930406273
1397.282 11.63362979888916 11.506044387817383 11.714350561308661
1397.302 11.529045104980469 11.506044387817383 11.67675046424414
1397.317 11.48893928527832 11.506044387817383 11.645061892619273
1397.337 11.483088493347168 11.506044387817383 11.618490152331308
1397.352 11.49559497833252 11.506044387817383 11.596323578399724
1397.367 11.50587272644043 11.506044387817383 11.577929778520778
1397.382 11.563777923583984 11.506044387817383 11.562750738929292
1397.402 11.599591255187988 15.27086067199707 11.590627259384407
1397.417 11.673511505126953 15.27086067199707 11.661559339886121
1397.432 11.7766695022583 15.27086067199707 11.775546980434436
1397.452 11.87595272064209 15.27086067199707 11.93259018102935
1397.467 12.327032089233398 15.27086067199707 12.132688941670866
1397.482 12.550830841064453 15.27086067199707 12.36326449655329
1397.502 12.950824737548828 15.27086067199707 12.609276876332085
1397.517 13.285385131835938 15.27086067199707 12.859518635796285
1397.532 13.562463760375977 15.27086067199707 13.105840289929013
1397.552 13.761509895324707 15.27086067199707 13.342510266414724
1397.567 14.127519607543945 15.27086067199707 13.565689040696798
1397.582 14.249326705932617 15.27086067199707 13.772999709222251
1397.602 14.300841331481934 15.27086067199707 13.96317960524134
1397.617 14.330849647521973 15.27086067199707 14.135799672443556
1397.632 14.347396850585938 15.27086067199707 14.29104019355294
1397.652 14.331006050109863 15.27086067199707 14.429513136405326
1397.667 14.34138298034668 15.27086067199707 14.552122844051967
1397.692 14.436318397521973 15.27086067199707 14.659958074467905
1397.702 14.475874900817871 15.27086067199707 14.75420950637394
1397.717 14.599677085876465 15.27086067199707 14.836107787278124
1397.732 14.690027236938477 15.27086067199707 14.906878024328892
1397.752 14.875625610351562 15.27086067199707 14.96770732332602
1397.767 15.02918529510498 15.27086067199707 15.019722580605432
1397.782 15.152470588684082 15.27086067199707 15.06397623970892
1397.802 15.273594856262207 15.27086067199707 15.101438151797703
1397.817 15.339369773864746 15.27086067199707 15.132992036515299
1397.832 15.38269329071045 15.529258728027344 15.16661306267569
1397.852 15.36841106414795 15.529258728027344 15.200781622682113
1397.867 15.310240745544434 15.529258728027344 15.23439345517092
1397.887 15.277579307556152 15.529258728027344 15.266672637502698
1397.902 15.241643905639648 15.529258728027344 15.297100109861107
1397.917 15.243959426879883 15.529258728027344 15.32535531577896
1397.932 15.2291898727417 15.529258728027344 15.351268863866927
1397.952 15.282543182373047 15.529258728027344 15.374784403022774
1397.967 15.313793182373047 15.529258728027344 15.395928159656906
1397.982 15.353318214416504 15.529258728027344 15.414784812217757
1398.002 15.400211334228516 15.529258728027344 15.431478577600782
1398.017 15.400211334228516 15.529258728027344 15.446158558118206
1398.032 15.471726417541504 12.47964859008789 15.417782978589031
1398.052 15.443004608154297 12.47964859008789 15.346351839013256
1398.067 15.37684440612793 12.47964859008789 15.23186513939088
1398.082 15.169676780700684 12.47964859008789 15.074322879721905
1398.102 14.81928825378418 12.47964859008789 14.889343302612703
1398.117 14.541390419006348 12.47964859008789 14.689838637199117
1398.137 14.208725929260254 12.47964859008789 14.485466122221569
1398.152 13.926675796508789 12.47964859008789 14.283281996692203
1398.167 13.575596809387207 12.47964859008789 14.088282443196665
1398.182 13.386043548583984 12.47964859008789 13.903848487714635
1398.202 13.296359062194824 10.650083541870117 13.68128845331015
1398.217 13.20169448852539 10.650083541870117 13.437586953397387
1398.232 13.057299613952637 10.650083541870117 13.185503556997565
1398.252 12.827128410339355 10.650083541870117 12.934415452202938
1398.267 12.687256813049316 10.650083541870117 12.691015310015802
1398.282 12.325316429138184 10.650083541870117 12.459885990016422
1398.302 12.122197151184082 10.650083541870117 12.243971018628834
1398.317 11.945138931274414 10.650083541870117 12.044957302241242
1398.332 11.73914623260498 10.650083541870117 11.863584311052406
1398.362 11.63780403137207 10.650083541870117 11.699891978498323
1398.367 11.501608848571777 10.650083541870117 11.553417794083117
1398.382 11.320392608642578 10.650083541870117 11.423352010015607
1398.407 11.233402252197266 10.650083541870117 11.308658518111326
1398.417 11.153179168701172 9.707723617553711 11.181991098731743
1398.432 11.08939266204834 9.707723617553711 11.05026090463269
1398.452 10.931025505065918 9.707723617553711 10.918561561166152
1398.467 10.811410903930664 9.707723617553711 10.79054264279701
1398.492 10.677790641784668 9.707723617553711 10.66871744379669
1398.502 10.462722778320312 9.707723617553711 10.55471511057771
1398.517 10.371295928955078 9.707723617553711 10.449485896195052
1398.537 10.211563110351562 9.707723617553711 10.353467117553194
1398.552 10.109600067138672 9.707723617553711 10.26671633962996
1398.567 10.069594383239746 9.707723617553711 10.189017372834009
1398.582 10.058276176452637 9.707723617553711 10.119963842070534
1398.602 10.016334533691406 9.707723617553711 10.05902436083498
1398.617 10.01500129699707 9.707723617553711 10.00559271185209
1398.632 10.010876655578613 9.707723617553711 9.95902588849923
1398.652 10.000943183898926 9.707723617553711 9.918672379752286
1398.667 9.962236404418945 9.707723617553711 9.88389267729655
1398.682 9.941368103027344 9.707723617553711 9.854073638880582
1398.702 9.865382194519043 9.380523681640625 9.819549161605465
1398.717 9.829558372497559 9.380523681640625 9.782611466575167
1398.732 9.783859252929688 9.380523681640625 9.744970346047182
1398.752 9.679338455200195 9.380523681640625 9.707870690713312
1398.767 9.635981559753418 9.380523681640625 9.672189631516215
1398.787 9.530982971191406 9.380523681640625 9.638516373499478
1398.802 9.486268997192383 9.380523681640625 9.60721740800814
1398.822 9.484371185302734 9.380523681640625 9.578489434590365
1398.832 9.480055809020996 9.380523681640625 9.552402004798829
1398.852 9.496856689453125 9.380523681640625 9.528931615470206
1398.867 9.505865097045898 9.380523681640625 9.507988727095134
1398.882 9.511107444763184 9.380523681640625 9.489438961326078
1398.902 9.512864112854004 9.380523681640625 9.473119538047747
1398.917 9.509071350097656 9.380523681640625 9.458851844215385
1398.937 9.483026504516602 9.380523681640625 9.446450881325664
1398.952 9.47739315032959 9.380523681640625 9.435732213477895
1398.967 9.451874732971191 9.380523681640625 9.42651693118994
1398.982 9.451144218444824 9.380523681640625 9.418635055287892
1399.002 9.409138679504395 9.380523681640625 9.411927728296156
1399.017 9.387932777404785 9.380523681640625 9.406248475997547
1399.032 9.371062278747559 9.380523681640625 9.401463767571904
1399.052 9.360288619995117 9.380523681640625 9.397453057489912
1399.067 9.347844123840332 9.380523681640625 9.39410845483444
1399.082 9.36585521697998 9.380523681640625 9.391334134797141
1399.102 9.388628959655762 9.380523681640625 9.389045581747958
1399.117 9.398091316223145 9.380523681640625 9.38716873262441
1399.132 9.402854919433594 9.380523681640625 9.385639072678131
1399.152 9.41068172454834 9.380523681640625 9.384400722195595
1399.167 9.415754318237305 9.380523681640625 9.383405542119204
1399.182 9.414163589477539 9.089292526245117 9.37452252289715
1399.202 9.397603988647461 9.089292526245117 9.360233302963614
1399.217 9.358588218688965 9.089292526245117 9.34246656208407
1399.232 9.31352710723877 9.089292526245117 9.322701118542739
1399.252 9.2930269241333 9.089292526245117 9.302052311612302
1399.267 9.243596076965332 9.089292526245117 9.281344005629512
1399.282 9.2113037109375 9.089292526245117 9.261168289441827
1399.302 9.166862487792969 9.089292526245117 9.241934699218657
1399.317 9.150359153747559 9.089292526245117 9.22391056570695
1399.332 9.138477325439453 9.089292526245117 9.207253879914802
1399.352 9.154800415039062 9.089292526245117 9.192039884066176
1399.367 9.162485122680664 9.089292526245117 9.178282427028966
1399.382 9.175020217895508 9.089292526245117 9.16595097440931
1399.402 9.194246292114258 9.089292526245117 9.154984031987436
1399.417 9.15078353881836 9.089292526245117 9.145299625841748
1399.432 9.143888473510742 9.089292526245117 9.136803381984928
1399.452 9.15884017944336 9.089292526245117 9.12939466121599
1399.467 9.146146774291992 9.089292526245117 9.1229711297979
1399.482 9.147308349609375 9.089292526245117 9.117432082180253
1399.502 9.121041297912598 9.089292526245117 9.112680777056392
1399.522 9.098217010498047 9.089292526245117 9.108626001419754
1399.532 9.094804763793945 9.089292526245117 9.105183037906992
1399.552 9.08431339263916 9.089292526245117 9.10227417762596
1399.567 9.105692863464355 9.089292526245117 9.099828893002678
1399.582 9.098959922790527 9.089292526245117 9.09778376217389
1399.602 9.083617210388184 9.089292526245117 9.096082217420854
1399.617 9.08857250213623 9.089292526245117 9.094674174487324
1399.632 9.102286338806152 9.089292526245117 9.09351558682789
1399.652 9.075119018554688 9.089292526245117 9.092567958438435
1399.667 9.096141815185547 9.089292526245117 9.091797840536247
1399.682 9.105732917785645 10.244174003601074 9.123256375030698
1399.702 9.13676643371582 10.244174003601074 9.176938261661615
1399.717 9.217574119567871 10.244174003601074 9.245055719988873
1399.732 9.321052551269531 10.244174003601074 9.321626519334291
1399.752 9.52147388458252 10.244174003601074 9.402128579414132
1399.767 9.643328666687012 10.244174003601074 9.483211874393417
1399.782 9.753711700439453 10.244174003601074 9.562459407057688
1399.802 9.85745620727539 10.244174003601074 9.638189989508591
1399.817 9.91476821899414 10.244174003601074 9.70929646351549
1399.832 9.90202808380127 10.244174003601074 9.775113813166296
1399.852 9.910387992858887 10.244174003601074 9.83531236387017
1399.867 9.898628234863281 10.244174003601074 9.889811926606683
1399.887 9.912250518798828 10.244174003601074 9.93871333781688
1399.902 9.91501522064209 10.244174003601074 9.982244367840634
1399.917 9.93323040008545 10.244174003601074 10.020717429355562
1399.937 9.941291809082031 10.244174003601074 10.05449691724924
1399.952 9.97702407836914 10.244174003601074 10.083974358244348
1399.967 10.053115844726562 10.244174003601074 10.109549847801555
1399.982 10.130569458007812 10.244174003601074 10.131618508546344
1400.002 10.209898948669434 10.244174003601074 10.150560923609424
1400.017 10.232053756713867 10.244174003601074 10.166736684395726
1400.032 10.222262382507324 10.244174003601074 10.180480349589178
1400.057 10.261012077331543 10.244174003601074 10.192099244459609
1400.067 10.260175704956055 10.244174003601074 10.201872640183204
1400.082 10.231345176696777 10.244174003601074 10.210051944969312
1400.102 10.224766731262207 10.244174003601074 10.216861615006017
1400.117 10.192131996154785 10.244174003601074 10.222500555971806
1400.132 10.197423934936523 10.244174003601074 10.227143837188683
1400.152 10.202425003051758 10.244174003601074 10.23094458221963
1400.167 10.192824363708496 10.244174003601074 10.23403593340124
1400.182 10.209463119506836 10.244174003601074 10.23653301479286
1400.202 10.223836898803711 10.244174003601074 10.238534839464545
1400.217 10.232171058654785 10.244174003601074 10.240126123914248
1400.232 10.23751449584961 10.244174003601074 10.241378985527161
1400.252 10.236730575561523 10.244174003601074 10.24235450906361
1400.272 10.247471809387207 10.244174003601074 10.243104175770517
1400.282 10.257469177246094 12.219648361206055 10.286909402524024
1400.307 10.359601974487305 12.219648361206055 10.371990346613464
1400.317 10.434810638427734 12.219648361206055 10.484288861045831
1400.332 10.64062786102295 12.219648361206055 10.612973896984382
1400.352 10.918641090393066 12.219648361206055 10.749828021722402
1400.367 11.140608787536621 12.219648361206055 10.888735156117855
1400.387 11.278230667114258 12.219648361206055 11.025255082157337
1400.402 11.45113468170166 12.219648361206055 11.156271955013658
1400.417 11.601043701171875 12.219648361206055 11.279705615211075
1400.432 11.657146453857422 12.219648361206055 11.394275926640764
1400.452 11.70070743560791 12.219648361206055 11.499311662601771
1400.467 11.687060356140137 12.219648361206055 11.59459662664786
1400.487 11.682937622070312 12.219648361206055 11.680246732799427
1400.502 11.667943000793457 12.219648361206055 11.756612687738805
1400.517 11.691865921020508 12.219648361206055 11.824203724365946
1400.542 11.76093864440918 13.605778694152832 11.922132165050485
1400.552 11.774032592773438 13.605778694152832 12.03908217678066
1400.567 11.958614349365234 13.605778694152832 12.166415702369989
1400.582 12.30774974822998 13.605778694152832 12.297653703325182
1400.602 12.60840129852295 13.605778694152832 12.428044411161428
1400.617 12.80496883392334 13.605778694152832 12.554205927790585
1400.632 12.910035133361816 13.605778694152832 12.67383203717858
1400.652 13.050280570983887 13.605778694152832 12.785451490310702
1400.667 13.145258903503418 13.605778694152832 12.888232299222906
1400.682 13.223832130432129 13.605778694152832 12.98182372380719
1400.702 13.21701717376709 13.605778694152832 13.066229661027075
1400.717 13.20750904083252 13.605778694152832 13.141708056159757
1400.732 13.201639175415039 13.605778694152832 13.208691757289486
1400.752 13.198640823364258 13.605778694152832 13.267726935950495
1400.767 13.191481590270996 13.605778694152832 13.319425807381409
1400.782 13.243998527526855 13.605778694152832 13.364430912160731
1400.802 13.293072700500488 13.605778694152832 13.403388675675501
1400.817 13.353652954101562 13.605778694152832 13.436930351162859
1400.832 13.395383834838867 13.605778694152832 13.465658783672104
1400.857 13.483526229858398 13.605778694152832 13.490139713354111
1400.867 13.546814918518066 13.605778694152832 13.510896573510594
1400.882 13.55600357055664 13.605778694152832 13.528407937719884
1400.902 13.61553955078125 13.605778694152832 13.543106936380648
1400.917 13.615181922912598 13.605778694152832 13.555382100878914
1400.932 13.637112617492676 13.605778694152832 13.565579207436024
1400.952 13.626649856567383 13.605778694152832 13.574003786176545
1400.967 13.599031448364258 13.605778694152832 13.580924037240838
1400.982 13.581188201904297 13.605778694152832 13.58657395760978
1401.002 13.581217765808105 13.605778694152832 13.59115653208365
1401.017 13.545026779174805 15.778499603271484 13.63879466660412
1401.032 13.558976173400879 15.778499603271484 13.72948836117119
1401.052 13.73933219909668 15.778499603271484 13.851402492488212
1401.067 13.94845199584961 15.778499603271484 13.992304765680421
1401.082 14.206225395202637 15.778499603271484 14.142901254494552
1401.102 14.569747924804688 15.778499603271484 14.296262028124405
1401.117 14.742135047912598 15.778499603271484 14.447343850563936
1401.132 15.001089096069336 15.778499603271484 14.592595706956342
1401.152 15.182528495788574 15.778499603271484 14.729634646891586
1401.167 15.245050430297852 15.778499603271484 14.85698102586974
1401.187 15.269403457641602 15.778499603271484 14.9738436698535
1401.202 15.224549293518066 17.650089263916016 15.131935392793224
1401.217 15.236797332763672 17.650089263916016 15.315183184502429
1401.232 15.359208106994629 17.650089263916016 15.511369274824045
1401.252 15.61214542388916 17.650089263916016 15.711378198104882
1401.272 15.833810806274414 17.650089263916016 15.908571014279355
1401.282 16.079345703125 17.650089263916016 16.098268041604122
1401.302 16.419891357421875 17.650089263916016 16.27732372461093
1401.317 16.742794036865234 17.650089263916016 16.443779341522564
1401.332 16.798444747924805 17.650089263916016 16.59658114363345
1401.352 17.003929138183594 17.650089263916016 16.735353217059746
1401.367 17.10077667236328 17.650089263916016 16.860215871583257
1401.387 17.137950897216797 19.52824592590332 17.023812725830492
1401.402 17.19888687133789 19.52824592590332 17.21062473177092
1401.422 17.357074737548828 19.52824592590332 17.408885039819907
1401.437 17.486873626708984 19.52824592590332 17.609842732857267
1401.452 17.870906829833984 19.52824592590332 17.807151393040915
1401.467 18.15188217163086 19.52824592590332 17.99636411637875
1401.482 18.374345779418945 19.52824592590332 18.174518842233546
1401.502 18.66016960144043 19.52824592590332 18.33979992715452
1401.517 18.81163787841797 19.52824592590332 18.491263761203122
1401.532 18.88249397277832 19.52824592590332 18.62861790316827
1401.552 18.916656494140625 21.554973602294922 18.80834270300165
1401.567 19.008228302001953 21.554973602294922 19.01344078427615
1401.582 19.14911651611328 21.554973602294922 19.231025880689955
1401.607 19.483205795288086 21.554973602294922 19.451515973349366
1401.617 19.723709106445312 21.554973602294922 19.667963254506912
1401.632 19.977970123291016 21.554973602294922 19.875500762377452
1401.652 20.292665481567383 21.554973602294922 20.070888001481787
1401.667 20.348072052001953 21.554973602294922 20.252140124275307
1401.682 20.719118118286133 21.554973602294922 20.418227298874406
1401.702 20.859477996826172 18.720569610595703 20.541258913426905
1401.717 20.939210891723633 18.720569610595703 20.621234967932804
1401.732 20.86066246032715 18.720569610595703 20.658155462392102
1401.752 20.788415908813477 18.720569610595703 20.6520203968048
1401.767 20.565685272216797 18.720569610595703 20.6028297711709
1401.782 20.346656799316406 18.720569610595703 20.51529148027932
1401.802 20.0090274810791 18.720569610595703 20.402702315964802
1401.817 19.772144317626953 18.720569610595703 20.275287503180095
1401.832 19.581890106201172 18.720569610595703 20.14078694326847
1401.852 19.47760009765625 14.79170036315918 19.963230823310244
1401.867 19.34493064880371 14.79170036315918 19.74261914330542
1401.882 19.17085075378418 14.79170036315918 19.478951903253993
1401.902 19.059850692749023 14.79170036315918 19.172229103155967
1401.917 18.736953735351562 14.79170036315918 18.830729734370333
1401.932 18.405548095703125 14.79170036315918 18.48406304962359
1401.952 17.89327049255371 14.79170036315918 18.137396364876846
1401.967 17.792367935180664 14.79170036315918 17.790729680130102
1401.982 17.1546573638916 14.79170036315918 17.456756297813634
1402.002 16.645774841308594 14.79170036315918 17.143379372848575
1402.017 16.353878021240234 11.701061248779297 16.79671268810183
1402.032 16.065013885498047 11.701061248779297 16.450046003355087
1402.052 15.61535358428955 11.701061248779297 16.103379318608344
1402.067 15.298189163208008 11.701061248779297 15.756712633861602
1402.082 15.02079963684082 11.701061248779297 15.41004594911486
1402.102 14.632796287536621 11.701061248779297 15.063379264368118
1402.117 14.420943260192871 11.701061248779297 14.716712579621376
1402.132 14.203357696533203 11.701061248779297 14.370045894874634
1402.152 13.931048393249512 11.701061248779297 14.040722177426378
1402.167 13.74598503112793 11.701061248779297 13.73971626332452
1402.182 13.62389087677002 11.701061248779297 13.46736605079966
1402.202 13.27082347869873 11.701061248779297 13.223117708451905
1402.217 13.033265113830566 9.916250228881836 12.9562156271424
1402.232 12.811092376708984 9.916250228881836 12.680492314054773
1402.252 12.251057624816895 9.916250228881836 12.40610610004117
1402.267 12.076200485229492 9.916250228881836 12.140299980417367
1402.282 11.77428913116455 9.916250228881836 11.888026432405844
1402.302 11.38632583618164 9.916250228881836 11.652458826469976
1402.317 11.157957077026367 9.916250228881836 11.435407357400004
1402.332 10.975749015808105 9.916250228881836 11.237654994246707
1402.352 10.790308952331543 9.916250228881836 11.059226778486858
1402.367 10.707330703735352 9.916250228881836 10.899603874583741
1402.382 10.671487808227539 9.916250228881836 10.757892080582096
1402.407 10.597054481506348 9.916250228881836 10.632953020878036
1402.417 10.551013946533203 9.916250228881836 10.52350495030429
1402.432 10.536355972290039 9.916250228881836 10.42819897954475
1402.452 10.481727600097656 9.916250228881836 10.345675568462543
1402.467 10.420660972595215 9.916250228881836 10.274605308840485
1402.482 10.342796325683594 9.916250228881836 10.21371731501327
1402.502 10.224461555480957 9.916250228881836 10.161817944860182
1402.517 10.156332015991211 9.916250228881836 10.117802070862023
1402.532 10.087580680847168 9.916250228881836 10.08065869895255
1402.552 10.023463249206543 9.916250228881836 10.049472380543522
1402.567 10.004371643066406 9.916250228881836 10.023421570434618
1402.582 9.958564758300781 9.916250228881836 10.001774841554532
1402.602 9.940218925476074 9.916250228881836 9.983885668910522
1402.617 9.92934799194336 9.916250228881836 9.969186333027674
1402.632 9.9287748336792 9.916250228881836 9.957181361704746
1402.652 9.931533813476562 9.916250228881836 9.94744082307037
1402.667 9.95219612121582 9.916250228881836 9.93959369837517
1402.682 9.94730281829834 9.916250228881836 9.933321496017115
1402.702 9.956783294677734 9.916250228881836 9.928352215838862
1402.717 9.956565856933594 9.916250228881836 9.924454732111784
1402.732 9.94169807434082 9.916250228881836 9.921433632607034
1402.752 9.949591636657715 9.916250228881836 9.91912452788811
1402.767 9.942136764526367 9.916250228881836 9.917389827892945
1402.782 9.93550968170166 9.916250228881836 9.916114970723989
1402.802 9.912186622619629 12.951306343078613 9.957895673601632
1402.817 9.97596263885498 12.951306343078613 10.042731936525875
1402.832 10.089762687683105 12.951306343078613 10.170623759496719
1402.852 10.373170852661133 12.951306343078613 10.33952075500346
1402.867 10.697587966918945 12.951306343078613 10.533113206523769
1402.882 10.877363204956055 12.951306343078613 10.739026499163502
1402.902 11.307726860046387 12.951306343078613 10.948049913475698
1402.917 11.550236701965332 12.951306343078613 11.153496041715114
1402.932 11.758176803588867 12.951306343078613 11.35067161083109
1402.952 11.930500984191895 12.951306343078613 11.536442846317401
1402.967 12.034896850585938 12.951306343078613 11.708880663569202
1402.982 12.08617115020752 12.951306343078613 11.866972924748895
1403.002 12.131176948547363 12.951306343078613 12.010392752131395
1403.017 12.158122062683105 12.951306343078613 12.139313450999879
1403.032 12.17474365234375 12.951306343078613 12.254261977083239
1403.052 12.230525970458984 12.951306343078613 12.356004097930576
1403.067 12.263110160827637 12.951306343078613 12.445455458235584
1403.082 12.344558715820312 15.5440034866333 12.577962378587191
1403.102 12.572359085083008 15.5440034866333 12.753524858985399
1403.117 12.867908477783203 15.5440034866333 12.95685793730754
1403.132 13.17215633392334 15.5440034866333 13.174445135411148
1403.152 13.605441093444824 15.5440034866333 13.396203696347516
1403.167 13.909132957458496 15.5440034866333 13.614791773250513
1403.182 14.102557182312012 15.5440034866333 13.82503577831801
1403.202 14.646645545959473 15.5440034866333 14.02345975349899
1403.217 14.74610424041748 15.5440034866333 14.207900929772677
1403.232 14.768741607666016 15.5440034866333 14.377197733827419
1403.252 14.780259132385254 15.5440034866333 14.530938381856988
1403.267 14.801806449890137 15.5440034866333 14.669259877629889
1403.282 14.765835762023926 15.5440034866333 14.79268871700778
1403.302 14.785758972167969 16.562034606933594 14.930294552140333
1403.317 14.856585502624512 16.562034606933594 15.074238182646292
1403.332 14.961432456970215 16.562034606933594 15.21872546514508
1403.352 15.189776420593262 16.562034606933594 15.359588828853754
1403.367 15.417366027832031 16.562034606933594 15.49394217919412
1403.382 15.626189231872559 16.562034606933594 15.619897982151327
1403.402 15.904218673706055 16.562034606933594 15.736336770272045
1403.417 16.055776596069336 16.562034606933594 15.842720620115406
1403.432 16.174423217773438 16.562034606933594 15.93894332376024
1403.452 16.263456344604492 16.562034606933594 16.02521101962179
1403.467 16.3075008392334 16.562034606933594 16.10194796825076
1403.482 16.2960262298584 13.566715240478516 16.135629356833128
1403.502 16.207372665405273 13.566715240478516 16.126255185368898
1403.517 16.068044662475586 13.566715240478516 16.073825453858067
1403.532 15.850863456726074 13.566715240478516 15.978340162300636
1403.552 15.633885383605957 13.566715240478516 15.842919449946178
1403.567 15.40872859954834 13.566715240478516 15.682640040123975
1403.582 15.18793773651123 13.566715240478516 15.508997437110018
1403.602 14.89303207397461 13.566715240478516 15.330601285315172
1403.617 14.739047050476074 13.566715240478516 15.153753872808792
1403.632 14.602551460266113 13.566715240478516 14.982928818740511
1403.652 14.49170207977295 13.566715240478516 14.821164929016284
1403.667 14.438175201416016 13.566715240478516 14.670388315454662
1403.682 14.41190242767334 13.566715240478516 14.53167415601635
1403.702 14.394203186035156 13.566715240478516 14.40545792668559
1403.717 14.345849990844727 13.566715240478516 14.291704553816565
1403.732 14.299613952636719 13.566715240478516 14.190042710803574
1403.752 14.203484535217285 13.566715240478516 14.099870404386987
1403.767 14.158787727355957 13.566715240478516 14.020437052245327
1403.782 14.08062744140625 13.566715240478516 13.950906432742766
1403.802 13.96684455871582 13.566715240478516 13.89040417778398
1403.817 13.866581916809082 13.566715240478516 13.838052868983423
1403.832 13.799585342407227 13.566715240478516 13.79299727464974
1403.852 13.696931838989258 15.474258422851562 13.790997240362655
1403.867 13.67348861694336 15.474258422851562 13.832052766122171
1403.882 13.761920928955078 15.474258422851562 13.907092720866059
1403.902 14.00281810760498 15.474258422851562 14.004403739141804
1403.917 14.191136360168457 15.474258422851562 14.11497260183
1403.932 14.393791198730469 15.474258422851562 14.231971561867281
1403.952 14.631328582763672 15.474258422851562 14.350328786791911
1403.967 14.818999290466309 15.474258422851562 14.466371733830451
1403.982 14.893966674804688 15.474258422851562 14.57753269955308
1404.002 14.939640045166016 15.474258422851562 14.68210710714596
1404.017 14.982327461242676 15.474258422851562 14.779056303218157
1404.032 14.988031387329102 15.474258422851562 14.867847730974743
1404.052 14.986815452575684 17.04850196838379 14.992055321356812
1404.067 15.034088134765625 17.04850196838379 15.138194283226634
1404.082 15.183156967163086 17.04850196838379 15.295991311641005
1404.102 15.43393611907959 17.04850196838379 15.45776003632687
1404.117 15.613564491271973 17.04850196838379 15.617881567127517
1404.132 15.84814167022705 17.04850196838379 15.772374788237467
1404.152 16.163516998291016 17.04850196838379 15.918542908673786
1404.167 16.30875015258789 17.04850196838379 16.054684481092497
1404.182 16.394733428955078 17.04850196838379 16.179858650173994
1404.202 16.509349822998047 17.04850196838379 16.293695786410936
1404.217 16.552637100219727 17.04850196838379 16.39624590627372
1404.232 16.56533432006836 17.04850196838379 16.48785838316405
1404.252 16.594921112060547 19.03685188293457 16.62252642010098
1404.267 16.676589965820312 19.03685188293457 16.786103114434326
1404.282 16.825271606445312 19.03685188293457 16.965853881935825
1404.302 17.151121139526367 19.03685188293457 17.152202990906297
1404.317 17.410417556762695 19.03685188293457 17.33810454648736
1404.332 17.67936134338379 19.03685188293457 17.51852142284118
1404.352 17.950454711914062 19.03685188293457 17.689996032075054
1404.367 18.117780685424805 19.03685188293457 17.850298832585107
1404.382 18.253686904907227 19.03685188293457 17.998142314307316
1404.402 18.41297721862793 19.03685188293457 18.13294985393947
1404.417 18.46795082092285 21.242992401123047 18.31081295361822
1404.432 18.522258758544922 21.242992401123047 18.519730943352908
1404.452 18.76195526123047 21.242992401123047 18.745101659070823
1404.467 18.994876861572266 21.242992401123047 18.976003196521766
1404.482 19.23090171813965 21.242992401123047 19.204454557201434
1404.502 19.602415084838867 21.242992401123047 19.424804086105976
1404.517 19.831632614135742 21.242992401123047 19.633226481472263
1404.532 20.060232162475586 21.242992401123047 19.827311586392764
1404.552 20.28289794921875 21.242992401123047 20.005730379895496
1404.567 20.38958740234375 20.449254989624023 20.145917308602403
1404.582 20.441181182861328 20.449254989624023 20.25481065301143
1404.602 20.46750831604004 20.449254989624023 20.33825211369808
1404.617 20.41778564453125 20.449254989624023 20.401135239498956
1404.632 20.40185546875 20.449254989624023 20.447538138592147
1404.652 20.288530349731445 20.449254989624023 20.480841239234657
1404.667 20.278085708618164 20.449254989624023 20.50383106495563
1404.682 20.307537078857422 20.449254989624023 20.51879110413193
1404.702 20.332765579223633 20.449254989624023 20.52758090638274
1404.717 20.362346649169922 18.462467193603516 20.49331514858695
1404.732 20.354785919189453 18.462467193603516 20.41599383074456
1404.752 20.30420684814453 18.462467193603516 20.306315586297043
1404.767 20.1644344329834 18.462467193603516 20.176494829813095
1404.782 19.99349021911621 18.462467193603516 20.035844739168052
1404.802 19.688579559326172 18.462467193603516 19.89134057323747
1404.817 19.549518585205078 18.462467193603516 19.74808832510375
1404.832 19.41295623779297 18.462467193603516 19.609712514235838
1404.852 19.22006607055664 18.462467193603516 19.478675256261408
1404.867 19.167566299438477 16.970386505126953 19.31509052851692
1404.882 19.069364547729492 16.970386505126953 19.132724135273946
1404.902 18.831815719604492 16.970386505126953 18.941963282375298
1404.917 18.665136337280273 16.970386505126953 18.75048531331403
1404.932 18.463024139404297 16.970386505126953 18.563812244042204
1404.952 18.345928192138672 16.970386505126953 18.385768049791345
1404.967 18.01911163330078 16.970386505126953 18.218853555089737
1404.982 17.8291072845459 16.970386505126953 18.064551859125963
1405.002 17.723098754882812 16.970386505126953 17.923575494072892
1405.017 17.629732131958008 15.389954566955566 17.752164068107103
1405.032 17.537214279174805 15.389954566955566 17.56370227793264
1405.052 17.318849563598633 15.389954566955566 17.36825611060038
1405.067 17.13721466064453 15.389954566955566 17.173233533844872
1405.082 16.93526268005371 15.389954566955566 16.98393182469361
1405.102 16.674915313720703 15.389954566955566 16.803988451932433
1405.117 16.4796085357666 15.389954566955566 16.63575031432172
1405.132 16.328598022460938 15.389954566955566 16.480574210483628
1405.152 16.161773681640625 15.389954566955566 16.339069678434683
1405.167 16.077747344970703 15.389954566955566 16.211293787821738
1405.182 16.000822067260742 15.389954566955566 16.096906087366754
1405.202 15.926377296447754 15.389954566955566 15.995290692782323
1405.217 15.89675521850586 15.389954566955566 15.905651434027043
1405.232 15.867188453674316 15.389954566955566 15.827085052108611
1405.252 15.819287300109863 15.389954566955566 15.758636631485006
1405.267 15.769706726074219 15.389954566955566 15.699340761522162
1405.282 15.721875190734863 15.389954566955566 15.64825132706839
1405.302 15.66384506225586 15.389954566955566 15.604462322379934
1405.317 15.610772132873535 15.389954566955566 15.567121653616963
1405.332 15.552173614501953 15.389954566955566 15.535439533079135
1405.352 15.483048439025879 15.389954566955566 15.508692764348
1405.367 15.465699195861816 16.067384719848633 15.5050434697575
1405.382 15.455347061157227 16.067384719848633 15.51804873393123
1405.402 15.506375312805176 16.067384719848633 15.542628507597382
1405.417 15.595942497253418 16.067384719848633 15.574820574666786
1405.432 15.643383026123047 16.067384719848633 15.611573894384165
1405.452 15.728166580200195 16.067384719848633 15.650575186110997
1405.467 15.750690460205078 16.067384719848633 15.690104155083745
1405.482 15.854461669921875 16.067384719848633 15.72891326571116
1405.502 15.876378059387207 16.067384719848633 15.766128446905181
1405.517 15.904480934143066 16.067384719848633 15.801167556887828
1405.532 15.892718315124512 16.067384719848633 15.833673840488991
1405.552 15.89738655090332 12.630522727966309 15.823124564043555
1405.567 15.839934349060059 12.630522727966309 15.769519727551518
1405.582 15.739686012268066 12.630522727966309 15.672859331012882
1405.602 15.432074546813965 12.630522727966309 15.533143374427645
1405.617 15.211549758911133 12.630522727966309 15.352385247905355
1405.632 14.91259479522705 12.630522727966309 15.147234626461788
1405.652 14.53747272491455 12.630522727966309 14.9303013463196
1405.672 14.274100303649902 12.630522727966309 14.71094975269446
1405.682 14.05260181427002 12.630522727966309 14.495958134900755
1405.702 13.849532127380371 12.630522727966309 14.290063156394568
1405.717 13.715593338012695 12.630522727966309 14.09640674146509
1405.732 13.671378135681152 12.630522727966309 13.916900642338334
1405.752 13.611603736877441 12.630522727966309 13.752521883712504
1405.767 13.586118698120117 12.630523681640625 13.603550489151198
1405.782 13.543780326843262 12.630523681640625 13.469759133333465
1405.802 13.49802303314209 12.630523681640625 13.350563231995793
1405.817 13.384098052978516 12.630523681640625 13.245138403757895
1405.832 13.326396942138672 12.630523681640625 13.152511312127858
1405.852 13.168451309204102 12.630523681640625 13.071628906580226
1405.867 13.075251579284668 12.630523681640625 13.001410259606553
1405.882 12.976286888122559 12.630523681640625 12.940784490961585
1405.902 12.845877647399902 12.630523681640625 12.88871766761512
1405.917 12.76902961730957 12.630523681640625 12.844231055738817
1405.932 12.71786880493164 12.630523681640625 12.806412667985132
1405.952 12.665242195129395 12.630523681640625 12.774423684967967
1405.967 12.681090354919434 12.630523681640625 12.747501024880108
1405.982 12.697998046875 12.630523681640625 12.724957081230501
1406.002 12.720904350280762 15.796643257141113 12.745468697627494
1406.017 12.729524612426758 15.796643257141113 12.809035874071089
1406.032 12.841306686401367 15.796643257141113 12.915658610561284
1406.052 13.198372840881348 15.796643257141113 13.065336907098079
1406.067 13.374434471130371 15.796643257141113 13.248475979486
1406.082 13.649107933044434 15.796643257141113 13.450508077086926
1406.107 14.24140739440918 15.796643257141113 13.660468172514808
1406.117 14.39052677154541 15.796643257141113 13.870277774120177
1406.132 14.4953031539917 15.796643257141113 14.074151476724687
1406.152 14.613367080688477 15.796643257141113 14.2681079594699
1406.172 14.769218444824219 15.796643257141113 14.449569420824263
1406.182 14.769218444824219 15.796643257141113 14.617035520358648
1406.202 14.820700645446777 13.497088432312012 14.741446059846433
1406.217 14.832517623901367 13.497088432312012 14.822801039287619
1406.232 14.836470603942871 13.497088432312012 14.861100458682204
1406.252 14.740104675292969 13.497088432312012 14.856344318030189
1406.267 14.60401725769043 13.497088432312012 14.815178638758203
1406.282 14.508106231689453 13.497088432312012 14.749062948556759
1406.302 14.305277824401855 13.497088432312012 14.666902964699496
1406.317 14.211394309997559 13.497088432312012 14.575526792637849
1406.332 14.149764060974121 13.497088432312012 14.480083913099051
1406.352 14.103468894958496 13.497088432312012 14.38437775130323
1406.367 14.088200569152832 13.497088432312012 14.291141408665398
1406.382 14.070830345153809 13.497088432312012 14.20226500173105
1406.402 14.070491790771484 13.497088432312012 14.118982004658795
1406.422 14.051380157470703 10.657233238220215 13.99264344753994
1406.432 13.990601539611816 10.657233238220215 13.823249330374486
1406.452 13.73353099822998 10.657233238220215 13.613905314953614
1406.467 13.534409523010254 10.657233238220215 13.38174565185273
1406.482 13.27060604095459 10.657233238220215 13.13968365512157
1406.502 12.520990371704102 10.657233238220215 12.897248931156708
1406.517 12.420137405395508 10.657233238220215 12.661281384603559
1406.532 11.899246215820312 10.657233238220215 12.43650330318786
1406.552 11.685029029846191 10.657233238220215 12.22598817453482
1406.567 11.559319496154785 10.657233238220215 12.031542471556794
1406.582 11.434036254882812 10.657233238220215 11.854014460165635
1406.607 11.370885848999023 10.657233238220215 11.693542128325872
1406.617 11.395230293273926 8.783186912536621 11.497693750674145
1406.632 11.359392166137695 8.783186912536621 11.28193277399327
1406.652 11.156401634216309 8.783186912536621 11.05789446272427
1406.667 11.014528274536133 8.783186912536621 10.834147348862704
1406.687 10.767301559448242 8.783186912536621 10.616824124727724
1406.702 10.767301559448242 8.783186912536621 10.410141444990861
1406.717 10.097513198852539 8.783186912536621 10.216825674729177
1406.732 9.709750175476074 8.783186912536621 10.038459405794574
1406.752 9.514508247375488 8.783186912536621 9.875761565021794
1406.767 9.358145713806152 8.783186912536621 9.72881214913744
1406.782 9.295300483703613 8.783186912536621 9.5972310328352
1406.807 9.2697172164917 8.783186912536621 9.480318895729356
1406.817 9.244546890258789 8.783186912536621 9.37716708653363
1406.832 9.244247436523438 8.783186912536621 9.286742173802244
1406.852 9.257680892944336 8.783186912536621 9.207950006742333
1406.867 9.266951560974121 8.783186912536621 9.139683312110598
1406.882 9.254240989685059 8.783186912536621 9.080856169834423
1406.907 9.197933197021484 7.970732688903809 9.00785995216341
1406.917 9.159200668334961 7.970732688903809 8.926736903593392
1406.932 9.033114433288574 7.970732688903809 8.842043044583395
1406.952 8.78633975982666 7.970732688903809 8.757142712250962
1406.967 8.602456092834473 7.970732688903809 8.67445275018462
1406.982 8.447342872619629 7.970732688903809 8.595643830406635
1407.002 8.310072898864746 7.970732688903809 8.521805461100133
1407.017 8.215645790100098 7.970732688903809 8.45358038558609
1407.032 8.162446022033691 7.970732688903809 8.391273311724541
1407.052 8.143120765686035 7.970732688903809 8.334938224525406
1407.067 8.159710884094238 7.970732688903809 8.284447924709287
1407.082 8.187280654907227 7.970732688903809 8.239548897572483
1407.102 8.232438087463379 7.970732688903809 8.199904144434901
1407.117 8.262566566467285 7.970732688903809 8.165126197510032
1407.132 8.266775131225586 7.970732688903809 8.134802182481039
1407.152 8.229330062866211 7.970732688903809 8.108512485750273
1407.167 8.20749568939209 7.970732688903809 8.085844319836761
1407.182 8.149778366088867 7.970732688903809 8.066401255629822
1407.202 8.103124618530273 7.970732688903809 8.049809599438131
1407.217 8.065829277038574 7.970732688903809 8.03572233166863
1407.232 7.997727394104004 7.559166431427002 8.012388791365591
1407.252 7.953958511352539 7.559166431427002 7.983076909848397
1407.267 7.900676250457764 7.559166431427002 7.950294769565363
1407.282 7.844732761383057 7.559166431427002 7.91593622565427
1407.302 7.801919460296631 7.559166431427002 7.881402329930112
1407.317 7.772079944610596 7.559166431427002 7.847702040390469
1407.332 7.738377571105957 7.559166431427002 7.8155352878555995
1407.357 7.696900844573975 7.559166431427002 7.785361091148439
1407.367 7.685907363891602 7.559166431427002 7.757453064973208
1407.382 7.702350616455078 7.559166431427002 7.731944350675881
1407.402 7.710881233215332 7.559166431427002 7.7088637186599875
1407.417 7.709893703460693 7.559166431427002 7.688164340977226
1407.432 7.71805477142334 7.559166431427002 7.669746511638071
1407.452 7.6888227462768555 7.559166431427002 7.6534753983353525
1407.467 7.693326473236084 7.559166431427002 7.6391947402436875
1407.482 7.666598320007324 7.559166431427002 7.626737260012233
1407.502 7.615309238433838 7.559166431427002 7.615932431707292
1407.517 7.621033668518066 7.559166431427002 7.606612138076151
1407.532 7.600082874298096 7.559166431427002 7.598614658011611
1407.557 7.580898284912109 7.559166431427002 7.591787346564109
1407.567 7.559139251708984 7.559166431427002 7.585988303501516
1407.582 7.5501017570495605 7.559166431427002 7.581087270645899
1407.602 7.562323570251465 7.559166431427002 7.576965951574422
1407.617 7.567418098449707 7.559166431427002 7.573517908467319
1407.632 7.548281669616699 7.559166431427002 7.570648158776589
1407.652 7.5538835525512695 7.559166431427002 7.568272567969882
1407.667 7.593973159790039 7.559166431427002 7.566317112996493
1407.682 7.613724231719971 7.559166431427002 7.564717073563477
1407.702 7.587360858917236 7.559166431427002 7.5634161941402525
1407.717 7.583527565002441 7.559166431427002 7.562365848262927
1407.732 7.570434093475342 7.559166431427002 7.5615242277005414
1407.752 7.569991111755371 7.559166431427002 7.560855571962172
1407.767 7.561532974243164 7.559166431427002 7.560329448117572
1407.782 7.534606456756592 7.559166431427002 7.5599200866808305
1407.807 7.515700817108154 7.559166431427002 7.559605776120203
1407.817 7.515700817108154 7.559166431427002 7.559368316202536
1407.832 7.537728786468506 7.559166431427002 7.559192528687367
1407.852 7.5453057289123535 7.559166431427002 7.559065822713452
1407.867 7.58302640914917 7.559166431427002 7.558977811454132
1407.882 7.618278980255127 7.559166431427002 7.558919976163823
1407.902 7.567163467407227 7.559166431427002 7.558885373520203
1407.917 7.5714263916015625 7.559166431427002 7.558868382124346
1407.932 7.5976691246032715 7.559166431427002 7.558864484105725
1407.952 7.588748455047607 7.559166431427002 7.558870077952237
1407.972 7.546236038208008 7.559166431427002 7.558882318917313
1407.982 7.554986000061035 7.559166431427002 7.558898983623751
1408.002 7.533358097076416 7.559166431427002 7.5589183557695385
1408.017 7.538826942443848 7.559166431427002 7.558939130131605
1408.032 7.5385284423828125 11.057500839233398 7.602015464540271
1408.052 7.605856418609619 11.057500839233398 7.688147358995537
1408.067 7.733333587646484 11.057500839233398 7.8173348134974034
1408.082 7.963989734649658 11.057500839233398 7.98957782804587
1408.102 8.343974113464355 11.057500839233398 8.19823874512695
1408.122 8.756440162658691 11.057500839233398 8.427203021294755
1408.132 9.059487342834473 11.057500839233398 8.664357918395504
1408.152 9.345783233642578 11.057500839233398 8.900795123659446
1408.167 9.586342811584473 11.057500839233398 9.130150282286326
1408.182 9.769547462463379 11.057500839233398 9.34805899696823
1408.202 9.944135665893555 11.057500839233398 9.55171140650839
1408.217 9.959935188293457 11.057500839233398 9.73948978560811
1408.232 10.03882122039795 11.057500839233398 9.910675709829906
1408.252 10.085428237915039 11.057500839233398 10.065215209909988
1408.272 10.115486145019531 11.057500839233398 10.20353200859561
1408.282 10.20380687713623 11.057500839233398 10.32638040449067
1408.302 10.338462829589844 11.057500839233398 10.43473065615026
1408.317 10.386133193969727 11.057500839233398 10.529680841795296
1408.337 10.481266021728516 11.057500839233398 10.612390141562662
1408.357 10.623185157775879 11.057500839233398 10.684029325843174
1408.367 10.72690486907959 13.36890983581543 10.798724070170286
1408.382 10.815526962280273 13.36890983581543 10.95231602506922
1408.402 11.203948974609375 13.36890983581543 11.129517869999844
1408.422 11.469167709350586 13.36890983581543 11.318717861787238
1408.432 11.741816520690918 13.36890983581543 11.51126096943573
1408.457 12.076370239257812 13.36890983581543 11.700851556520485
1408.472 12.406791687011719 13.36890983581543 11.883059764832065
1408.487 12.540616989135742 13.36890983581543 12.054915928817588
1408.502 12.575883865356445 13.36890983581543 12.214579345024866
1408.517 12.588294982910156 13.36890983581543 12.361069530147311
1408.532 12.554444313049316 13.36890983581543 12.494049727620215
1408.552 12.560853958129883 13.36890983581543 12.6136538727177
1408.567 12.555858612060547 13.36890983581543 12.720349509433428
1408.582 12.604905128479004 13.36890983581543 12.814830280670618
1408.602 12.677400588989258 13.36890983581543 12.897932599020569
1408.617 12.829291343688965 16.498836517333984 13.02409047741712
1408.632 12.999448776245117 16.498836517333984 13.193303915860271
1408.652 13.297163963317871 16.498836517333984 13.405572914350023
1408.667 13.719038009643555 16.498836517333984 13.643623024731996
1408.682 13.93111801147461 16.498836517333984 13.893537094499859
1408.702 14.462836265563965 16.498836517333984 14.145011610101296
1408.717 14.672517776489258 16.498836517333984 14.39061904125395
1408.732 14.9802827835083 16.498836517333984 14.62519929928358
1408.752 15.367300033569336 16.498836517333984 14.845360631113035
1408.767 15.615204811096191 16.498836517333984 15.049072806190045
1408.782 15.716772079467773 16.498836517333984 15.235337747050709
1408.802 15.784092903137207 16.498836517333984 15.403924810306096
1408.817 15.787097930908203 16.498836517333984 15.555159753737806
1408.832 15.769330978393555 19.30722427368164 15.749450257216116
1408.852 15.838678359985352 19.30722427368164 15.986796320741027
1408.867 15.99643325805664 19.30722427368164 16.249128448851295
1408.882 16.280881881713867 19.30722427368164 16.522080251893136
1408.902 16.682289123535156 19.30722427368164 16.79506082649254
1408.917 17.011966705322266 19.30722427368164 17.060479226177957
1408.932 17.3373966217041 19.30722427368164 17.31310533319313
1408.952 17.747692108154297 19.30722427368164 17.54954623805682
1408.967 18.066024780273438 19.30722427368164 17.767819944686497
1408.982 18.33394432067871 19.30722427368164 17.96701066703366
1409.002 18.624330520629883 17.532644271850586 18.12314582933422
1409.017 18.754222869873047 17.532644271850586 18.23622543158818
1409.032 18.797971725463867 17.532644271850586 18.306249473795543
1409.052 18.631803512573242 17.532644271850586 18.334944334047233
1409.067 18.38444709777832 17.532644271850586 18.333222868306834
1409.082 18.15513038635254 17.532644271850586 18.30975085455268
1409.102 17.83649253845215 17.532644271850586 18.271342948826806
1409.117 17.685415267944336 17.532644271850586 18.223297873790028
1409.132 17.591800689697266 17.532644271850586 18.1696807464464
1409.152 17.626985549926758 17.532644271850586 18.11355967983566
1409.167 17.654193878173828 15.125027656555176 18.01438305317832
1409.182 17.688251495361328 15.125027656555176 17.872150866474378
1409.202 17.637584686279297 15.125027656555176 17.69390881542536
1409.217 17.52824592590332 15.125027656555176 17.49481086406229
1409.232 17.374204635620117 15.125027656555176 17.286296683674863
1409.252 17.04890251159668 15.125027656555176 17.076826267129594
1409.267 16.805952072143555 15.125027656555176 16.87248917130741
1409.282 16.546663284301758 15.125027656555176 16.67750698629248
1409.302 16.247377395629883 15.125027656555176 16.494645326255434
1409.317 16.088233947753906 15.125027656555176 16.325549533359844
1409.332 15.942983627319336 15.125027656555176 16.17101638422704
1409.352 15.81685733795166 15.125027656555176 16.03121238416604
1409.367 15.747553825378418 15.125027656555176 15.905847718906722
1409.382 15.713069915771484 15.125027656555176 15.79431359555124
1409.402 15.674513816833496 15.125027656555176 15.695789530772169
1409.417 15.674513816833496 15.125027656555176 15.60932612097661
1409.432 15.628386497497559 15.125027656555176 15.533907942041413
1409.452 15.539384841918945 15.125027656555176 15.468500461359648
1409.467 15.517435073852539 15.125027656555176 15.412084188931146
1409.482 15.45285415649414 15.125027656555176 15.363678734459985
1409.502 15.36099624633789 15.125027656555176 15.322358962170993
1409.522 15.310614585876465 15.125027656555176 15.287265033580045
1409.532 15.29184627532959 15.125027656555176 15.257607790998794
1409.552 15.232658386230469 17.88343620300293 15.271006108464142
1409.567 15.227069854736328 17.88343620300293 15.327459985976091
1409.582 15.291263580322266 17.88343620300293 15.42696942353464
1409.602 15.541096687316895 17.88343620300293 15.566519714417199
1409.617 15.807385444641113 17.88343620300293 15.730889552216983
1409.632 16.049999237060547 17.88343620300293 15.908480902303328
1409.652 16.337594985961914 17.88343620300293 16.090614575760487
1409.667 16.706480026245117 17.88343620300293 16.27094431166474
1409.682 16.89035987854004 17.88343620300293 16.44497206582956
1409.702 17.072031021118164 17.88343620300293 16.609649295054325
1409.717 17.13214111328125 19.413772583007812 16.805560295244373
1409.732 17.17361068725586 19.413772583007812 17.018413524702854
1409.752 17.364051818847656 19.413772583007812 17.237496094562783
1409.767 17.492246627807617 19.413772583007812 17.45495739737636
1409.782 17.678443908691406 19.413772583007812 17.665216199789107
1409.802 17.918338775634766 19.413772583007812 17.8644726874559
1409.817 18.099687576293945 19.413772583007812 18.05030928003815
1409.832 18.262529373168945 19.413772583007812 18.22136615323127
1409.852 18.4698486328125 19.413772583007812 18.377079314107363
1409.867 18.611000061035156 19.413772583007812 18.51747078201859
1409.882 18.721376419067383 21.552968978881836 18.70091780997642
1409.902 18.931659698486328 21.552968978881836 18.911611829146445
1409.917 19.162723541259766 21.552968978881836 19.135980246028495
1409.932 19.532468795776367 21.552968978881836 19.363916191060834
1409.952 19.77916145324707 21.552968978881836 19.588077309859056
1409.967 20.07914924621582 21.552968978881836 19.803306438184716
1409.982 20.209253311157227 21.552968978881836 20.006155719282145
1410.002 20.444427490234375 21.552968978881836 20.19449807387516
1410.017 20.605388641357422 21.552968978881836 20.367212065403304
1410.032 20.690832138061523 24.08243179321289 20.58298161697805
1410.052 20.919092178344727 24.08243179321289 20.83482341856419
1410.067 21.069210052490234 24.08243179321289 21.105521392462816
1410.082 21.336580276489258 24.08243179321289 21.3822135672919
1410.102 21.75202178955078 24.08243179321289 21.65551569148561
1410.117 22.040067672729492 24.08243179321289 21.91879655297681
1410.132 22.35198974609375 24.08243179321289 22.16758215165281
1410.152 22.743019104003906 24.08243179321289 22.399068767063596
1410.167 22.974456787109375 24.70672607421875 22.629069103239058
1410.182 23.13043785095215 24.70672607421875 22.851615373757657
1410.202 23.396148681640625 24.70672607421875 23.062637722506427
1410.217 23.45680046081543 24.70672607421875 23.259539528302664
1410.232 23.557109832763672 24.70672607421875 23.44085211668228
1410.252 23.648794174194336 24.70672607421875 23.60595597149668
1410.267 23.812381744384766 24.70672607421875 23.754857348827855
1410.282 23.846954345703125 24.70672607421875 23.888010801067065
1410.302 23.951589584350586 26.13385772705078 24.045822083211
1410.317 24.09576988220215 26.13385772705078 24.216921162572145
1410.332 24.30038833618164 26.13385772705078 24.392790410375714
1410.352 24.673568725585938 26.13385772705078 24.567193021432857
1410.367 24.799060821533203 26.13385772705078 24.73570002536427
1410.392 25.21146011352539 26.13385772705078 24.895301093678583
1410.402 25.26316261291504 26.13385772705078 25.044086211461078
1410.417 25.3843936920166 27.788034439086914 25.226936335724435
1410.432 25.518301010131836 27.788034439086914 25.429120543480806
1410.452 25.742677688598633 27.788034439086914 25.639544615542423
1410.467 25.971275329589844 27.788034439086914 25.85002880984519
1410.482 26.170082092285156 27.788034439086914 26.054709307968277
1410.502 26.457128524780273 27.788034439086914 26.249544920596335
1410.517 26.63636589050293 27.788034439086914 26.431912931183124
1410.532 26.790788650512695 27.19113540649414 26.583699518145032
1410.552 26.91841697692871 27.19113540649414 26.709353124105608
1410.567 26.950593948364258 27.19113540649414 26.81278771576064
1410.582 26.945880889892578 27.19113540649414 26.8974254974238
1410.602 26.915605545043945 27.19113540649414 26.966241182468004
1410.617 26.905960083007812 27.19113540649414 27.02180615149625
1410.632 26.942350387573242 27.19113540649414 27.06633130271931
1410.652 26.979755401611328 24.67778205871582 27.067800893895768
1410.667 26.94499397277832 24.67778205871582 27.026214925025627
1410.682 26.911226272583008 24.67778205871582 26.941573396108886
1410.702 26.733280181884766 24.67778205871582 26.81803053570472
1410.717 26.480632781982422 24.67778205871582 26.67004013478971
1410.732 26.349231719970703 24.67778205871582 26.508639841768506
1410.752 26.081844329833984 21.86894989013672 26.304183988700704
1410.767 25.830991744995117 21.86894989013672 26.0566725755863
1410.782 25.56149673461914 21.86894989013672 25.7661056024253
1410.802 25.113460540771484 21.86894989013672 25.44961160598713
1410.817 24.77865982055664 21.86894989013672 25.12332807740153
1410.832 24.437023162841797 21.86894989013672 24.799092149883258
1410.852 24.011409759521484 21.86894989013672 24.485330224247942
1410.867 23.846675872802734 21.86894989013672 24.187790276428505
1410.882 23.53814125061035 18.832393646240234 23.847194768562467
1410.902 23.216684341430664 18.832393646240234 23.500528083815723
1410.917 22.900617599487305 18.832393646240234 23.15386139906898
1410.932 22.579151153564453 18.832393646240234 22.807194714322236
1410.952 21.962921142578125 18.832393646240234 22.460528029575492
1410.967 21.785259246826172 18.832393646240234 22.11386134482875
1410.982 21.51496696472168 18.832393646240234 21.767194660082005
1411.002 21.18756103515625 18.832393646240234 21.42052797533526
1411.017 20.870384216308594 16.291866302490234 21.073861290588518
1411.032 20.70701026916504 16.291866302490234 20.727194605841774
1411.052 20.259727478027344 16.291866302490234 20.38052792109503
1411.067 19.7464599609375 16.291866302490234 20.033861236348287
1411.082 19.522640228271484 16.291866302490234 19.687194551601543
1411.102 19.069538116455078 16.291866302490234 19.3405278668548
1411.117 18.7829647064209 16.291866302490234 18.993861182108056
1411.132 18.498281478881836 16.291866302490234 18.662251979299324
1411.152 18.158777236938477 16.291866302490234 18.358754668740485
1411.167 17.929039001464844 14.600948333740234 18.036864747131148
1411.182 17.691883087158203 14.600948333740234 17.71073484218477
1411.202 17.294445037841797 14.600948333740234 17.3906254475474
1411.217 16.988224029541016 14.600948333740234 17.08372268043217
1411.232 16.58011245727539 14.600948333740234 16.794809740599536
1411.252 16.346755981445312 14.600948333740234 16.526814870330497
1411.267 16.13884925842285 14.600948333740234 16.281255585668013
1411.282 15.908821105957031 14.600948333740234 16.058596228977486
1411.302 15.623916625976562 14.600948333740234 15.858533469770569
1411.317 15.53050422668457 14.600948333740234 15.680222237872862
1411.332 15.40821647644043 13.588811874389648 15.494337785935675
1411.352 15.313432693481445 13.588811874389648 15.308189317285619
1411.367 15.18149185180664 13.588811874389648 15.127022427997096
1411.382 14.959321022033691 13.588811874389648 14.954458084626996
1411.402 14.795994758605957 13.588811874389648 14.792852353520479
1411.417 14.639413833618164 13.588811874389648 14.643589342928797
1411.432 14.469568252563477 13.588811874389648 14.507318143694832
1411.452 14.28002643585205 13.588811874389648 14.384143053893254
1411.467 14.165628433227539 13.588811874389648 14.273775039620528
1411.482 14.07429313659668 13.588811874389648 14.175651207781588
1411.502 14.00952434539795 13.588811874389648 14.089028035452431
1411.517 13.954023361206055 13.588811874389648 14.013053201751026
1411.532 13.929899215698242 13.588811874389648 13.946820089509554
1411.552 13.879883766174316 13.588811874389648 13.889408353035694
1411.567 13.837584495544434 13.588811874389648 13.839913373022226
1411.582 13.851070404052734 13.588811874389648 13.79746692905439
1411.602 13.802971839904785 13.588811874389648 13.761251003826084
1411.617 13.787206649780273 13.588811874389648 13.730506281630314
1411.632 13.7445068359375 13.588811874389648 13.704536608343757
1411.652 13.705897331237793 13.588811874389648 13.682710433260334
1411.667 13.689922332763672 13.588811874389648 13.66446004786571
1411.682 13.65958309173584 13.588811874389648 13.649279266897949
1411.702 13.633506774902344 13.588811874389648 13.636720057461615
1411.717 13.630043029785156 14.343828201293945 13.647361185817536
1411.732 13.637913703918457 14.343828201293945 13.674333635652134
1411.752 13.70622730255127 14.343828201293945 13.712260964176012
1411.767 13.751518249511719 14.343828201293945 13.756985751918661
1411.782 13.857651710510254 14.343828201293945 13.80533969665632
1411.802 13.933013916015625 14.343828201293945 13.854951371915071
1411.817 14.05445384979248 14.343828201293945 13.904086318461085
1411.832 14.068946838378906 14.343828201293945 13.951514749668037
1411.852 14.111300468444824 14.343828201293945 13.99640272168071
1411.872 14.170981407165527 14.343828201293945 14.03822314306683
1411.892 14.159645080566406 14.343828201293945 14.076683474722909
1411.902 14.15793228149414 14.343828201293945 14.111667399464672
1411.917 14.119760513305664 17.002717971801758 14.189706884253035
1411.932 14.156366348266602 17.002717971801758 14.310801929087997
1411.952 14.379859924316406 17.002717971801758 14.472362162860925
1411.967 14.585772514343262 17.002717971801758 14.658434663368526
1411.982 14.771553039550781 17.002717971801758 14.856905606898302
1412.002 15.320486068725586 17.002717971801758 15.058749018737647
1412.017 15.721088409423828 17.002717971801758 15.257402604124204
1412.032 15.896553039550781 17.002717971801758 15.448251991541518
1412.052 16.017637252807617 17.002717971801758 15.62820699810385
1412.067 16.23476219177246 17.002717971801758 15.795355614510735
1412.082 16.28520965576172 17.002717971801758 15.948683300555402
1412.102 16.289600372314453 17.002717971801758 16.087846883876992
1412.122 16.284198760986328 17.002717971801758 16.212993871627525
1412.132 16.276901245117188 14.370231628417969 16.295085299331458
1412.152 16.20710563659668 14.370231628417969 16.33412116698879
1412.167 16.188419342041016 14.370231628417969 16.330101474599523
1412.182 16.086488723754883 14.370231628417969 16.283026222163656
1412.202 15.992891311645508 14.370231628417969 16.196155769911755
1412.217 15.810976028442383 14.370231628417969 16.08317849341623
1412.232 15.725020408630371 14.370231628417969 15.95462958460633
1412.257 15.467089653015137 14.370231628417969 15.81849180959619
1412.267 15.302192687988281 14.370231628417969 15.680696952510532
1412.282 15.19139575958252 14.370231628417969 15.545542155280204
1412.302 15.125646591186523 14.370231628417969 15.416033701221853
1412.317 15.128520965576172 14.370231628417969 15.294169250452402
1412.332 15.075056076049805 11.541003227233887 15.129249239636351
1412.352 14.9795503616333 11.541003227233887 14.9212736687737
1412.367 14.778386116027832 11.541003227233887 14.678328101780677
1412.382 14.685184478759766 11.541003227233887 14.417069193420256
1412.402 14.109747886657715 11.541003227233887 14.149942916673032
1412.417 13.75140380859375 11.541003227233887 13.88603186779671
1412.442 13.116003036499023 11.541003227233887 13.631755928747145
1412.452 12.89220142364502 11.541003227233887 13.391448372863618
1412.467 12.650511741638184 11.541003227233887 13.167826701957939
1412.482 12.513520240783691 11.541003227233887 12.962374962101796
1412.502 12.48561954498291 11.541003227233887 12.775651999265058
1412.517 12.431120872497559 11.541003227233887 12.607538075857512
1412.532 12.443053245544434 11.506044387817383 12.456459383151463
1412.552 12.43783950805664 11.506044387817383 12.321785902987113
1412.567 12.425954818725586 11.506044387817383 12.202610421963335
1412.582 12.395984649658203 11.506044387817383 12.097852270468364
1412.602 12.22751522064209 11.506044387817383 12.006336487212161
1412.617 12.0955228805542 11.506044387817383 11.92685317302034
1412.637 11.87624454498291 11.506044387817383 11.858200998215818
1412.652 11.852801322937012 11.506044387817383 11.799218144866735
1412.667 11.668445587158203 11.506044387817383 11.7488033845151
1412.682 11.608902931213379 11.506044387817383 11.705929500840865
1412.702 11.566484451293945 11.506044387817383 11.669650853344734
1412.717 11.516706466674805 11.506044387817383 11.639106531992129
1412.732 11.511826515197754 11.506044387817383 11.613520264417053
1412.752 11.546258926391602 11.506044387817383 11.592197998371606
1412.767 11.55203914642334 11.506044387817383 11.574523885255761
1412.782 11.56775951385498 15.27086067199707 11.599905332186516
1412.802 11.612539291381836 15.27086067199707 11.668342339163871
1412.817 11.68983268737793 15.27086067199707 11.779834906187826
1412.832 11.963143348693848 15.27086067199707 11.934383033258381
1412.852 12.371603965759277 15.27086067199707 12.131986720375536
1412.867 12.762401580810547 15.27086067199707 12.360793645418166
1412.882 13.060884475708008 15.27086067199707 12.605607141932158
1412.902 13.341984748840332 15.27086067199707 12.85509163881826
1412.917 13.591507911682129 15.27086067199707 13.100993560265648
1412.932 13.781659126281738 15.27086067199707 13.33749735972665
1412.957 14.052400588989258 15.27086067199707 13.56069628789933
1412.972 14.07582950592041 15.27086067199707 13.76816008763826
1412.987 14.08151626586914 15.27086067199707 13.958584161638322
1413.002 14.10998821258545 15.27086067199707 14.131506874281136
1413.017 14.152178764343262 15.27086067199707 14.287083535690982
1413.032 14.232990264892578 15.27086067199707 14.425907286261364
1413.052 14.362895965576172 15.27086067199707 14.548868568615163
1413.067 14.465812683105469 15.27086067199707 14.65704615744871
1413.082 14.615774154663086 15.27086067199707 14.75162383280794
1413.102 14.817713737487793 15.27086067199707 14.833827745788643
1413.122 14.984281539916992 15.27086067199707 14.904880353648824
1413.132 15.03904914855957 15.27086067199707 14.965967509246537
1413.152 15.178387641906738 15.27086067199707 15.018215891926475
1413.167 15.216869354248047 15.27086067199707 15.062678476697899
1413.187 15.226592063903809 15.27086067199707 15.100326167821903
1413.202 15.20211124420166 15.27086067199707 15.132044082625656
1413.217 15.156667709350586 15.529258728027344 15.16580899573394
1413.232 15.130295753479004 15.529258728027344 15.200103009912716
1413.252 15.15259838104248 15.529258728027344 15.23382360157986
1413.267 15.169137001037598 15.529258728027344 15.266196557255908
1413.282 15.182291030883789 15.529258728027344 15.296704458295672
1413.302 15.30005168914795 15.529258728027344 15.325028295089714
1413.317 15.320470809936523 15.529258728027344 15.351000112546918
1413.332 15.384669303894043 15.529258728027344 15.374564876731748
1413.357 15.445306777954102 15.529258728027344 15.395750009255755
1413.367 15.4649019241333 15.529258728027344 15.414641263159842
1413.382 15.488758087158203 15.529258728027344 15.431363813645921
1413.402 15.48985481262207 12.47964859008789 15.405030804085401
1413.417 15.420665740966797 12.47964859008789 15.33564223447828
1413.432 15.335734367370605 12.47964859008789 15.22319810482456
1413.452 14.950891494750977 12.47964859008789 15.067698415124239
1413.467 14.708723068237305 12.47964859008789 14.884366692720409
1413.482 14.533296585083008 12.47964859008789 14.686181228999416
1413.502 14.165624618530273 12.47964859008789 14.482855736564877
1413.522 13.886275291442871 12.47964859008789 14.281494487896111
1413.532 13.722694396972656 12.47964859008789 14.08713431583247
1413.552 13.421358108520508 12.47964859008789 13.903190476130629
1413.567 13.287736892700195 12.47964859008789 13.731821226103285
1413.582 13.246991157531738 10.650083541870117 13.523402765958135
1413.602 13.205005645751953 10.650083541870117 13.29422177471728
1413.617 13.08052921295166 10.650083541870117 13.056527109140932
1413.632 12.904939651489258 10.650083541870117 12.819333607371336
1413.657 12.497129440307617 10.650083541870117 12.589087982058917
1413.667 12.327193260192871 10.650083541870117 12.370217380586165
1413.682 12.127506256103516 10.650083541870117 12.16557861892772
1413.702 11.752652168273926 10.650083541870117 11.97682375289822
1413.722 11.638320922851562 10.650083541870117 11.80469553643803
1413.732 11.494542121887207 10.650083541870117 11.649264425101672
1413.752 11.367879867553711 10.650083541870117 11.510117103511467
1413.772 11.276505470275879 10.650083541870117 11.386505034779391
1413.782 11.230175971984863 10.650083541870117 11.27746023263346
1413.802 11.16059398651123 9.707723617553711 11.155707659962006
1413.817 11.085926055908203 9.707723617553711 11.028229868195357
1413.832 11.009403228759766 9.707723617553711 10.900190052969073
1413.852 10.806873321533203 9.707723617553711 10.775304116176743
1413.867 10.654684066772461 9.707723617553711 10.656147513043779
1413.882 10.516101837158203 9.707723617553711 10.544406838269863
1413.902 10.319792747497559 9.707723617553711 10.441084820000052
1413.917 10.25139045715332 9.707723617553711 10.346666228462867
1413.932 10.123174667358398 9.707723617553711 10.261251164879884
1413.952 10.082968711853027 9.707723617553711 10.1846612704336
1413.967 9.985599517822266 9.707723617553711 10.116523577694743
1413.982 9.980232238769531 9.707723617553711 10.05633600993926
1414.002 9.97921371459961 9.707723617553711 10.003517908694203
1414.017 9.965078353881836 9.707723617553711 9.957448427971453
1414.032 9.950754165649414 9.707723617553711 9.917495166454637
1414.052 9.940977096557617 9.707723617553711 9.883035008214035
1414.067 9.910380363464355 9.707723617553711 9.853468800624523
1414.087 9.891291618347168 9.380523681640625 9.819142319835718
1414.102 9.88088321685791 9.380523681640625 9.782357823445802
1414.117 9.806939125061035 9.380523681640625 9.74483354091771
1414.132 9.74817943572998 9.380523681640625 9.707821419624919
1414.152 9.626029968261719 9.380523681640625 9.672204461797454
1414.167 9.568877220153809 9.380523681640625 9.638576731142374
1414.182 9.518954277038574 9.380523681640625 9.607308716991517
1414.202 9.485758781433105 9.380523681640625 9.578600389006382
1414.222 9.454490661621094 9.380523681640625 9.552523956373848
1414.232 9.446528434753418 9.380523681640625 9.529058060798246
1414.252 9.451521873474121 9.380523681640625 9.508114880575514
1414.267 9.470542907714844 9.380523681640625 9.489561401385265
1414.282 9.499574661254883 9.380523681640625 9.47323591570869
1414.307 9.51313591003418 9.380523681640625 9.458960644444533
1414.317 9.497249603271484 9.380523681640625 9.446551228833235
1414.332 9.499032974243164 9.380523681640625 9.435823715770738
1414.352 9.473949432373047 9.380523681640625 9.426599552681738
1414.367 9.456470489501953 9.380523681640625 9.41870901716406
1414.382 9.42531967163086 9.380523681640625 9.411993429617809
1414.402 9.416828155517578 9.380523681640625 9.40630643221835
1414.417 9.377850532531738 9.380523681640625 9.401514563242023
1414.432 9.34800910949707 9.380523681640625 9.39749731044116
1414.452 9.359980583190918 9.380523681640625 9.394146789588488
1414.467 9.358445167541504 9.380523681640625 9.391367163322226
1414.482 9.362405776977539 9.380523681640625 9.389073890016572
1414.512 9.369630813598633 9.380523681640625 9.387192871701746
1414.517 9.400871276855469 9.380523681640625 9.385659553305118
1414.532 9.393806457519531 9.380523681640625 9.384418012026853
1414.552 9.425923347473145 9.380523681640625 9.383420064940431
1414.567 9.389196395874023 9.089292526245117 9.37453465928282
1414.582 9.398563385009766 9.089292526245117 9.360243391948641
1414.602 9.397595405578613 9.089292526245117 9.34247490351572
1414.617 9.343466758728027 9.089292526245117 9.322707975854703
1414.632 9.268477439880371 9.089292526245117 9.302057914824273
1414.652 9.234777450561523 9.089292526245117 9.281348554425046
1414.667 9.210225105285645 9.089292526245117 9.261171956216819
1414.682 9.16839599609375 9.089292526245117 9.241937632024067
1414.702 9.140353202819824 9.089292526245117 9.223912891034013
1414.717 9.132041931152344 9.089292526245117 9.207255705289967
1414.732 9.165590286254883 9.089292526245117 9.192041300437618
1414.752 9.169327735900879 9.089292526245117 9.178283510937423
1414.767 9.172883987426758 9.089292526245117 9.16595178994406
1414.782 9.174392700195312 9.089292526245117 9.154984632533955
1414.802 9.194737434387207 9.089292526245117 9.145300055631523
1414.817 9.168277740478516 9.089292526245117 9.136803677460433
1414.832 9.167678833007812 9.089292526245117 9.129394852225282
1414.852 9.140643119812012 9.089292526245117 9.122971240633927
1414.867 9.127514839172363 9.089292526245117 9.117432132479994
1414.882 9.12142562866211 9.089292526245117 9.11268078257458
1414.902 9.106337547302246 9.089292526245117 9.108625974691217
1414.917 9.087079048156738 9.089292526245117 9.105182988810759
1414.932 9.072723388671875 9.089292526245117 9.10227411386333
1414.952 9.084256172180176 9.089292526245117 9.099828820500317
1414.967 9.093893051147461 9.089292526245117 9.097783685422007
1414.982 9.093751907348633 9.089292526245117 9.09608213975548
1415.002 9.08245849609375 9.089292526245117 9.094674098324651
1415.017 9.083412170410156 9.089292526245117 9.093515513857783
1415.032 9.092965126037598 9.089292526245117 9.092567889783282
1415.052 9.10251235961914 10.244174003601074 9.12387782126444
1415.067 9.133475303649902 10.244174003601074 9.177435946674176
1415.082 9.20383358001709 10.244174003601074 9.245450884876291
1415.102 9.367637634277344 10.244174003601074 9.3219372346633
1415.117 9.51253604888916 10.244174003601074 9.4023701415786
1415.137 9.685212135314941 10.244174003601074 9.483397166730162
1415.152 9.734964370727539 10.244174003601074 9.562599225675505
1415.167 9.802515983581543 10.244174003601074 9.638293334777616
1415.192 9.894034385681152 10.244174003601074 9.709370798849536
1415.207 9.894034385681152 10.244174003601074 9.775165293176762
1415.217 9.930191993713379 10.244174003601074 9.835346034231968
1415.232 9.926815032958984 10.244174003601074 9.889831898099276
1415.262 9.929737091064453 10.244174003601074 9.938722937023003
1415.267 9.953654289245605 10.244174003601074 9.982246266930298
1415.282 9.944729804992676 10.244174003601074 10.020713757276049
1415.302 9.966048240661621 10.244174003601074 10.054489354500785
1415.317 9.998991966247559 10.244174003601074 10.083964217259576
1415.332 10.06015682220459 10.244174003601074 10.109538140774845
1415.352 10.112092018127441 10.244174003601074 10.131606004384823
1415.367 10.157944679260254 10.244174003601074 10.150548195505822
1415.382 10.166028022766113 10.244174003601074 10.166724149358773
1415.402 10.195466995239258 10.244174003601074 10.18046830111216
1415.417 10.233031272888184 10.244174003601074 10.192087879363823
1415.432 10.236564636230469 10.244174003601074 10.201862080541098
1415.452 10.267640113830566 10.244174003601074 10.210042255892418
1415.467 10.240861892700195 10.244174003601074 10.216852818975232
1415.482 10.233555793762207 10.244174003601074 10.2224926442916
1415.502 10.230194091796875 10.244174003601074 10.227136779061963
1415.517 10.21276569366455 10.244174003601074 10.230938331865326
1415.532 10.206357955932617 10.244174003601074 10.234030435571459
1415.557 10.215791702270508 10.244174003601074 10.236528208989819
1415.567 10.207259178161621 10.244174003601074 10.238530663108534
1415.582 10.227498054504395 10.244174003601074 10.240122514671834
1415.607 10.24043083190918 10.244174003601074 10.241375882972893
1415.617 10.24043083190918 10.244174003601074 10.24235185581791
1415.632 10.230918884277344 10.244174003601074 10.243101918230563
1415.652 10.262202262878418 12.219648361206055 10.286907540689816
1415.667 10.297890663146973 12.219648361206055 10.371988820085988
1415.682 10.390270233154297 12.219648361206055 10.484287617225055
1415.702 10.65337085723877 12.219648361206055 10.61297289032065
1415.717 10.892727851867676 12.219648361206055 10.7498272129841
1415.732 11.027632713317871 12.219648361206055 10.888734511691062
1415.752 11.377839088439941 12.219648361206055 11.025254573387869
1415.767 11.5311918258667 12.219648361206055 11.156271557597758
1415.782 11.628676414489746 12.219648361206055 11.279705308637897
1415.802 11.679865837097168 12.219648361206055 11.394275693687458
1415.817 11.684045791625977 12.219648361206055 11.499311488880297
1415.837 11.64842700958252 12.219648361206055 11.594596500201462
1415.852 11.65110969543457 12.219648361206055 11.6802466437459
1415.867 11.670170783996582 12.219648361206055 11.75661262795721
1415.882 11.707231521606445 12.219648361206055 11.82420368722317
1415.902 11.748574256896973 12.219648361206055 11.883628520788065
1415.922 11.85330867767334 13.605778694152832 11.97405382710365
1415.932 11.896174430847168 13.605778694152832 12.084184324106142
1415.952 12.210847854614258 13.605778694152832 12.20537769335168
1415.967 12.283231735229492 13.605778694152832 12.331132971377732
1415.982 12.618474960327148 13.605778694152832 12.45666441476398
1416.002 12.813892364501953 13.605778694152832 12.578548458426114
1416.017 12.971396446228027 13.605778694152832 12.69443286410721
1416.032 13.03929328918457 13.605778694152832 12.802798517719195
1416.052 13.131501197814941 13.605778694152832 12.902765575100661
1416.067 13.189949035644531 13.605778694152832 12.993936775646338
1416.082 13.217438697814941 13.605778694152832 13.076271745310354
1416.102 13.22538948059082 13.605778694152832 13.149987000243858
1416.117 13.194799423217773 13.605778694152832 13.21547714689724
1416.132 13.199399948120117 13.605778694152832 13.273253461807949
1416.152 13.217118263244629 13.605778694152832 13.323896632946585
1416.167 13.267366409301758 13.605778694152832 13.368020962920056
1416.182 13.27970027923584 13.605778694152832 13.406247780861042
1416.202 13.329239845275879 13.605778694152832 13.439186192434551
1416.217 13.409599304199219 13.605778694152832 13.46741962355037
1416.232 13.478348731994629 13.605778694152832 13.491496890017126
1416.252 13.548171043395996 13.605778694152832 13.511926758852962
1416.267 13.564035415649414 13.605778694152832 13.52917516302479
1416.282 13.622986793518066 13.605778694152832 13.543664395179677
1416.302 13.653228759765625 13.605778694152832 13.555773742050244
1416.317 13.639330863952637 13.605778694152832 13.565841133720724
1416.332 13.625515937805176 13.605778694152832 13.574165474396857
1416.352 13.596981048583984 13.605778694152832 13.581009396843228
1416.367 13.584440231323242 13.605778694152832 13.586602243936808
1416.382 13.54128360748291 15.778499603271484 13.635250651076987
1416.402 13.639399528503418 15.778499603271484 13.726954618263767
1416.417 13.729853630065918 15.778499603271484 13.84966316003142
1416.432 14.030625343322754 15.778499603271484 13.991183075497016
1416.452 14.261924743652344 15.778499603271484 14.142253365995181
1416.472 14.61405086517334 15.778499603271484 14.295971694396227
1416.482 14.678678512573242 15.778499603271484 14.447317829243122
1416.502 14.88711929321289 15.778499603271484 14.592759832338109
1416.517 15.008843421936035 15.778499603271484 14.7299304850352
1416.532 15.106741905212402 15.778499603271484 14.85736304043033
1416.552 15.166160583496094 15.778499603271484 14.974276832661637
1416.567 15.18712329864502 15.778499603271484 15.080404572435796
1416.582 15.204072952270508 17.650089263916016 15.227842922136785
1416.607 15.399641036987305 17.650089263916016 15.400791698200445
1416.617 15.441632270812988 17.650089263916016 15.587218812944172
1416.632 15.624377250671387 17.650089263916016 15.778126872037513
1416.652 15.985211372375488 17.650089263916016 15.966943272320567
1416.667 16.17917251586914 17.650089263916016 16.14901574993221
1416.682 16.51696014404297 17.650089263916016 16.32119751371224
1416.702 16.80223274230957 17.650089263916016 16.48150810545521
1416.717 17.03441619873047 17.650089263916016 16.628857951623022
1416.732 17.089509963989258 17.650089263916016 16.762826211944116
1416.752 17.15829086303711 17.650089263916016 16.883482994986828
1416.767 17.152359008789062 19.52824592590332 17.043419332350794
1416.782 17.219058990478516 19.52824592590332 17.227063339896596
1416.802 17.34788703918457 19.52824592590332 17.42259662109179
1416.817 17.541345596313477 19.52824592590332 17.621219067626953
1416.832 17.762643814086914 19.52824592590332 17.816538125186412
1416.852 18.06726837158203 19.52824592590332 18.004064224086186
1416.867 18.228031158447266 19.52824592590332 18.18079631054889
1416.882 18.601972579956055 19.52824592590332 18.344883463121825
1416.902 18.67209243774414 19.52824592590332 18.49535043632482
1416.917 18.891340255737305 19.52824592590332 18.631876642600126
1416.937 19.034053802490234 21.554973602294922 18.810917567985474
1416.952 19.101051330566406 21.554973602294922 19.0154540152142
1416.967 19.242319107055664 21.554973602294922 19.23258068414939
1416.982 19.46466827392578 21.554973602294922 19.452699048133077
1417.007 19.95804786682129 21.554973602294922 19.668847060553315
1417.017 20.018266677856445 21.554973602294922 19.876145542329358
1417.032 20.210397720336914 21.554973602294922 20.071343568846746
1417.052 20.4401798248291 21.554973602294922 20.25244743463874
1417.067 20.578020095825195 21.554973602294922 20.418419821989062
1417.082 20.697582244873047 18.720569610595703 20.541336649292784
1417.102 20.793987274169922 18.720569610595703 20.621197916549907
1417.117 20.804264068603516 18.720569610595703 20.65800362376043
1417.132 20.692869186401367 18.720569610595703 20.65175377092435
1417.152 20.54242515563965 18.720569610595703 20.602448358041674
1417.167 20.3814697265625 18.720569610595703 20.514838397767083
1417.187 20.01350212097168 18.720569610595703 20.402210456022452
1417.202 19.78791046142578 18.720569610595703 20.274781515524335
1417.217 19.69277000427246 18.720569610595703 20.14028488596577
1417.232 19.613391876220703 14.79170036315918 19.962732696360604
1417.262 19.410022735595703 14.79170036315918 19.742124946708838
1417.267 19.410022735595703 14.79170036315918 19.478461637010472
1417.282 19.181413650512695 14.79170036315918 19.171742767265506
1417.302 18.721691131591797 14.79170036315918 18.830259724564538
1417.317 18.206989288330078 14.79170036315918 18.483593039817794
1417.332 17.940963745117188 14.79170036315918 18.13692635507105
1417.352 17.319948196411133 14.79170036315918 17.790259670324307
1417.367 17.09759521484375 14.79170036315918 17.456324518588215
1417.382 16.677570343017578 11.701061248779297 17.10965783384147
1417.402 16.3636474609375 11.701061248779297 16.762991149094727
1417.417 16.013504028320312 11.701061248779297 16.416324464347984
1417.432 15.65106201171875 11.701061248779297 16.06965777960124
1417.452 15.171455383300781 11.701061248779297 15.722991094854498
1417.467 14.846474647521973 11.701061248779297 15.376324410107756
1417.482 14.59239673614502 11.701061248779297 15.029657725361014
1417.502 14.358665466308594 11.701061248779297 14.682991040614272
1417.517 14.192228317260742 11.701061248779297 14.33632435586753
1417.532 14.060807228088379 11.701061248779297 14.005649820902702
1417.552 13.842082977294922 11.701061248779297 13.704650053161206
1417.567 13.568867683410645 11.701061248779297 13.433278307022878
1417.582 13.401813507080078 11.701061248779297 13.19067808077469
1417.602 13.097887992858887 9.916250228881836 12.925858250174992
1417.617 12.827369689941406 9.916250228881836 12.652470477291232
1417.632 12.348067283630371 9.916250228881836 12.380536451491622
1417.652 11.988330841064453 9.916250228881836 12.117198001474298
1417.667 11.668341636657715 9.916250228881836 11.867334671681864
1417.682 11.397442817687988 9.916250228881836 11.634069159958567
1417.702 11.032946586608887 9.916250228881836 11.4191783491633
1417.717 10.87182331085205 9.916250228881836 11.223425263572988
1417.732 10.751870155334473 9.916250228881836 11.046825133708124
1417.752 10.649287223815918 9.916250228881836 10.88885684817141
1417.767 10.616995811462402 9.916250228881836 10.74862939251716
1417.782 10.604754447937012 9.916250228881836 10.62501140552433
1417.802 10.582747459411621 9.916250228881836 10.516730704156945
1417.817 10.564301490783691 9.916250228881836 10.422449521501768
1417.837 10.502965927124023 9.916250228881836 10.340820249063732
1417.852 10.454010009765625 9.916250228881836 10.270525658787486
1417.867 10.373941421508789 9.916250228881836 10.21030688493771
1417.882 10.249724388122559 9.916250228881836 10.158981856603878
1417.902 10.149433135986328 9.916250228881836 10.115456374471925
1417.917 10.09805965423584 9.916250228881836 10.078729608299176
1417.932 10.035499572753906 9.916250228881836 10.047895443185714
1417.952 9.950145721435547 9.916250228881836 10.02214081342016
1417.967 9.93207836151123 9.916250228881836 10.000741923702545
1417.982 9.910836219787598 9.916250228881836 9.983059061286857
1418.002 9.928388595581055 9.916250228881836 9.968530542389866
1418.017 9.923469543457031 9.916250228881836 9.956666206312786
1418.032 9.943492889404297 9.916250228881836 9.947040766142678
1418.052 9.969414710998535 9.916250228881836 9.939287241372098
1418.067 9.941300392150879 9.916250228881836 9.933090631654055
1418.082 9.94955062866211 9.916250228881836 9.92818193909967
1418.102 9.96218490600586 9.916250228881836 9.924332606412051
1418.117 9.974489212036133 9.916250228881836 9.921349407532437
1418.132 9.94662857055664 9.916250228881836 9.919069804513283
1418.152 9.938697814941406 9.916250228881836 9.917357767496421
1418.167 9.921560287475586 9.916250228881836 9.916100042694909
1418.182 9.908080101013184 12.951306343078613 9.957897877939997
1418.202 9.987675666809082 12.951306343078613 10.042751273231687
1418.217 10.05605411529541 12.951306343078613 10.170660228569977
1418.232 10.289817810058594 12.951306343078613 10.339568489243215
1418.252 10.671187400817871 12.951306343078613 10.53316768818144
1418.267 10.979217529296875 12.951306343078613 10.73908430309104
1418.282 11.267049789428711 12.951306343078613 10.948108492698436
1418.302 11.605189323425293 12.951306343078613 11.153553549365267
1418.317 11.849669456481934 12.951306343078613 11.350726753086015
1418.332 11.934395790100098 12.951306343078613 11.536494761642983
1418.352 12.031966209411621 12.951306343078613 11.708928824169607
1418.367 12.094314575195312 12.951306343078613 11.867017056668384
1418.382 12.11133861541748 12.951306343078613 12.010432770942842
1418.402 12.11811351776123 12.951306343078613 12.139349410450189
1418.417 12.154149055480957 12.951306343078613 12.254294028451069
1418.432 12.211874008178711 12.951306343078613 12.356032458190153
1418.452 12.280838966369629 15.5440034866333 12.500826447975838
1418.467 12.441109657287598 15.5440034866333 12.688675997808122
1418.482 12.715798377990723 15.5440034866333 12.90261616648594
1418.502 13.200220108032227 15.5440034866333 13.12931182853436
1418.517 13.5394868850708 15.5440034866333 13.358851824929488
1418.532 13.77401351928711 15.5440034866333 13.584054149221666
1418.552 14.18281078338623 15.5440034866333 13.799892187799092
1418.567 14.450630187988281 15.5440034866333 14.003023653389011
1418.582 14.702025413513184 15.5440034866333 14.19140620055959
1418.602 14.8043794631958 15.5440034866333 14.363985840669239
1418.617 14.841108322143555 15.5440034866333 14.520446184893434
1418.632 14.840989112854004 15.5440034866333 14.66100824617835
1418.652 14.797523498535156 15.5440034866333 14.786272036148748
1418.667 14.795069694519043 16.562034606933594 14.925371160332384
1418.682 14.8323974609375 16.562034606933594 15.070521742200704
1418.702 14.996628761291504 16.562034606933594 15.21597724095894
1418.717 15.157601356506348 16.562034606933594 15.357610832541265
1418.732 15.375813484191895 16.562034606933594 15.49257112386078
1418.752 15.663341522216797 16.562034606933594 15.618999986051751
1418.767 15.909097671508789 16.562034606933594 15.735802744288376
1418.782 16.0100040435791 16.562034606933594 15.84246227343274
1418.802 16.16230583190918 16.562034606933594 15.93888972353671
1418.817 16.250791549682617 16.562034606933594 16.025305643252867
1418.832 16.301359176635742 16.562034606933594 16.102146190540978
1418.852 16.24880027770996 13.566715240478516 16.13593117778249
1418.867 16.24339485168457 13.566715240478516 16.1266606049774
1418.882 16.112960815429688 13.566715240478516 16.07433447212571
1418.902 15.879974365234375 13.566715240478516 15.97895277922742
1418.917 15.675492286682129 13.566715240478516 15.84358929543852
1418.937 15.4288969039917 13.566715240478516 15.683332292599614
1418.952 15.06707763671875 13.566715240478516 15.509686518685918
1418.967 14.87307071685791 13.566715240478516 15.331268953256087
1418.982 14.701447486877441 13.566715240478516 15.154387647977991
1419.002 14.566508293151855 13.566715240478516 14.983520699222833
1419.017 14.49875259399414 13.566715240478516 14.821710343847405
1419.032 14.466301918029785 13.566715240478516 14.670885279489555
1419.052 14.429461479187012 13.566715240478516 14.532122592423365
1419.067 14.396430969238281 13.566715240478516 14.405859128391848
1419.082 14.369479179382324 13.566715240478516 14.292060759494975
1419.102 14.332540512084961 13.566715240478516 14.190356774726148
1419.117 14.262815475463867 13.566715240478516 14.100145542719742
1419.132 14.2022066116333 13.566715240478516 14.020676651173693
1419.152 14.046473503112793 13.566715240478516 13.951113906238694
1419.167 13.968478202819824 13.566715240478516 13.890582864900537
1419.182 13.84550666809082 13.566715240478516 13.838205962330322
1419.207 13.721209526062012 13.566715240478516 13.793127773202016
1419.217 13.644316673278809 13.566715240478516 13.754532500650068
1419.232 13.617513656616211 15.474258422851562 13.75899278814472
1419.252 13.6694974899292 15.474258422851562 13.806508635685972
1419.267 13.792802810668945 15.474258422851562 13.886888046864103
1419.287 13.958191871643066 15.474258422851562 13.988586916508527
1419.302 14.232793807983398 15.474258422851562 14.102739762176192
1419.317 14.455475807189941 15.474258422851562 14.222647044432737
1419.332 14.646910667419434 15.474258422851562 14.34334758130506
1419.352 14.848710060119629 15.474258422851562 14.46126382426635
1419.367 14.907837867736816 15.474258422851562 14.573909205097516
1419.382 14.967511177062988 15.474258422851562 14.67964809613051
1419.402 14.975499153137207 15.474258422851562 14.77750014451958
1419.417 14.988861083984375 15.474258422851562 14.866981843058277
1419.432 14.972810745239258 17.04850196838379 14.991708179935289
1419.452 15.028555870056152 17.04850196838379 15.138228552937091
1419.467 15.157729148864746 17.04850196838379 15.296297974053914
1419.482 15.355910301208496 17.04850196838379 15.458253395104597
1419.502 15.640583992004395 17.04850196838379 15.618495020552015
1419.517 15.824710845947266 17.04850196838379 15.773057269115695
1419.532 16.06317901611328 17.04850196838379 15.919255901422018
1419.552 16.30008888244629 17.04850196838379 16.055399535324266
1419.567 16.427085876464844 17.04850196838379 16.180555319182645
1419.582 16.53079605102539 17.04850196838379 16.294359927424367
1419.602 16.571666717529297 17.04850196838379 16.396868287194316
1419.617 16.62772560119629 19.03685188293457 16.542432207010865
1419.632 16.687786102294922 19.03685188293457 16.716042456731508
1419.652 16.892547607421875 19.03685188293457 16.904930068362596
1419.667 17.087141036987305 19.03685188293457 17.099519577155597
1419.682 17.4185791015625 19.03685188293457 17.292790180800093
1419.702 17.55390167236328 19.03685188293457 17.479746940668644
1419.717 17.83414649963379 19.03685188293457 17.656985535386355
1419.732 18.01344108581543 19.03685188293457 17.822336150411648
1419.752 18.166358947753906 19.03685188293457 17.974573973714357
1419.767 18.35883903503418 19.03685188293457 18.11318546761014
1419.782 18.479398727416992 21.242992401123047 18.294852521552524
1419.802 18.608692169189453 21.242992401123047 18.50694002383467
1419.817 18.74995994567871 21.242992401123047 18.734937526855106
1419.832 18.958206176757812 21.242992401123047 18.968003932202816
1419.852 19.40609359741211 21.242992401123047 19.19822898331966
1419.867 19.570018768310547 21.242992401123047 19.420022589637163
1419.882 19.85420036315918 21.242992401123047 19.62961272648828
1419.902 20.03861427307129 21.242992401123047 19.824635094882343
1419.917 20.202693939208984 21.242992401123047 20.00379994085477
1419.932 20.317052841186523 21.242992401123047 20.166623427529885
1419.952 20.45823860168457 20.449254989624023 20.29116446811809
1419.967 20.50530433654785 20.449254989624023 20.38481028253252
1419.982 20.484312057495117 20.449254989624023 20.45371324575166
1420.002 20.451921463012695 20.449254989624023 20.502969861246292
1420.017 20.42279815673828 20.449254989624023 20.536778355033327
1420.032 20.374799728393555 20.449254989624023 20.558576570232816
1420.052 20.368633270263672 20.449254989624023 20.571161913247785
1420.067 20.387161254882812 20.449254989624023 20.576795105101993
1420.082 20.42848014831543 20.449254989624023 20.57728944449256
1420.102 20.46316909790039 18.462467193603516 20.534728223836527
1420.117 20.539508819580078 18.462467193603516 20.449111443133894
1420.132 20.419654846191406 18.462467193603516 20.33256818331901
1420.152 20.185888290405273 18.462467193603516 20.197098260374332
1420.167 19.940513610839844 18.462467193603516 20.05182728294062
1420.182 19.734905242919922 18.462467193603516 19.903567521950897
1420.202 19.435710906982422 18.462467193603516 19.7572841265806
1420.217 19.316232681274414 18.462467193603516 19.616480554614707
1420.232 19.200759887695312 18.462467193603516 19.483515400081355
1420.252 19.104167938232422 16.970386505126953 19.318414564711325
1420.267 18.97039794921875 16.970386505126953 19.134869293344085
1420.282 18.902280807495117 16.970386505126953 18.943203990076746
1420.302 18.63755226135254 16.970386505126953 18.751043367491537
1420.317 18.5023136138916 16.970386505126953 18.563865561697757
1420.332 18.350461959838867 16.970386505126953 18.38545815856748
1420.352 18.110074996948242 16.970386505126953 18.218291972264776
1420.367 18.00471305847168 16.970386505126953 18.06382549684848
1420.382 17.797107696533203 16.970386505126953 17.922751216588903
1420.402 17.642715454101562 15.389954566955566 17.751292514659063
1420.417 17.500782012939453 15.389954566955566 17.56282105319826
1420.432 17.317855834960938 15.389954566955566 17.36739243324499
1420.452 17.05743980407715 15.389954566955566 17.172406423150985
1420.467 16.831499099731445 15.389954566955566 16.98315389540604
1420.482 16.64211082458496 15.389954566955566 16.803267378467797
1420.502 16.40947723388672 15.389954566955566 16.6350900173499
1420.517 16.278554916381836 15.389954566955566 16.47997581158189
1420.532 16.199316024780273 15.389954566955566 16.33853226200904
1420.552 16.093841552734375 15.389954566955566 16.210815003738663
1420.567 16.01959228515625 15.389954566955566 16.09648262268757
1420.582 15.9842529296875 15.389954566955566 15.994918636584092
1420.602 15.950737953186035 15.389954566955566 15.905326555468209
1420.617 15.880112648010254 15.389954566955566 15.826803008596
1420.632 15.841523170471191 15.389954566955566 15.75839312096439
1420.652 15.792191505432129 15.389954566955566 15.69913163049374
1420.667 15.713525772094727 15.389954566955566 15.648072643871373
1420.682 15.652238845825195 15.389954566955566 15.604310423550963
1420.702 15.563530921936035 15.389954566955566 15.56699316966372
1420.717 15.509589195251465 15.389954566955566 15.535331398785555
1420.732 15.471325874328613 15.389954566955566 15.50860221770757
1420.752 15.44974136352539 16.067384719848633 15.504968042786286
1420.767 15.449231147766113 16.067384719848633 15.517986237916595
1420.782 15.500761985778809 16.067384719848633 15.54257701476869
1420.802 15.589947700500488 16.067384719848633 15.574778397811027
1420.817 15.66511058807373 16.067384719848633 15.611539565554986
1420.832 15.760577201843262 16.067384719848633 15.650547435279439
1420.852 15.793863296508789 16.067384719848633 15.69008188934023
1420.867 15.860760688781738 16.067384719848633 15.728895549440267
1420.882 15.868549346923828 16.067384719848633 15.766114483208288
1420.902 15.889469146728516 16.067384719848633 15.801156670416088
1420.917 15.891219139099121 16.067384719848633 15.833665461763925
1420.932 15.893868446350098 12.630522727966309 15.823118693065162
1420.952 15.812949180603027 12.630522727966309 15.769516364319799
1420.967 15.693597793579102 12.630522727966309 15.672858475527834
1420.987 15.501178741455078 12.630522727966309 15.533145026689269
1421.002 15.209970474243164 12.630522727966309 15.352388651489228
1421.017 14.94810676574707 12.630522727966309 15.14723919061591
1421.032 14.624403953552246 12.630522727966309 14.930306615433643
1421.052 14.248225212097168 12.630522727966309 14.710955380665476
1421.067 14.03077220916748 12.630522727966309 14.49596386372005
1421.082 13.859665870666504 12.630522727966309 14.290068798354577
1421.102 13.686923027038574 12.630522727966309 14.096412164454817
1421.117 13.60871410369873 12.630522727966309 13.916905757760743
1421.132 13.593936920166016 12.630523681640625 13.752526663107547
1421.152 13.530725479125977 12.630523681640625 13.603554894965646
1421.167 13.507795333862305 12.630523681640625 13.469763149031412
1421.182 13.454619407653809 12.630523681640625 13.350566856563075
1421.202 13.402975082397461 12.630523681640625 13.24514164733244
1421.217 13.355453491210938 12.630523681640625 13.15251419255831
1421.232 13.247429847717285 12.630523681640625 13.071631446745451
1421.252 13.065102577209473 12.630523681640625 13.001412485354885
1421.267 12.956245422363281 12.630523681640625 12.940786429551466
1421.282 12.920193672180176 12.630523681640625 12.888719346558391
1421.312 12.741374969482422 12.630523681640625 12.844232501964703
1421.317 12.741374969482422 12.630523681640625 12.806413907257284
1421.332 12.708584785461426 12.630523681640625 12.774424741499049
1421.352 12.678275108337402 12.630523681640625 12.74750192109867
1421.367 12.677449226379395 15.796643257141113 12.763634660744893
1421.382 12.729756355285645 15.796643257141113 12.822822960437716
1421.402 12.903404235839844 15.796643257141113 12.925066820177138
1421.422 13.132179260253906 15.796643257141113 13.07036623996316
1421.432 13.276063919067383 15.796643257141113 13.250227413705801
1421.452 13.674424171447754 15.796643257141113 13.449861699703753
1421.467 13.893056869506836 15.796643257141113 13.658121318447453
1421.482 14.409917831420898 15.796643257141113 13.866777435518513
1421.512 14.71262264251709 15.796643257141113 14.069921705861779
1421.517 14.767233848571777 15.796643257141113 14.263472922477883
1421.537 14.934135437011719 15.796643257141113 14.444772694153357
1421.552 14.902717590332031 15.796643257141113 14.612256158508352
1421.567 14.880607604980469 15.796643257141113 14.765185617214918
1421.582 14.856561660766602 13.497088432312012 14.875059515874884
1421.602 14.848261833190918 13.497088432312012 14.94187785448825
1421.617 14.756365776062012 13.497088432312012 14.965640633055017
1421.632 14.729565620422363 13.497088432312012 14.946347851575183
1421.652 14.604777336120605 13.497088432312012 14.892264148176594
1421.667 14.503084182739258 13.497088432312012 14.814749276501445
1421.682 14.447203636169434 13.497088432312012 14.722595259012131
1421.702 14.313907623291016 13.497088432312012 14.622509687991812
1421.717 14.218785285949707 13.497088432312012 14.519519992098703
1421.732 14.168764114379883 13.497088432312012 14.417309831940667
1421.752 14.121554374694824 13.497088432312012 14.318497510459565
1421.767 14.116659164428711 13.497088432312012 14.224865093640835
1421.782 14.093742370605469 10.657233238220215 14.088177116775505
1421.802 13.98568058013916 10.657233238220215 13.908433579863575
1421.817 13.9027681350708 10.657233238220215 13.689306251044703
1421.832 13.796957969665527 10.657233238220215 13.448040742821044
1421.852 13.182158470153809 10.657233238220215 13.197611360056356
1421.867 12.804987907409668 10.657233238220215 12.94757090647508
1421.882 12.454852104187012 10.657233238220215 12.704754754349018
1421.902 11.942758560180664 10.657233238220215 12.473860911977265
1421.917 11.698295593261719 10.657233238220215 12.25792510993259
1421.932 11.362693786621094 10.657233238220215 12.058707453917075
1421.957 11.286532402038574 10.657233238220215 11.877004959997514
1421.967 11.291133880615234 10.657233238220215 11.712902290678805
1421.982 11.298812866210938 10.657233238220215 11.565971236687188
1422.002 11.376771926879883 8.783186912536621 11.383371077541684
1422.017 11.451654434204102 8.783186912536621 11.180280287401645
1422.032 11.44265079498291 8.783186912536621 10.968145956777317
1422.052 11.066766738891602 8.783186912536621 10.75542304318265
1422.067 10.973809242248535 8.783186912536621 10.548187282239702
1422.087 10.406773567199707 8.783186912536621 10.350640530131605
1422.102 10.162535667419434 8.783186912536621 10.16552497789847
1422.117 9.472922325134277 8.783186912536621 9.994460551268201
1422.132 9.354848861694336 8.783186912536621 9.83821788790329
1422.152 9.119147300720215 8.783186912536621 9.696937562427928
1422.167 9.021811485290527 8.783186912536621 9.57030469944709
1422.182 9.053512573242188 8.783186912536621 9.45768676426504
1422.207 9.188169479370117 8.783186912536621 9.358241136768607
1422.217 9.274589538574219 8.783186912536621 9.27099804174859
1422.232 9.349456787109375 8.783186912536621 9.194923514381918
1422.252 9.466715812683105 8.783186912536621 9.128966308537933
1422.267 9.475396156311035 7.970732688903809 9.049523819200857
1422.282 9.431611061096191 7.970732688903809 8.962623612938103
1422.302 9.195183753967285 7.970732688903809 8.87279260452568
1422.322 8.978050231933594 7.970732688903809 8.783356493998818
1422.342 8.576027870178223 7.970732688903809 8.6966877302801
1422.352 8.426565170288086 7.970732688903809 8.614409697642962
1422.367 8.278238296508789 7.970732688903809 8.537563856694394
1422.382 8.208413124084473 7.970732688903809 8.466745693291367
1422.402 8.060758590698242 7.970732688903809 8.402214536784406
1422.417 8.030012130737305 7.970732688903809 8.343981600772224
1422.432 8.049988746643066 7.970732688903809 8.29187997107952
1422.457 8.11396598815918 7.970732688903809 8.245619711800932
1422.467 8.199507713317871 7.970732688903809 8.204830775235695
1422.482 8.282695770263672 7.970732688903809 8.16909597933473
1422.502 8.332880973815918 7.970732688903809 8.137975950824817
1422.522 8.401945114135742 7.970732688903809 8.111027617536855
1422.532 8.345684051513672 7.970732688903809 8.087817563987949
1422.552 8.312215805053711 7.970732688903809 8.0679313346404
1422.567 8.175893783569336 7.970732688903809 8.050979574571983
1422.582 8.070076942443848 7.970732688903809 8.036601733050153
1422.602 7.9306960105896 7.559166431427002 8.013035520410204
1422.617 7.853652477264404 7.559166431427002 7.983538925690771
1422.632 7.797604084014893 7.559166431427002 7.950611573840791
1422.652 7.7259650230407715 7.559166431427002 7.916140161522519
1422.667 7.697056293487549 7.559166431427002 7.881519711889064
1422.682 7.697904586791992 7.559166431427002 7.847754131438726
1422.702 7.721599102020264 7.559166431427002 7.815539140111777
1422.717 7.763233184814453 7.559166431427002 7.785330265263878
1422.732 7.747715950012207 7.559166431427002 7.757398242696291
1422.752 7.794944763183594 7.559166431427002 7.73187385382598
1422.767 7.788866996765137 7.559166431427002 7.708783946612382
1422.782 7.788271903991699 7.559166431427002 7.688080137595177
1422.802 7.748165130615234 7.559166431427002 7.6696614714494835
1422.817 7.722141265869141 7.559166431427002 7.65339212066313
1422.837 7.672983169555664 7.559166431427002 7.639115038977083
1422.852 7.623530387878418 7.559166431427002 7.626662335760572
1422.872 7.5785136222839355 7.559166431427002 7.615863012212365
1422.882 7.561176300048828 7.559166431427002 7.606548591976308
1422.902 7.545576095581055 7.559166431427002 7.598557086347782
1422.922 7.539965629577637 7.559166431427002 7.591735655792386
1422.932 7.513499736785889 7.559166431427002 7.585942263223968
1422.952 7.5558648109436035 7.559166431427002 7.5810465587858245
1422.972 7.5774431228637695 7.559166431427002 7.576930189298579
1422.982 7.594164848327637 7.559166431427002 7.5734866867900905
1423.002 7.588103771209717 7.559166431427002 7.5706210584638685
1423.017 7.605781078338623 7.559166431427002 7.5682491740882085
1423.032 7.625360012054443 7.559166431427002 7.566297025220462
1423.052 7.608016490936279 7.559166431427002 7.564699913156945
1423.067 7.585894584655762 7.559166431427002 7.563401608359827
1423.087 7.553328990936279 7.559166431427002 7.562353512791784
1423.102 7.565911769866943 7.559166431427002 7.561513847603028
1423.117 7.539834499359131 7.559166431427002 7.560846881551804
1423.132 7.539663314819336 7.559166431427002 7.560322210049946
1423.152 7.533921718597412 7.559166431427002 7.55991409051627
1423.167 7.556614398956299 7.559166431427002 7.5596008365462986
1423.182 7.535658836364746 7.559166431427002 7.55936427106232
1423.202 7.565044403076172 7.559166431427002 7.559189236922966
1423.217 7.559786796569824 7.559166431427002 7.559063162306283
1423.232 7.573886394500732 7.559166431427002 7.558975677419843
1423.252 7.580228328704834 7.559166431427002 7.558918278642161
1423.267 7.562904357910156 7.559166431427002 7.558884035985968
1423.282 7.561351299285889 7.559166431427002 7.558867339734827
1423.307 7.56424617767334 7.559166431427002 7.55886368219185
1423.322 7.572661399841309 7.559166431427002 7.558869470654624
1423.332 7.553440093994141 7.559166431427002 7.558881867964065
1423.352 7.566903591156006 7.559166431427002 7.558898657243775
1423.367 7.548679828643799 7.559166431427002 7.558918127733185
1423.382 7.530328273773193 7.559166431427002 7.558938978909189
1423.402 7.55103063583374 11.057500839233398 7.602015390131792
1423.417 7.570743083953857 11.057500839233398 7.688147361400996
1423.437 7.7401442527771 11.057500839233398 7.8173348927168
1423.452 7.806807518005371 11.057500839233398 7.989577984079204
1423.472 8.224003791809082 11.057500839233398 8.198238951876013
1423.482 8.550843238830566 11.057500839233398 8.427203258647058
1423.502 8.982779502868652 11.057500839233398 8.66435817108701
1423.517 9.20644760131836 11.057500839233398 8.900795380324835
1423.532 9.609468460083008 11.057500839233398 9.130150534670072
1423.552 9.994453430175781 11.057500839233398 9.348059239272805
1423.567 10.199950218200684 11.057500839233398 9.551711634858876
1423.582 10.257814407348633 11.057500839233398 9.739489997615097
1423.607 10.275036811828613 11.057500839233398 9.910675904234967
1423.617 10.230708122253418 11.057500839233398 10.065215386300196
1423.632 10.211800575256348 11.057500839233398 10.203532167175444
1423.652 10.175164222717285 11.057500839233398 10.326380545901406
1423.672 10.203737258911133 11.057500839233398 10.434730781328401
1423.682 10.195013046264648 11.057500839233398 10.529680951862906
1423.702 10.367443084716797 11.057500839233398 10.612390237743623
1423.717 10.428653717041016 11.057500839233398 10.684029409400345
1423.732 10.562037467956543 13.36890983581543 10.798724141103667
1423.752 10.917243003845215 13.36890983581543 10.95231608498518
1423.767 11.105656623840332 13.36890983581543 11.129517920355655
1423.782 11.383598327636719 13.36890983581543 11.318717903892836
1423.802 11.794658660888672 13.36890983581543 11.511261004459072
1423.817 12.114503860473633 13.36890983581543 11.700851585495343
1423.832 12.394295692443848 13.36890983581543 11.88305978866732
1423.852 12.6351957321167 13.36890983581543 12.054915948307368
1423.867 12.712995529174805 13.36890983581543 12.214579360859007
1423.897 12.715359687805176 13.36890983581543 12.36106954292174
1423.902 12.715359687805176 13.36890983581543 12.494049737847005
1423.917 12.640125274658203 13.36890983581543 12.613653880834606
1423.932 12.63321304321289 13.36890983581543 12.72034951581278
1423.952 12.568933486938477 13.36890983581543 12.814830285627519
1423.967 12.56979751586914 13.36890983581543 12.897932602820354
1423.982 12.682596206665039 13.36890983581543 12.97057196452838
1424.002 12.767924308776855 16.498836517333984 13.086266886283006
1424.017 13.01387882232666 16.498836517333984 13.245017368084232
1424.032 13.172591209411621 16.498836517333984 13.446823409932058
1424.052 13.699711799621582 16.498836517333984 13.676229220989574
1424.067 14.131901741027832 16.498836517333984 13.91904248193435
1424.082 14.428890228271484 16.498836517333984 14.164719601592644
1424.107 14.644094467163086 16.498836517333984 14.405624788139852
1424.117 14.85846996307373 16.498836517333984 14.636418277925863
1424.132 15.299369812011719 16.498836517333984 14.853554120908559
1424.152 15.739151000976562 16.498836517333984 15.054870432060927
1424.167 15.92250919342041 16.498836517333984 15.239257291964455
1424.187 16.024173736572266 16.498836517333984 15.406389520969354
1424.202 16.007978439331055 19.30722427368164 15.616577310020853
1424.217 15.935332298278809 19.30722427368164 15.869729870974743
1424.232 15.937030792236328 19.30722427368164 16.146641834841574
1424.252 16.256507873535156 19.30722427368164 16.432889370646283
1424.267 16.538259506225586 19.30722427368164 16.717876078266777
1424.282 16.95820426940918 19.30722427368164 16.994042894114248
1424.302 17.367084503173828 19.30722427368164 17.25621748641433
1424.317 17.582796096801758 19.30722427368164 17.50108169038868
1424.332 17.78643035888672 19.30722427368164 17.72673833216551
1424.352 18.20646858215332 19.30722427368164 17.932361313948093
1424.367 18.69473648071289 19.30722427368164 18.11791508960776
1424.382 18.816238403320312 17.532644271850586 18.260413305220826
1424.407 18.822416305541992 17.532644271850586 18.359855960787293
1424.417 18.714879989624023 17.532644271850586 18.41624305630716
1424.432 18.53019905090332 17.532644271850586 18.432109394023634
1424.452 18.21340560913086 17.532644271850586 18.418495124263913
1424.467 17.947534561157227 17.532644271850586 18.38413126044799
1424.482 17.87041473388672 17.532644271850586 18.335851406403975
1424.502 17.71017074584961 17.532644271850586 18.278939533432126
1424.517 17.688356399536133 17.532644271850586 18.21742226588145
1424.532 17.710981369018555 17.532644271850586 18.154313278783093
1424.552 17.826919555664062 15.125027656555176 18.048148731638136
1424.567 17.877920150756836 15.125027656555176 17.89892862444658
1424.582 17.830995559692383 15.125027656555176 17.714934737130104
1424.602 17.573301315307617 15.125027656555176 17.51113058308541
1424.617 17.348745346069336 15.125027656555176 17.298790298603322
1424.632 17.087900161743164 15.125027656555176 17.086230795951426
1424.652 16.714248657226562 15.125027656555176 16.879418618192844
1424.667 16.44846534729004 15.125027656555176 16.682470139837616
1424.682 16.222768783569336 15.125027656555176 16.498061437545108
1424.702 15.986483573913574 15.125027656555176 16.327762039065803
1424.717 15.885658264160156 15.125027656555176 16.172304847450878
1424.732 15.8109769821167 15.125027656555176 16.03180282630917
1424.752 15.763616561889648 15.125027656555176 15.905921511446643
1424.767 15.737897872924805 15.125027656555176 15.794015072756837
1424.782 15.72979736328125 15.125027656555176 15.69523247429438
1424.802 15.690065383911133 15.125027656555176 15.608599255822211
1424.817 15.67020320892334 15.125027656555176 15.533079571372127
1424.832 15.621418952941895 15.125027656555176 15.46762235537163
1424.852 15.532320976257324 15.125027656555176 15.411194831134313
1424.867 15.477520942687988 15.125027656555176 15.362806017252824
1424.882 15.38996696472168 15.125027656555176 15.32152241286669
1424.902 15.291194915771484 15.125027656555176 15.286477642088688
1424.917 15.23746395111084 17.88343620300293 15.294488431357285
1424.932 15.235288619995117 17.88343620300293 15.345554780672483
1424.952 15.349514961242676 17.88343620300293 15.43967669003428
1424.967 15.512362480163574 17.88343620300293 15.575012939460304
1424.982 15.740316390991211 17.88343620300293 15.736126791336035
1425.007 16.136940002441406 17.88343620300293 15.911239206011997
1425.017 16.386383056640625 17.88343620300293 16.09151968957289
1425.032 16.69415855407715 17.88343620300293 16.270496164025904
1425.052 16.8922061920166 17.88343620300293 16.443566529384157
1425.067 17.003826141357422 17.88343620300293 16.607596672661472
1425.082 17.06114959716797 17.88343620300293 16.76059159690362
1425.102 17.122827529907227 19.413772583007812 16.943937436540036
1425.117 17.148874282836914 19.413772583007812 17.143941824572714
1425.132 17.250303268432617 19.413772583007812 17.350329160685032
1425.152 17.5823974609375 19.413772583007812 17.555557960670097
1425.167 17.722854614257812 19.413772583007812 17.754255675853525
1425.182 17.943138122558594 19.413772583007812 17.942753398805923
1425.202 18.32417869567871 19.413772583007812 18.118705079070857
1425.217 18.39788246154785 19.413772583007812 18.280777881744662
1425.232 18.560226440429688 19.413772583007812 18.428402132917157
1425.252 18.751445770263672 21.552968978881836 18.61908194413625
1425.267 18.85731315612793 21.552968978881836 18.83723267660265
1425.282 19.16246795654297 21.552968978881836 19.069011159023084
1425.307 19.342609405517578 21.552968978881836 19.304117903525956
1425.317 19.67767333984375 21.552968978881836 19.535079158887996
1425.332 20.0438175201416 21.552968978881836 19.756653889331105
1425.352 20.242698669433594 21.552968978881836 19.965346756122266
1425.367 20.430925369262695 21.552968978881836 20.159010596137676
1425.382 20.556068420410156 21.552968978881836 20.336524082179878
1425.402 20.688804626464844 24.08243179321289 20.557093128268683
1425.417 20.84127426147461 24.08243179321289 20.81309369228036
1425.432 21.05405044555664 24.08243179321289 21.087375716093344
1425.452 21.44923210144043 24.08243179321289 21.36714050659315
1425.467 21.734743118286133 24.08243179321289 21.643063368146336
1425.482 22.026119232177734 24.08243179321289 21.90856832261305
1425.502 22.53436279296875 24.08243179321289 22.15923197209504
1425.517 22.67989730834961 24.08243179321289 22.39229647334539
1425.532 22.94350814819336 24.70672607421875 22.623615746972128
1425.552 23.142181396484375 24.70672607421875 22.84725873811231
1425.567 23.249832153320312 24.70672607421875 23.05918808762645
1425.582 23.306943893432617 24.70672607421875 23.25683573382557
1425.602 23.543376922607422 24.70672607421875 23.43875794655954
1425.617 23.653499603271484 24.70672607421875 23.604356870217252
1425.632 23.790842056274414 24.70672607421875 23.753657466363435
1425.652 23.884519577026367 24.70672607421875 23.887130355486104
1425.667 23.96206283569336 26.13385772705078 24.04519502421604
1425.682 24.11014747619629 26.13385772705078 24.21649311560064
1425.702 24.358518600463867 26.13385772705078 24.39251687887964
1425.717 24.613540649414062 26.13385772705078 24.56703782412313
1425.732 24.812620162963867 26.13385772705078 24.735633945256506
1425.752 25.120929718017578 26.13385772705078 24.89530071645632
1425.767 25.342893600463867 26.13385772705078 25.04413293178418
1425.782 25.42715072631836 27.788034439086914 25.2270155115008
1425.802 25.611988067626953 27.788034439086914 25.429220779670846
1425.817 25.80366325378418 27.788034439086914 25.639657160689715
1425.832 25.95548439025879 27.788034439086914 25.850147050157247
1425.852 26.250375747680664 27.788034439086914 26.054828345361546
1425.867 26.452322006225586 27.788034439086914 26.249661222636522
1425.882 26.543678283691406 27.788034439086914 26.432024042274413
1425.902 26.7359561920166 27.19113540649414 26.58380382263683
1425.917 26.84518051147461 27.19113540649414 26.709449653187242
1425.932 26.90171241760254 27.19113540649414 26.812875991101443
1425.952 26.925189971923828 27.19113540649414 26.89750540549074
1425.967 26.937074661254883 27.19113540649414 26.966312874320042
1425.982 26.944644927978516 27.19113540649414 27.021869963620524
1426.002 26.929922103881836 27.19113540649414 27.066387695146275
1426.017 26.974864959716797 24.67778205871582 27.067849866625426
1426.032 26.945589065551758 24.67778205871582 27.026256478057977
1426.052 26.818326950073242 24.67778205871582 26.941607529443928
1426.067 26.76581573486328 24.67778205871582 26.81805840344184
1426.082 26.598812103271484 24.67778205871582 26.670062738077853
1426.102 26.321321487426758 24.67778205871582 26.50865804433245
1426.117 26.100400924682617 24.67778205871582 26.342127011294654
1426.132 25.91741180419922 21.86894989013672 26.132540418210258
1426.152 25.602397918701172 21.86894989013672 25.879898265079262
1426.167 25.39862632751465 21.86894989013672 25.587422814809866
1426.182 25.070415496826172 21.86894989013672 25.274524487757034
1426.202 24.598222732543945 21.86894989013672 24.955681387080382
1426.217 24.249980926513672 21.86894989013672 24.641434619114907
1426.232 23.973148345947266 21.86894989013672 24.339210967322966
1426.252 23.63551139831543 18.832393646240234 23.993931755484425
1426.267 23.397550582885742 18.832393646240234 23.64726507073768
1426.282 23.05887222290039 18.832393646240234 23.300598385990938
1426.307 22.554174423217773 18.832393646240234 22.953931701244194
1426.317 22.19150733947754 18.832393646240234 22.60726501649745
1426.332 21.864633560180664 18.832393646240234 22.260598331750707
1426.352 21.522729873657227 18.832393646240234 21.913931647003963
1426.367 21.277420043945312 18.832393646240234 21.56726496225722
1426.382 21.074254989624023 16.291866302490234 21.220598277510476
1426.402 20.710010528564453 16.291866302490234 20.873931592763732
1426.417 20.40149688720703 16.291866302490234 20.52726490801699
1426.432 20.039308547973633 16.291866302490234 20.180598223270245
1426.452 19.458087921142578 16.291866302490234 19.8339315385235
1426.467 19.181055068969727 16.291866302490234 19.487264853776757
1426.482 19.019149780273438 16.291866302490234 19.140598169030014
1426.502 18.669574737548828 16.291866302490234 18.7947272406912
1426.517 18.419750213623047 16.291866302490234 18.477329158290708
1426.532 18.164138793945312 14.600948333740234 18.14218328090253
1426.552 17.78384780883789 14.600948333740234 17.803627759378394
1426.567 17.456676483154297 14.600948333740234 17.47203298063049
1426.582 17.096744537353516 14.600948333740234 17.154637701139805
1426.602 16.654449462890625 14.600948333740234 16.856235265701343
1426.617 16.359914779663086 14.600948333740234 16.579733325624215
1426.637 16.089147567749023 14.600948333740234 16.326607350480156
1426.652 15.789917945861816 14.600948333740234 16.097265427680124
1426.667 15.631864547729492 14.600948333740234 15.89133935167303
1426.682 15.529130935668945 14.600948333740234 15.70791480156283
1426.707 15.421138763427734 13.588811874389648 15.517596567021734
1426.717 15.34559154510498 13.588811874389648 15.327624476917945
1426.732 15.233377456665039 13.588811874389648 15.143177460042429
1426.752 14.972785949707031 13.588811874389648 14.96781360767983
1426.767 14.869935989379883 13.588811874389648 14.80383057504656
1426.782 14.709182739257812 13.588811874389648 14.652558881099411
1426.802 14.457559585571289 13.588811874389648 14.514598971626317
1426.817 14.256930351257324 13.588811874389648 14.390011394270235
1426.832 14.202642440795898 13.588811874389648 14.278468087799068
1426.852 14.089271545410156 13.588811874389648 14.179371600772278
1426.867 14.017887115478516 13.588811874389648 14.09194801464568
1426.882 13.957122802734375 13.588811874389648 14.01531844052633
1426.902 13.87419605255127 13.588811874389648 13.948553174355796
1426.922 13.862133979797363 13.588811874389648 13.890711919656555
1426.932 13.849276542663574 13.588811874389648 13.840872908066887
1426.952 13.818273544311523 13.588811874389648 13.79815325438717
1426.972 13.815369606018066 13.588811874389648 13.761722464274822
1426.982 13.79694652557373 13.588811874389648 13.730810659457054
1427.002 13.747029304504395 13.588811874389648 13.704712788686686
1427.017 13.727853775024414 13.588811874389648 13.682789844842837
1427.032 13.703645706176758 13.588811874389648 13.664467902627148
1427.052 13.679905891418457 13.588811874389648 13.649235621084173
1427.067 13.655027389526367 13.588811874389648 13.636640715286873
1427.082 13.618361473083496 14.343828201293945 13.647258465200824
1427.102 13.630436897277832 14.343828201293945 13.674217013836452
1427.117 13.674965858459473 14.343828201293945 13.712137619329825
1427.132 13.761967658996582 14.343828201293945 13.756861015146795
1427.152 13.852827072143555 14.343828201293945 13.80521742724843
1427.167 13.924962997436523 14.343828201293945 13.854834267157456
1427.182 14.015897750854492 14.343828201293945 13.903976167946363
1427.202 14.087100982666016 14.343828201293945 13.951412642764126
1427.217 14.123452186584473 14.343828201293945 13.996309215667608
1427.232 14.120514869689941 14.343828201293945 14.038138398414874
1427.252 14.131209373474121 14.343828201293945 14.076607363064667
1427.267 14.14321231842041 14.343828201293945 14.111599588998079
1427.282 14.15107250213623 14.343828201293945 14.14312814585881
1427.302 14.180294036865234 17.002717971801758 14.217712262766142
1427.317 14.200211524963379 17.002717971801758 14.335351939720073
1427.332 14.314431190490723 17.002717971801758 14.493753881751745
1427.352 14.60316276550293 17.002717971801758 14.676968725415833
1427.367 14.912535667419434 17.002717971801758 14.872876846472746
1427.382 15.129792213439941 17.002717971801758 15.072439923321069
1427.402 15.747159004211426 17.002717971801758 15.26907896571966
1427.417 15.935911178588867 17.002717971801758 15.458160253947215
1427.432 16.10854148864746 17.002717971801758 15.636572893243036
1427.452 16.25912094116211 17.002717971801758 15.802383760464718
1427.467 16.361082077026367 17.002717971801758 15.954557499982895
1427.482 16.36172866821289 17.002717971801758 16.092730916087547
1427.502 16.31770133972168 14.370231628417969 16.187848772145596
1427.517 16.250036239624023 14.370231628417969 16.239911068157046
1427.532 16.177501678466797 14.370231628417969 16.248917804121895
1427.552 15.990897178649902 14.370231628417969 16.214868980040144
1427.567 15.842916488647461 14.370231628417969 16.139227391506004
1427.582 15.736640930175781 14.370231628417969 16.035878811185164
1427.602 15.516829490661621 14.370231628417969 15.91554434802386
1427.617 15.290858268737793 14.370231628417969 15.786379293403256
1427.632 15.232829093933105 14.370231628417969 15.654473566925466
1427.652 15.189866065979004 14.370231628417969 15.524267740663763
1427.667 15.159219741821289 14.370231628417969 15.398897005083006
1427.682 15.156257629394531 11.541003227233887 15.230470709455648
1427.702 15.040739059448242 11.541003227233887 15.018988853781691
1427.717 14.861214637756348 11.541003227233887 14.770816138414586
1427.732 14.61613941192627 11.541003227233887 14.503241994733282
1427.752 14.150259971618652 11.541003227233887 14.229196110257703
1427.767 13.789607048034668 11.541003227233887 13.958124531449105
1427.782 13.46302318572998 11.541003227233887 13.69671430518799
1427.807 12.966046333312988 11.541003227233887 13.44948944404115
1427.817 12.7277250289917 11.541003227233887 13.21929811898699
1427.832 12.67590618133545 11.541003227233887 13.007708365354905
1427.852 12.505254745483398 11.541003227233887 12.815327231403282
1427.867 12.498758316040039 11.541003227233887 12.64205619555044
1427.882 12.461175918579102 11.541003227233887 12.487293814550624
1427.902 12.420653343200684 11.506044387817383 12.349123845757523
1427.917 12.321863174438477 11.506044387817383 12.22668316055642
1427.932 12.28646469116211 11.506044387817383 12.118916258863058
1427.952 12.150594711303711 11.506044387817383 12.02465909382603
1427.972 12.07685661315918 11.506044387817383 11.942702161383874
1427.982 11.980547904968262 11.506044387817383 11.871836977147144
1428.002 11.835917472839355 11.506044387817383 11.810889356505635
1428.017 11.722372055053711 11.506044387817383 11.758742312599674
1428.032 11.678733825683594 11.506044387817383 11.714350877705957
1428.052 11.6102933883667 11.506044387817383 11.676750724698747
1428.067 11.569442749023438 11.506044387817383 11.645062105746769
1428.082 11.557971000671387 11.506044387817383 11.618490325620833
1428.102 11.55592155456543 11.506044387817383 11.596323718325106
1428.117 11.574023246765137 11.506044387817383 11.577929890648374
1428.132 11.589994430541992 11.506044387817383 11.562750828020487
1428.152 11.58144760131836 11.506044387817383 11.550297320969301
1428.167 11.602107048034668 15.27086067199707 11.580899373964716
1428.182 11.616731643676758 15.27086067199707 11.65455698700673
1428.202 11.815696716308594 15.27086067199707 11.771270160095344
1428.217 11.993782997131348 15.27086067199707 11.931038893230559
1428.232 12.17835521697998 15.27086067199707 12.133863186412373
1428.252 12.589508056640625 15.27086067199707 12.366359421662182
1428.267 12.901115417480469 15.27086067199707 12.61366231885834
1428.282 13.212064743041992 15.27086067199707 12.864707131258589
1428.302 13.600141525268555 15.27086067199707 13.1114601817613
1428.317 13.811529159545898 15.27086067199707 13.348283217516387
1428.332 14.046005249023438 15.27086067199707 13.571411324503035
1428.352 14.160784721374512 15.27086067199707 13.778526729122984
1428.367 14.235858917236328 15.27086067199707 13.96841315766609
1428.382 14.260601997375488 15.27086067199707 14.140677530043446
1428.417 14.305678367614746 15.27086067199707 14.29552764047503
1428.417 14.305678367614746 15.27086067199707 14.433596137697702
1428.432 14.334428787231445 15.27086067199707 14.555802575934628
1428.457 14.440938949584961 15.27086067199707 14.663246581827716
1428.467 14.528840065002441 15.27086067199707 14.757126288728632
1428.482 14.650686264038086 15.27086067199707 14.83867714497745
1428.502 14.873602867126465 15.27086067199707 14.909127023309022
1428.517 14.981022834777832 15.27086067199707 14.969664259695051
1428.532 15.106080055236816 15.27086067199707 15.021415846091571
1428.552 15.185400009155273 15.27086067199707 15.065433505908917
1428.567 15.242324829101562 15.27086067199707 15.102685805558563
1428.582 15.259343147277832 15.27086067199707 15.13405481097868
1428.602 15.259926795959473 15.529258728027344 15.167513818795994
1428.617 15.25755500793457 15.529258728027344 15.201541244652987
1428.632 15.214866638183594 15.529258728027344 15.23503083039095
1428.652 15.242849349975586 15.529258728027344 15.267204697684027
1428.672 15.246918678283691 15.529258728027344 15.297541914815236
1428.682 15.270800590515137 15.529258728027344 15.325720165460478
1428.702 15.305444717407227 15.529258728027344 15.351568427556444
1428.717 15.351110458374023 15.529258728027344 15.375028857204523
1428.732 15.335387229919434 15.529258728027344 15.396126328297589
1428.752 15.406243324279785 15.529258728027344 15.414944304869657
1428.767 15.434860229492188 12.47964859008789 15.390706721395125
1428.782 15.445037841796875 12.47964859008789 15.323413577873993
1428.802 15.335744857788086 12.47964859008789 15.213064874306259
1428.817 15.095171928405762 12.47964859008789 15.059660610691925
1428.832 14.83685302734375 12.47964859008789 14.878053882654052
1428.852 14.411049842834473 12.47964859008789 14.681280020723307
1428.867 14.112415313720703 12.47964859008789 14.479102320906122
1428.882 13.863653182983398 12.47964859008789 14.278667918486454
1428.902 13.59779167175293 12.47964859008789 14.085050502046093
1428.917 13.452311515808105 12.47964859008789 13.901696854252286
1428.932 13.382487297058105 12.47964859008789 13.730792064584595
1428.952 13.293569564819336 10.650083541870117 13.522735055513278
1428.967 13.255152702331543 10.650083541870117 13.293831651717621
1428.982 13.107088088989258 10.650083541870117 13.056346760557348
1429.002 12.825593948364258 10.650083541870117 12.819308606799574
1429.017 12.516448974609375 10.650083541870117 12.589175008687064
1429.032 12.369241714477539 10.650083541870117 12.370382275966003
1429.052 12.061203002929688 10.650083541870117 12.165794739817422
1429.072 11.83421802520752 10.650083541870117 11.977070582043895
1429.082 11.621914863586426 10.650083541870117 11.804957516800828
1429.102 11.436738014221191 10.650083541870117 11.649529986603456
1429.117 11.322874069213867 10.650083541870117 11.510377854786986
1429.132 11.2450532913208 10.650083541870117 11.386755095634417
1429.152 11.171346664428711 10.650083541870117 11.277695685885037
1429.167 11.168895721435547 10.650083541870117 11.18210277135733
1429.182 11.156656265258789 9.707723617553711 11.0726395365919
1429.202 11.089749336242676 9.707723617553711 10.956276551588378
1429.217 10.90735149383545 9.707723617553711 10.83820105115899
1429.232 10.789350509643555 9.707723617553711 10.722178123387081
1429.252 10.69753360748291 9.707723617553711 10.610849065430315
1429.267 10.455243110656738 9.707723617553711 10.505976421593076
1429.282 10.317366600036621 9.707723617553711 10.408644003745433
1429.302 10.143473625183105 9.707723617553711 10.319419092967808
1429.317 10.05097770690918 9.707723617553711 10.23848303213957
1429.332 9.973284721374512 9.707723617553711 10.16573553779898
1429.352 9.956286430358887 9.707723617553711 10.100877279929334
1429.367 9.965206146240234 9.707723617553711 10.043474593209364
1429.382 9.972805976867676 9.707723617553711 9.993009584945035
1429.402 9.968777656555176 9.707723617553711 9.948918385402738
1429.417 9.979086875915527 9.707723617553711 9.910619837687637
1429.437 9.987238883972168 9.707723617553711 9.877536539021706
1429.452 9.953134536743164 9.380523681640625 9.84002092798823
1429.472 9.877346992492676 9.380523681640625 9.800370926905357
1429.482 9.848881721496582 9.380523681640625 9.76029266868581
1429.502 9.763859748840332 9.380523681640625 9.721020777924645
1429.517 9.694746971130371 9.380523681640625 9.683417669798335
1429.532 9.56319808959961 9.380523681640625 9.648055053425916
1429.552 9.550895690917969 9.380523681640625 9.615280417779042
1429.567 9.4536714553833 9.380523681640625 9.585270908254607
1429.582 9.457784652709961 9.380523681640625 9.558076669984136
1429.602 9.444498062133789 9.380523681640625 9.53365543832371
1429.622 9.4644775390625 9.380523681640625 9.511899895643054
1429.632 9.471973419189453 9.380523681640625 9.492659084051565
1429.652 9.484750747680664 9.380523681640625 9.475754963414554
1429.667 9.497726440429688 9.380523681640625 9.460995030215951
1429.682 9.507975578308105 9.380523681640625 9.448181762837027
1429.702 9.49869441986084 9.380523681640625 9.437119530064427
1429.717 9.478988647460938 9.380523681640625 9.427619489676218
1429.732 9.44939136505127 9.380523681640625 9.419502910512048
1429.752 9.414715766906738 9.380523681640625 9.412603272427186
1429.767 9.409327507019043 9.380523681640625 9.406767432064637
1429.782 9.381412506103516 9.380523681640625 9.401856086747673
1429.802 9.367575645446777 9.380523681640625 9.39774372247275
1429.817 9.356597900390625 9.380523681640625 9.394318193619037
1429.832 9.381653785705566 9.380523681640625 9.391480050396238
1429.852 9.349266052246094 9.380523681640625 9.38914170418688
1429.867 9.393991470336914 9.380523681640625 9.387226499897917
1429.882 9.385522842407227 9.380523681640625 9.385667747437004
1429.902 9.39123821258545 9.380523681640625 9.384407750798246
1429.922 9.409988403320312 9.380523681640625 9.383396862404567
1429.932 9.40099811553955 9.380523681640625 9.382592581818933
1429.952 9.399921417236328 9.089292526245117 9.373868956128687
1429.967 9.39551067352295 9.089292526245117 9.359712122858275
1429.982 9.380188941955566 9.089292526245117 9.342054736312004
1430.002 9.323711395263672 9.089292526245117 9.322379102980543
1430.017 9.297530174255371 9.089292526245117 9.30180360491018
1430.032 9.23785400390625 9.089292526245117 9.281154745462917
1430.052 9.209547996520996 9.089292526245117 9.261026889852213
1430.067 9.18376350402832 9.089292526245117 9.241831527475293
1430.082 9.157327651977539 9.089292526245117 9.223837656468227
1430.102 9.157988548278809 9.089292526245117 9.2072046840608
1430.117 9.154157638549805 9.089292526245117 9.19200904935585
1430.132 9.134819030761719 9.089292526245117 9.178265607657822
1430.152 9.139289855957031 9.089292526245117 9.165944666569175
1430.172 9.150638580322266 9.089292526245117 9.154985432628836
1430.182 9.175427436828613 9.089292526245117 9.145306511988093
1430.207 9.157800674438477 9.089292526245117 9.136814008127871
1430.217 9.164567947387695 9.089292526245117 9.129407672519106
1430.232 9.160764694213867 9.089292526245117 9.122985489040646
1430.252 9.145252227783203 9.089292526245117 9.117447008578486
1430.267 9.13542652130127 9.089292526245117 9.112695695293832
1430.282 9.132828712463379 9.089292526245117 9.108640499413099
1430.307 9.093657493591309 9.089292526245117 9.105196832003326
1430.317 9.094245910644531 9.089292526245117 9.1022870840934
1430.332 9.057232856750488 9.089292526245117 9.099840804823069
1430.352 9.084993362426758 9.089292526245117 9.097794630279974
1430.367 9.086645126342773 9.089292526245117 9.096092035639835
1430.382 9.094780921936035 9.089292526245117 9.094682967558894
1430.407 9.101987838745117 9.089292526245117 9.093523400958485
1430.417 9.089906692504883 9.089292526245117 9.092574853935474
1430.432 9.068598747253418 10.244174003601074 9.12388393052152
1430.452 9.156794548034668 10.244174003601074 9.177441273554837
1430.472 9.26712417602539 10.244174003601074 9.24545550308494
1430.482 9.311907768249512 10.244174003601074 9.321941216706763
1430.502 9.502838134765625 10.244174003601074 9.40237355709136
1430.517 9.655598640441895 10.244174003601074 9.483400081353896
1430.532 9.698047637939453 10.244174003601074 9.562601700366997
1430.552 9.838810920715332 10.244174003601074 9.638295425442903
1430.567 9.853918075561523 10.244174003601074 9.709372556222007
1430.582 9.911003112792969 10.244174003601074 9.775166762873482
1430.607 9.935340881347656 10.244174003601074 9.835347256936156
1430.617 9.945462226867676 10.244174003601074 9.889832909828144
1430.632 9.951310157775879 10.244174003601074 9.938723769449313
1430.652 9.944151878356934 10.244174003601074 9.982246947733488
1430.667 9.953888893127441 10.244174003601074 10.020714310504802
1430.682 9.989977836608887 10.244174003601074 10.054489800933728
1430.702 10.01170539855957 10.244174003601074 10.083964574754607
1430.717 10.040942192077637 10.244174003601074 10.109538424600622
1430.732 10.07686710357666 10.244174003601074 10.131606227530252
1430.752 10.147729873657227 10.244174003601074 10.150548368965184
1430.767 10.184513092041016 10.244174003601074 10.166724282391472
1430.782 10.202651023864746 10.244174003601074 10.180468401477066
1430.802 10.207691192626953 10.244174003601074 10.192087953528896
1430.822 10.229598045349121 10.244174003601074 10.201862133869481
1430.832 10.26112174987793 10.244174003601074 10.210042292806497
1430.852 10.261658668518066 10.244174003601074 10.216852843100336
1430.867 10.243001937866211 10.244174003601074 10.22249265858113
1430.882 10.231830596923828 10.244174003601074 10.227136785905735
1430.902 10.222861289978027 10.244174003601074 10.230938333182866
1430.917 10.21542739868164 10.244174003601074 10.234030432891934
1430.932 10.215338706970215 10.244174003601074 10.236528203520164
1430.952 10.213068962097168 10.244174003601074 10.23853065579122
1430.967 10.2100248336792 10.244174003601074 10.240122506233622
1430.982 10.218734741210938 10.244174003601074 10.241375873965767
1431.002 10.230572700500488 10.244174003601074 10.24235184665326
1431.017 10.256058692932129 10.244174003601074 10.243101909207594
1431.032 10.248429298400879 12.219648361206055 10.286907531808527
1431.052 10.303352355957031 12.219648361206055 10.37198881155294
1431.067 10.440567970275879 12.219648361206055 10.48428760917861
1431.082 10.639776229858398 12.219648361206055 10.612972882846448
1431.102 10.92784595489502 12.219648361206055 10.749827206127621
1431.122 11.1768217086792 12.219648361206055 10.888734505467744
1431.132 11.292770385742188 12.219648361206055 11.025254567791185
1431.152 11.47142505645752 12.219648361206055 11.156271552605626
1431.167 11.567464828491211 12.219648361206055 11.279705304217696
1431.182 11.610801696777344 12.219648361206055 11.394275689799926
1431.202 11.659789085388184 12.219648361206055 11.499311485482497
1431.217 11.68034839630127 12.219648361206055 11.59459649724902
1431.232 11.6791353225708 12.219648361206055 11.680246641194643
1431.252 11.69295883178711 12.219648361206055 11.756612625764339
1431.267 11.697587013244629 12.219648361206055 11.824203685348053
1431.282 11.759810447692871 12.219648361206055 11.883628519192758
1431.302 11.827988624572754 12.219648361206055 11.935550201377314
1431.317 11.89871597290039 13.605778694152832 12.019155980258832
1431.332 12.002828598022461 13.605778694152832 12.123146311649357
1431.352 12.256461143493652 13.605778694152832 12.238856951419072
1431.367 12.426909446716309 13.605778694152832 12.359752960580703
1431.382 12.703446388244629 13.605778694152832 12.481006928236248
1431.402 12.863493919372559 13.605778694152832 12.599149266687604
1431.417 12.97089958190918 13.605778694152832 12.711779872289313
1431.432 13.046051025390625 13.605778694152832 12.817331774503831
1431.452 13.136585235595703 13.605778694152832 12.914878608472565
1431.467 13.158194541931152 13.605778694152832 13.003978842423896
1431.482 13.15692138671875 13.605778694152832 13.084550673064095
1431.502 13.150768280029297 13.605778694152832 13.156772374817214
1431.517 13.163592338562012 13.605778694152832 13.221003659066692
1431.532 13.181751251220703 13.605778694152832 13.277724275030264
1431.557 13.225629806518555 13.605778694152832 13.327486672669924
1431.567 13.26786994934082 13.605778694152832 13.370880058312759
1431.582 13.3369140625 13.605778694152832 13.408503613502843
1431.602 13.416861534118652 13.605778694152832 13.44094702475609
1431.617 13.446784019470215 13.605778694152832 13.46877679363567
1431.632 13.478907585144043 13.605778694152832 13.492527069666115
1431.652 13.563871383666992 13.605778694152832 13.512693979256417
1431.667 13.592874526977539 13.605778694152832 13.529732617626069
1431.682 13.600053787231445 13.605778694152832 13.544056032774177
1431.702 13.60241985321045 13.605778694152832 13.556035665302467
1431.717 13.582123756408691 13.605778694152832 13.566002819382911
1431.732 13.581253051757812 13.605778694152832 13.574250831852135
1431.752 13.588168144226074 13.605778694152832 13.581037681377346
1431.767 13.561935424804688 15.778499603271484 13.630880090949157
1431.782 13.583663940429688 15.778499603271484 13.723778060567568
1431.802 13.76941204071045 15.778499603271484 13.847430541783236
1431.817 14.069409370422363 15.778499603271484 13.989688964352656
1431.832 14.242812156677246 15.778499603271484 14.141330021355987
1431.852 14.540472984313965 15.778499603271484 14.295483047542177
1431.867 14.727652549743652 15.778499603271484 14.447154289320473
1431.882 14.898709297180176 15.778499603271484 14.592833828487596
1431.907 15.085756301879883 15.778499603271484 14.730172659917399
1431.917 15.208600997924805 15.778499603271484 14.857719016321056
1431.932 15.22399616241455 15.778499603271484 14.974704477719907
1431.952 15.213824272155762 15.778499603271484 15.08087170136578
1431.967 15.203301429748535 17.650089263916016 15.228325372035949
1431.982 15.269887924194336 17.650089263916016 15.40127172673981
1432.002 15.504714012145996 17.650089263916016 15.587683772048232
1432.017 15.645258903503418 17.650089263916016 15.778568115847811
1432.032 15.892088890075684 17.650089263916016 15.9673552633969
1432.057 16.152441024780273 17.650089263916016 16.149395332351876
1432.067 16.508649826049805 17.650089263916016 16.321543325971234
1432.087 16.730581283569336 17.650089263916016 16.48182010986914
1432.107 17.091312408447266 17.650089263916016 16.629137060291644
1432.117 17.114994049072266 17.650089263916016 16.763073992309703
1432.132 17.11823844909668 17.650089263916016 16.88370144061372
1432.152 17.120014190673828 19.52824592590332 17.043610686814006
1432.167 17.194150924682617 19.52824592590332 17.227229963623927
1432.182 17.320087432861328 19.52824592590332 17.42274089268809
1432.202 17.513315200805664 19.52824592590332 17.621343312651582
1432.217 17.777647018432617 19.52824592590332 17.81664456658393
1432.232 18.099206924438477 19.52824592590332 18.00415494951207
1432.252 18.323074340820312 19.52824592590332 18.180873252711024
1432.267 18.478288650512695 19.52824592590332 18.34494838999597
1432.282 18.740676879882812 19.52824592590332 18.49540494871828
1432.302 18.88922691345215 21.554973602294922 18.688220173932493
1432.317 19.044593811035156 21.554973602294922 18.90603646380312
1432.332 19.23754119873047 21.554973602294922 19.13571972984722
1432.352 19.544004440307617 21.554973602294922 19.367527570584677
1432.367 19.810104370117188 21.554973602294922 19.594418915795508
1432.382 20.005695343017578 21.554973602294922 19.811484234593866
1432.402 20.271446228027344 21.554973602294922 20.01547797512404
1432.417 20.433334350585938 21.554973602294922 20.204437258038272
1432.432 20.537906646728516 21.554973602294922 20.377372977032575
1432.452 20.667381286621094 21.554973602294922 20.534021371647903
1432.467 20.75606918334961 18.720569610595703 20.64761420621663
1432.482 20.80139923095703 18.720569610595703 20.718151480738758
1432.502 20.757131576538086 18.720569610595703 20.745633195214285
1432.517 20.68054962158203 18.720569610595703 20.730059349643213
1432.532 20.598325729370117 18.720569610595703 20.67142994402554
1432.552 20.34611701965332 18.720569610595703 20.575221633729228
1432.567 20.184295654296875 18.720569610595703 20.45475422897774
1432.587 20.000232696533203 18.720569610595703 20.320247457372886
1432.602 19.786157608032227 14.79170036315918 20.14268512572143
1432.617 19.599937438964844 14.79170036315918 19.922067234023377
1432.632 19.398212432861328 14.79170036315918 19.658393782278722
1432.652 19.043737411499023 14.79170036315918 19.351664770487467
1432.667 18.763715744018555 14.79170036315918 19.005176625375995
1432.687 18.413604736328125 14.79170036315918 18.65850994062925
1432.702 17.913169860839844 14.79170036315918 18.311843255882508
1432.717 17.683380126953125 14.79170036315918 17.965176571135764
1432.732 17.223583221435547 14.79170036315918 17.61850988638902
1432.752 16.788105010986328 14.79170036315918 17.29067309037917
1432.767 16.553699493408203 11.701061248779297 16.944006405632425
1432.782 16.328500747680664 11.701061248779297 16.59733972088568
1432.802 15.78399658203125 11.701061248779297 16.250673036138938
1432.822 15.405723571777344 11.701061248779297 15.904006351392196
1432.832 15.336222648620605 11.701061248779297 15.557339666645454
1432.852 14.940125465393066 11.701061248779297 15.210672981898712
1432.872 14.511621475219727 11.701061248779297 14.86400629715197
1432.882 14.465715408325195 11.701061248779297 14.517339612405229
1432.902 14.158407211303711 11.701061248779297 14.173573989924831
1432.917 13.924271583557129 11.701061248779297 13.85852771558679
1432.932 13.663406372070312 11.701061248779297 13.572814926637495
1432.952 13.325209617614746 11.701061248779297 13.316060935637548
1432.967 13.085030555725098 11.701061248779297 13.087192805456196
1432.982 12.816869735717773 9.916250228881836 12.835088901449057
1433.002 12.563485145568848 9.916250228881836 12.573335580163002
1433.017 12.290617942810059 9.916250228881836 12.311937769652678
1433.032 11.997211456298828 9.916250228881836 12.058055792909046
1433.052 11.612420082092285 9.916250228881836 11.816612441454527
1433.067 11.256465911865234 9.916250228881836 11.590790198402262
1433.082 11.147400856018066 9.916250228881836 11.38243592354654
1433.102 10.938214302062988 9.916250228881836 11.192387978323238
1433.117 10.830266952514648 9.916250228881836 11.020738679206179
1433.132 10.745074272155762 9.916250228881836 10.867043112777317
1433.152 10.645609855651855 9.916250228881836 10.730483709578042
1433.167 10.59309196472168 9.916250228881836 10.60999854025796
1433.182 10.559285163879395 9.916250228881836 10.50438004892176
1433.202 10.486879348754883 9.916250228881836 10.412349857208579
1433.217 10.43492603302002 9.916250228881836 10.332614341172006
1433.232 10.381406784057617 9.916250228881836 10.263904884865147
1433.252 10.248290061950684 9.916250228881836 10.205006034075925
1433.267 10.214377403259277 9.916250228881836 10.154774196455284
1433.282 10.160162925720215 9.916250228881836 10.112149047112393
1433.302 10.102327346801758 9.916250228881836 10.07615938963918
1433.317 10.069435119628906 9.916250228881836 10.04592488071972
1433.332 10.000345230102539 9.916250228881836 10.020654742402993
1433.352 9.951491355895996 9.916250228881836 9.99964435130466
1433.367 9.94067096710205 9.916250228881836 9.982270401019061
1433.382 9.931888580322266 9.916250228881836 9.967985176376015
1433.407 9.922792434692383 9.916250228881836 9.956310350234853
1433.417 9.92033863067627 9.916250228881836 9.946830610408105
1433.432 9.938111305236816 9.916250228881836 9.939187341874684
1433.452 9.959113121032715 9.916250228881836 9.933072524111305
1433.467 9.961079597473145 9.916250228881836 9.92822295211057
1433.482 9.958697319030762 9.916250228881836 9.924414849901773
1433.502 9.966156959533691 9.916250228881836 9.921458914989753
1433.517 9.93198013305664 9.916250228881836 9.91919580927284
1433.532 9.95052719116211 9.916250228881836 9.917492095189765
1433.552 9.934121131896973 9.916250228881836 9.91623660383214
1433.572 9.90994930267334 12.951306343078613 9.958036672521114
1433.582 9.923328399658203 12.951306343078613 10.042892301256689
1433.602 10.121066093444824 12.951306343078613 10.170803490038864
1433.617 10.318670272827148 12.951306343078613 10.339709371861193
1433.632 10.590332984924316 12.951306343078613 10.533302952549837
1433.652 11.036787986755371 12.951306343078613 10.739211783703364
1433.667 11.303313255310059 12.951306343078613 10.948226853823867
1433.682 11.5508394241333 12.951306343078613 11.153662087049176
1433.702 11.813471794128418 12.951306343078613 11.350825235700999
1433.717 11.949339866638184 12.951306343078613 11.536583302496906
1433.732 12.063435554504395 12.951306343078613 11.709007780626496
1433.752 12.101853370666504 12.951306343078613 11.867086951072398
1433.767 12.097018241882324 12.951306343078613 12.010494229364337
1433.782 12.123514175415039 12.951306343078613 12.139403115905782
1433.802 12.172940254211426 12.951306343078613 12.254340685796183
1433.817 12.21011734008789 12.951306343078613 12.356072768352028
1433.832 12.261326789855957 12.951306343078613 12.445515027036377
1433.852 12.398862838745117 15.5440034866333 12.578012845767326
1433.867 12.548585891723633 15.5440034866333 12.753566224544874
1433.882 12.797595024108887 15.5440034866333 12.956891630995571
1433.902 13.208861351013184 15.5440034866333 13.174472394988882
1433.917 13.533758163452148 15.5440034866333 13.396225587602395
1433.932 13.974679946899414 15.5440034866333 13.614809209116947
1433.952 14.214372634887695 15.5440034866333 13.825049536826452
1433.967 14.463784217834473 15.5440034866333 14.02347049438676
1433.982 14.618964195251465 15.5440034866333 14.207909209674321
1434.002 14.77468490600586 15.5440034866333 14.377204020025083
1434.017 14.847882270812988 15.5440034866333 14.530943064616874
1434.032 14.846410751342773 15.5440034866333 14.669263281182717
1434.052 14.847173690795898 16.562034606933594 14.82096975443268
1434.067 14.87037467956543 16.562034606933594 14.978055642300836
1434.082 14.985339164733887 16.562034606933594 15.134633279892165
1434.102 15.12819766998291 16.562034606933594 15.286497292183624
1434.117 15.322160720825195 16.562034606933594 15.430764761187268
1434.132 15.474660873413086 16.562034606933594 15.565580610834346
1434.152 15.758785247802734 16.562034606933594 15.689877914979176
1434.167 15.915315628051758 16.562034606933594 15.803184225083106
1434.182 16.043861389160156 16.562034606933594 15.905466258455618
1434.202 16.15839195251465 16.562034606933594 15.997006392443481
1434.217 16.242887496948242 16.562034606933594 16.078305383599517
1434.232 16.287961959838867 13.566715240478516 16.116548814708953
1434.252 16.2244815826416 13.566715240478516 16.11173668577179
1434.267 16.11256217956543 13.566715240478516 16.063868996788024
1434.282 15.997647285461426 13.566715240478516 15.97294574775766
1434.302 15.694839477539062 13.566715240478516 15.840944344010898
1434.317 15.433544158935547 13.566715240478516 15.683170302699832
1434.332 15.185726165771484 13.566715240478516 15.51130848423097
1434.352 14.879916191101074 13.566715240478516 15.334124365573736
1434.367 14.709903717041016 13.566715240478516 15.158047713447344
1434.382 14.521749496459961 13.566715240478516 14.987655764276486
1434.402 14.479654312133789 13.566715240478516 14.826070962332649
1434.417 14.414949417114258 13.566715240478516 14.675286416293547
1434.432 14.417492866516113 13.566715240478516 14.536430513542332
1434.452 14.404233932495117 13.566715240478516 14.409980580449915
1434.467 14.362177848815918 13.566715240478516 14.295934090604153
1434.482 14.337197303771973 13.566715240478516 14.193944693283589
1434.502 14.240622520446777 13.566715240478516 14.103429251204552
1434.517 14.134760856628418 13.566715240478516 14.023651128310187
1434.532 14.083529472351074 13.566715240478516 13.95378414320661
1434.552 13.939996719360352 13.566715240478516 13.892960889828622
1434.567 13.876433372497559 13.566715240478516 13.840308512379288
1434.582 13.780669212341309 13.566715240478516 13.794974495417565
1434.602 13.708035469055176 13.566715240478516 13.75614458174411
1434.617 13.649676322937012 15.474258422851562 13.760370228117255
1434.632 13.681979179382324 15.474258422851562 13.807651434537
1434.652 13.816150665283203 15.474258422851562 13.887830941832345
1434.667 13.946708679199219 15.474258422851562 13.989360355500766
1434.682 14.168977737426758 15.474258422851562 14.103370273302774
1434.702 14.532768249511719 15.474258422851562 14.22315760972459
1434.717 14.654037475585938 15.474258422851562 14.343758003046432
1434.732 14.761317253112793 15.474258422851562 14.461591075859573
1434.752 14.883110046386719 15.474258422851562 14.574167761096147
1434.767 14.943692207336426 15.474258422851562 14.679850238175542
1434.782 14.955430030822754 15.474258422851562 14.777656241507975
1434.802 14.957598686218262 15.474258422851562 14.867100605062186
1434.817 14.948986053466797 17.04850196838379 14.991796886255973
1434.832 14.990889549255371 17.04850196838379 15.138293255287186
1434.852 15.254520416259766 17.04850196838379 15.296343676271084
1434.872 15.358173370361328 17.04850196838379 15.458284211053954
1434.882 15.563226699829102 17.04850196838379 15.618514312010976
1434.902 15.8895845413208 17.04850196838379 15.773067765482795
1434.917 16.103923797607422 17.04850196838379 15.919259803074295
1434.932 16.27426528930664 17.04850196838379 16.05539860238511
1434.952 16.45631217956543 17.04850196838379 16.180550947368015
1434.967 16.541582107543945 17.04850196838379 16.29435321252167
1434.982 16.62108612060547 17.04850196838379 16.396860079603634
1435.002 16.621753692626953 19.03685188293457 16.542422506732198
1435.017 16.69133758544922 19.03685188293457 16.71603195614535
1435.032 16.795927047729492 19.03685188293457 16.90491928590573
1435.052 17.10223960876465 19.03685188293457 17.099508892204117
1435.067 17.332406997680664 19.03685188293457 17.29277986253171
1435.082 17.628616333007812 19.03685188293457 17.479737171808402
1435.102 17.94407844543457 19.03685188293457 17.656976431625864
1435.117 18.021774291992188 19.03685188293457 17.82232777618823
1435.132 18.147069931030273 19.03685188293457 17.974566354943175
1435.152 18.315433502197266 19.03685188293457 18.113178601878936
1435.167 18.392139434814453 19.03685188293457 18.238174970618022
1435.182 18.449525833129883 21.242992401123047 18.40622689940371
1435.202 18.570951461791992 21.242992401123047 18.605463162483957
1435.217 18.761865615844727 21.242992401123047 18.821513856796102
1435.232 18.931354522705078 21.242992401123047 19.04361348444131
1435.252 19.437076568603516 21.242992401123047 19.263878746141046
1435.272 19.686100006103516 21.242992401123047 19.476710898810435
1435.282 19.945655822753906 21.242992401123047 19.678303985260428
1435.302 20.210588455200195 21.242992401123047 19.86624259921155
1435.317 20.362789154052734 21.242992401123047 20.039174990474844
1435.332 20.4549617767334 20.449254989624023 20.17450098060045
1435.352 20.491962432861328 20.449254989624023 20.279116661459717
1435.367 20.442996978759766 20.449254989624023 20.35881729636049
1435.382 20.40505599975586 20.449254989624023 20.418448241936552
1435.402 20.333513259887695 20.449254989624023 20.462039495132146
1435.417 20.292879104614258 20.449254989624023 20.49292476742146
1435.432 20.271108627319336 20.449254989624023 20.513846162595954
1435.452 20.277420043945312 20.449254989624023 20.52704562939215
1435.467 20.324827194213867 20.449254989624023 20.53434439573764
1435.482 20.371828079223633 18.462467193603516 20.498587602036533
1435.502 20.370180130004883 18.462467193603516 20.419775248288826
1435.517 20.340553283691406 18.462467193603516 20.30892338874401
1435.532 20.222816467285156 18.462467193603516 20.178189102493256
1435.552 19.988183975219727 18.462467193603516 20.036837252393923
1435.567 19.786998748779297 18.462467193603516 19.891802589050098
1435.582 19.608936309814453 18.462467193603516 19.74815731733748
1435.602 19.355379104614258 18.462467193603516 19.60949792312603
1435.617 19.217885971069336 18.462467193603516 19.478263391291033
1435.632 19.095975875854492 16.970386505126953 19.314548724644204
1435.652 18.95827865600586 16.970386505126953 19.132104258632285
1435.667 18.79572105407715 16.970386505126953 18.941304672381108
1435.682 18.64187240600586 16.970386505126953 18.749817239141738
1435.702 18.430307388305664 16.970386505126953 18.56315594482691
1435.717 18.267337799072266 16.970386505126953 18.38513841983072
1435.732 18.088882446289062 16.970386505126953 18.218260527817517
1435.752 17.92500114440918 16.970386505126953 18.064001536761396
1435.767 17.804651260375977 16.970386505126953 17.923071063625454
1435.782 17.708667755126953 15.389954566955566 17.751706538824596
1435.802 17.542102813720703 15.389954566955566 17.56329107029904
1435.817 17.370946884155273 15.389954566955566 17.367889522583265
1435.832 17.198881149291992 15.389954566955566 17.17290910622045
1435.852 16.84840202331543 15.389954566955566 16.98364662389606
1435.867 16.620346069335938 15.389954566955566 16.803739285938764
1435.887 16.34146499633789 15.389954566955566 16.635533894548622
1435.902 16.282461166381836 15.389954566955566 16.480387270495783
1435.917 16.160560607910156 15.389954566955566 16.33890905840381
1435.932 16.083921432495117 15.389954566955566 16.2111564920943
1435.952 16.009384155273438 15.389954566955566 16.096789321160372
1435.967 15.973038673400879 15.389954566955566 15.99519188290513
1435.982 15.968867301940918 15.389954566955566 15.905568237571268
1436.002 15.883918762207031 15.389954566955566 15.827015356284189
1436.017 15.831135749816895 15.389954566955566 15.75857854710818
1436.032 15.790032386779785 15.389954566955566 15.699292612137688
1436.052 15.704623222351074 15.389954566955566 15.648211635244664
1436.072 15.629498481750488 15.389954566955566 15.604429794358724
1436.082 15.588790893554688 15.389954566955566 15.567095163210357
1436.102 15.49319839477539 15.389954566955566 15.535418105474276
1436.117 15.48616886138916 16.067384719848633 15.527493066505476
1436.132 15.513228416442871 16.067384719848633 15.536810447296563
1436.152 15.524382591247559 16.067384719848633 15.558226079167362
1436.167 15.581062316894531 16.067384719848633 15.587717245408049
1436.182 15.68956470489502 16.067384719848633 15.622176678680134
1436.202 15.7247314453125 16.067384719848633 15.659239496671681
1436.217 15.79232406616211 16.067384719848633 15.69713855084433
1436.232 15.812458038330078 16.067384719848633 15.734584155986473
1436.257 15.893104553222656 16.067384719848633 15.77066463352323
1436.267 15.900179862976074 16.067384719848633 15.80476453403796
1436.282 15.901423454284668 16.067384719848633 15.836497801491957
1436.302 15.901308059692383 16.067384719848633 15.865653502210623
1436.317 15.89430046081543 12.630522727966309 15.85175364288269
1436.332 15.84055233001709 12.630522727966309 15.794798223508156
1436.352 15.666778564453125 12.630522727966309 15.694787244087022
1436.367 15.51064395904541 12.630522727966309 15.551720704619289
1436.382 15.267879486083984 12.630522727966309 15.368045290077125
1436.402 14.896345138549805 12.630522727966309 15.160368944378947
1436.417 14.615917205810547 12.630522727966309 14.94126071968919
1436.432 14.338651657104492 12.630522727966309 14.720045988767298
1436.452 14.040376663208008 12.630522727966309 14.503466449354518
1436.467 13.858282089233398 12.630522727966309 14.296224896065988
1436.482 13.729901313781738 12.630522727966309 14.101432276442559
1436.502 13.622008323669434 12.630522727966309 13.920972299093547
1436.517 13.59682559967041 12.630523681640625 13.755796852658488
1436.532 13.569947242736816 12.630523681640625 13.60616352714324
1436.552 13.508363723754883 12.630523681640625 13.471825203088725
1436.567 13.471914291381836 12.630523681640625 13.352179917023586
1436.582 13.430234909057617 12.630523681640625 13.246388121815523
1436.602 13.308696746826172 12.630523681640625 13.153463322801512
1436.617 13.191024780273438 12.630523681640625 13.072341115556071
1436.637 13.089896202087402 12.630523681640625 13.001930827117786
1436.652 12.946762084960938 12.630523681640625 12.941153255215857
1436.667 12.866395950317383 12.630523681640625 12.888967396084906
1436.682 12.787789344787598 12.630523681640625 12.844388538328817
1436.702 12.716582298278809 12.630523681640625 12.80649966651247
1436.717 12.680695533752441 12.630523681640625 12.774457753292095
1436.732 12.670632362365723 12.630523681640625 12.747496213550283
1436.757 12.674781799316406 15.796643257141113 12.763590233855071
1436.767 12.722745895385742 15.796643257141113 12.822739814206459
1436.782 12.852982521057129 15.796643257141113 12.924944954604447
1436.802 13.06329345703125 15.796643257141113 13.070205655049035
1436.822 13.638091087341309 15.796643257141113 13.25004354062341
1436.832 13.697859764099121 15.796643257141113 13.449666244353939
1436.852 14.046279907226562 15.796643257141113 13.657922991788661
1436.872 14.410502433776855 15.796643257141113 13.86658256016276
1436.882 14.469813346862793 15.796643257141113 14.06973471714471
1436.902 14.618194580078125 15.796643257141113 14.263296779983326
1436.917 14.688436508178711 15.796643257141113 14.444609217632356
1436.932 14.820149421691895 15.796643257141113 14.612106300283157
1436.952 14.880452156066895 15.796643257141113 14.765049681497096
1436.967 14.892365455627441 13.497088432312012 14.874937502664435
1436.982 14.903480529785156 13.497088432312012 14.941769763785175
1437.002 14.856282234191895 13.497088432312012 14.965546464859314
1437.017 14.831409454345703 13.497088432312012 14.946267605886852
1437.032 14.72751235961914 13.497088432312012 14.892196109332138
1437.052 14.615117073059082 13.497088432312012 14.814691875863018
1437.067 14.438141822814941 13.497088432312012 14.722547076883544
1437.082 14.337018966674805 13.497088432312012 14.622469450854409
1437.102 14.185744285583496 13.497088432312012 14.519486566569908
1437.117 14.092451095581055 13.497088432312012 14.417282216551616
1437.132 14.079035758972168 13.497088432312012 14.318474826098132
1437.152 14.06939697265625 13.497088432312012 14.224846573303672
1437.167 14.066378593444824 10.657233238220215 14.088162760462613
1437.182 13.983516693115234 10.657233238220215 13.908423387574953
1437.202 13.875065803527832 10.657233238220215 13.689299326092572
1437.217 13.62751293182373 10.657233238220215 13.448036351819816
1437.232 13.268733978271484 10.657233238220215 13.197608907025506
1437.252 12.769888877868652 10.657233238220215 12.947569910462727
1437.272 12.51806640625 10.657233238220215 12.704754830200246
1437.282 11.91806697845459 10.657233238220215 12.473861753890398
1437.302 11.778423309326172 10.657233238220215 12.257926477470264
1437.317 11.623883247375488 10.657233238220215 12.058709160165169
1437.332 11.361098289489746 10.657233238220215 11.877006861592283
1437.352 11.272642135620117 10.657233238220215 11.71290427944994
1437.367 11.276476860046387 8.783186912536621 11.513916384881018
1437.382 11.283373832702637 8.783186912536621 11.295454792347574
1437.402 11.182656288146973 8.783186912536621 11.06910542809734
1437.417 11.034960746765137 8.783186912536621 10.843390643896083
1437.432 10.834796905517578 8.783186912536621 10.62440049782458
1437.452 10.52916431427002 8.783186912536621 10.416312735894309
1437.467 10.236470222473145 8.783186912536621 10.221818565316246
1437.482 9.963659286499023 8.783186912536621 10.042469084752655
1437.502 9.646803855895996 8.783186912536621 9.878955229010954
1437.517 9.491581916809082 8.783186912536621 9.731332289513091
1437.532 9.318033218383789 8.783186912536621 9.599198477391162
1437.552 9.196526527404785 8.783186912536621 9.481835590379342
1437.567 9.184673309326172 8.783186912536621 9.378318613346323
1437.582 9.163658142089844 8.783186912536621 9.287600010144361
1437.602 9.172457695007324 8.783186912536621 9.208573536128444
1437.617 9.198488235473633 8.783186912536621 9.1401216012525
1437.632 9.214597702026367 8.783186912536621 9.081149528771059
1437.652 9.21207046508789 7.970732688903809 9.008041295594879
1437.667 9.168537139892578 7.970732688903809 8.926832931929747
1437.682 9.047752380371094 7.970732688903809 8.842075262982112
1437.702 8.876421928405762 7.970732688903809 8.757128305239704
1437.717 8.612215042114258 7.970732688903809 8.6744053284917
1437.732 8.46696949005127 7.970732688903809 8.59557406546173
1437.752 8.314002990722656 7.970732688903809 8.521721621406973
1437.767 8.172096252441406 7.970732688903809 8.453488787870832
1437.782 8.142520904541016 7.970732688903809 8.391178698474805
1437.817 8.1647367477417 7.970732688903809 8.334844078288771
1437.817 8.1647367477417 7.970732688903809 8.284356728338883
1437.832 8.165498733520508 7.970732688903809 8.239462348505608
1437.852 8.226412773132324 7.970732688903809 8.199823330076484
1437.872 8.243510246276855 7.970732688903809 8.16505173786945
1437.882 8.261773109436035 7.970732688903809 8.134734345378375
1437.902 8.283824920654297 7.970732688903809 8.108451279163846
1437.917 8.244117736816406 7.970732688903809 8.08578956530334
1437.932 8.19609260559082 7.970732688903809 8.066352646027047
1437.952 8.150718688964844 7.970732688903809 8.049766743969112
1437.967 8.031078338623047 7.970732688903809 8.035684790425204
1437.982 7.980358123779297 7.970732688903809 8.02378849869637
1438.002 7.927468299865723 7.559166431427002 8.002356653251683
1438.017 7.883130073547363 7.559166431427002 7.974686323553772
1438.032 7.8543477058410645 7.559166431427002 7.943313700582796
1438.052 7.82344388961792 7.559166431427002 7.910159229327593
1438.067 7.800759792327881 7.559166431427002 7.876648724459287
1438.082 7.7716383934021 7.559166431427002 7.843813909628066
1438.102 7.760200500488281 7.559166431427002 7.812375417598332
1438.117 7.764163970947266 7.559166431427002 7.7828109150920595
1438.132 7.748229026794434 7.559166431427002 7.7554106746496325
1438.157 7.721463203430176 7.559166431427002 7.730322606523773
1438.167 7.737767219543457 7.559166431427002 7.707588486044584
1438.182 7.732885360717773 7.559166431427002 7.6871728647565725
1438.202 7.698825359344482 7.559166431427002 7.6689859351718
1438.217 7.690306663513184 7.559166431427002 7.652901427149242
1438.232 7.655084133148193 7.559166431427002 7.638770446484657
1438.252 7.61500358581543 7.559166431427002 7.626432021012713
1438.267 7.58671236038208 7.559166431427002 7.615720994145642
1438.282 7.588541507720947 7.559166431427002 7.606473798143136
1438.302 7.604002475738525 7.559166431427002 7.5985325474876895
1438.317 7.587097644805908 7.559166431427002 7.591747814630665
1438.337 7.581899166107178 7.559166431427002 7.585980384333328
1438.357 7.573978424072266 7.559166431427002 7.581102227269261
1438.367 7.572268486022949 7.559166431427002 7.576996887052921
1438.382 7.581601142883301 7.559166431427002 7.573559436139493
1438.402 7.586643218994141 7.559166431427002 7.57069612397417
1438.417 7.557645797729492 7.559166431427002 7.568323814360506
1438.432 7.568022727966309 7.559166431427002 7.566369287397749
1438.457 7.563075542449951 7.559166431427002 7.564768463749931
1438.467 7.556273460388184 7.559166431427002 7.563465594800782
1438.482 7.543744087219238 7.559166431427002 7.56241245085586
1438.502 7.574315547943115 7.559166431427002 7.561567530495133
1438.517 7.57055139541626 7.559166431427002 7.560895307045803
1438.532 7.605031490325928 7.559166431427002 7.560365522589296
1438.552 7.560723304748535 7.559166431427002 7.559952535645313
1438.567 7.570843696594238 7.559166431427002 7.55963472544433
1438.582 7.537824630737305 7.559166431427002 7.55939395330315
1438.607 7.568608283996582 7.559166431427002 7.559215079886088
1438.617 7.548898696899414 7.559166431427002 7.559085535926943
1438.632 7.537549018859863 7.559166431427002 7.558994943188929
1438.652 7.558735370635986 7.559166431427002 7.5589347819573565
1438.672 7.571401119232178 7.559166431427002 7.558898101117113
1438.682 7.5628981590271 7.559166431427002 7.558879266802644
1438.702 7.569672107696533 7.559166431427002 7.558873745673506
1438.717 7.574265003204346 7.559166431427002 7.558877919025039
1438.732 7.567965507507324 7.559166431427002 7.558888924161133
1438.752 7.544407844543457 7.559166431427002 7.558904519711138
1438.767 7.555566310882568 7.559166431427002 7.558922971847944
1438.782 7.558135509490967 7.559166431427002 7.55894295864584
1438.802 7.570174217224121 11.057500839233398 7.602018505490336
1438.817 7.592067718505859 11.057500839233398 7.688149612381432
1438.832 7.705367088317871 11.057500839233398 7.817336279319128
1438.852 7.9497809410095215 11.057500839233398 7.989578506303424
1438.867 8.240674018859863 11.057500839233398 8.198238840123038
1438.882 8.689678192138672 11.057500839233398 8.427202695648019
1438.902 9.132980346679688 11.057500839233398 8.664357300333828
1438.922 9.185182571411133 11.057500839233398 8.900794313202114
1438.932 9.52605152130127 11.057500839233398 9.130149356458151
1438.952 9.884860038757324 11.057500839233398 9.348058014175072
1438.967 10.090974807739258 11.057500839233398 9.55171041019014
1438.982 10.210436820983887 11.057500839233398 9.739488807272387
1439.002 10.190489768981934 11.057500839233398 9.910674771557655
1439.017 10.180938720703125 11.057500839233398 10.065214326413013
1439.032 10.187705993652344 11.057500839233398 10.203531188895834
1439.052 10.144174575805664 11.057500839233398 10.32637965328166
1439.067 10.172127723693848 11.057500839233398 10.434729974893216
1439.082 10.187790870666504 11.057500839233398 10.529680229594303
1439.102 10.35102367401123 11.057500839233398 10.612389595857422
1439.117 10.487831115722656 11.057500839233398 10.684028842951705
1439.137 10.625751495361328 13.36890983581543 10.798723650092587
1439.152 10.854111671447754 13.36890983581543 10.952315661676879
1439.167 11.02749252319336 13.36890983581543 11.129517557326245
1439.182 11.459246635437012 13.36890983581543 11.318717594147449
1439.202 11.754851341247559 13.36890983581543 11.511260741504607
1439.217 12.174107551574707 13.36890983581543 11.700851363378662
1439.232 12.422270774841309 13.36890983581543 11.883059601987625
1439.252 12.626069068908691 13.36890983581543 12.054915792209728
1439.267 12.696562767028809 13.36890983581543 12.214579231014552
1439.282 12.693547248840332 13.36890983581543 12.361069435498857
1439.302 12.663420677185059 13.36890983581543 12.494049649476885
1439.317 12.652090072631836 13.36890983581543 12.613653808573691
1439.332 12.630010604858398 13.36890983581543 12.720349457104042
1439.352 12.642271041870117 13.36890983581543 12.814830238261974
1439.367 12.630438804626465 13.36890983581543 12.897932564899808
1439.382 12.719223022460938 16.498836517333984 13.024090451584241
1439.407 13.001047134399414 16.498836517333984 13.193303898315275
1439.417 13.128320693969727 16.498836517333984 13.405572905092908
1439.432 13.302030563354492 16.498836517333984 13.643623021671674
1439.452 13.84704303741455 16.498836517333984 13.893537095965579
1439.467 14.158516883850098 16.498836517333984 14.145011614769965
1439.482 14.49425983428955 16.498836517333984 14.390619048088382
1439.502 14.925741195678711 16.498836517333984 14.625199307480294
1439.522 15.440385818481445 16.498836517333984 14.845360640058367
1439.532 15.552145004272461 16.498836517333984 15.049072815423404
1439.552 15.801986694335938 16.498836517333984 15.235337756234005
1439.572 16.094518661499023 16.498836517333984 15.403924819198423
1439.582 16.15349006652832 19.30722427368164 15.615567442209441
1439.602 16.185575485229492 19.30722427368164 15.869790686032731
1439.617 16.277183532714844 19.30722427368164 16.147468283299467
1439.632 16.472902297973633 19.30722427368164 16.434241566125458
1439.652 16.73398208618164 19.30722427368164 16.719567498113985
1439.667 16.95705223083496 19.30722427368164 16.995930440863987
1439.687 17.241056442260742 19.30722427368164 17.25819315891502
1439.702 17.54701042175293 19.30722427368164 17.503065639878844
1439.717 17.91796112060547 19.30722427368164 17.728673103784196
1439.732 18.194705963134766 19.30722427368164 17.9342070977646
1439.757 18.41606903076172 19.30722427368164 18.11964582705599
1439.767 18.5635986328125 17.532644271850586 18.26202899630078
1439.782 18.617961883544922 17.532644271850586 18.361356605498973
1439.802 18.522125244140625 17.532644271850586 18.417628654650564
1439.817 18.469867706298828 17.532644271850586 18.43337405362459
1439.832 18.361366271972656 17.532644271850586 18.41963798166421
1439.852 18.11410903930664 17.532644271850586 18.38515508023074
1439.867 17.981491088867188 17.532644271850586 18.33676147645453
1439.882 17.849712371826172 17.532644271850586 18.279742803116694
1439.902 17.81120491027832 17.532644271850586 18.21812668225618
1439.917 17.823570251464844 17.532644271850586 18.154927283163676
1439.932 17.833053588867188 15.125027656555176 18.048672324024572
1439.952 17.829282760620117 15.125027656555176 17.89936180483887
1439.967 17.72010040283203 15.125027656555176 17.715291089471325
1439.982 17.572166442871094 15.125027656555176 17.511421976647327
1440.002 17.249855041503906 15.125027656555176 17.29902704410791
1440.017 16.995376586914062 15.125027656555176 17.086421800751033
1440.032 16.722637176513672 15.125027656555176 16.879571536465125
1440.052 16.398326873779297 15.125027656555176 16.68259151503565
1440.067 16.167558670043945 15.125027656555176 16.4981568353401
1440.082 16.025632858276367 15.125027656555176 16.327836169783303
1440.102 15.90041446685791 15.125027656555176 16.172361677576347
1440.117 15.876497268676758 15.125027656555176 16.03184567906251
1440.132 15.840479850769043 15.125027656555176 15.905953156729112
1440.152 15.79662799835205 15.125027656555176 15.794037806982967
1440.167 15.794316291809082 15.125027656555176 15.695248190757251
1440.182 15.737771034240723 15.125027656555176 15.608609506319725
1440.202 15.641813278198242 15.125027656555176 15.533085619858477
1440.217 15.560262680053711 15.125027656555176 15.46762522440318
1440.232 15.532563209533691 15.125027656555176 15.41119534186131
1440.252 15.429667472839355 15.125027656555176 15.362804823674729
1440.267 15.322559356689453 15.125027656555176 15.32152003102492
1440.282 15.293570518493652 15.125027656555176 15.286474474820249
1440.302 15.231971740722656 17.88343620300293 15.294484478662177
1440.317 15.214879035949707 17.88343620300293 15.345550042550705
1440.332 15.31908130645752 17.88343620300293 15.439671166485834
1440.352 15.577971458435059 17.88343620300293 15.575007006454673
1440.372 15.973320007324219 17.88343620300293 15.736120729691823
1440.382 16.049049377441406 17.88343620300293 15.911233220555827
1440.402 16.468568801879883 17.88343620300293 16.091513924980838
1440.417 16.60430908203125 17.88343620300293 16.270490717847373
1440.432 16.79623031616211 17.88343620300293 16.443561462684734
1440.452 16.94689178466797 17.88343620300293 16.607592018663734
1440.467 17.051342010498047 17.88343620300293 16.760587367953143
1440.482 17.09583282470703 19.413772583007812 16.943933629677616
1440.507 17.20240592956543 19.413772583007812 17.14393842595292
1440.517 17.294675827026367 19.413772583007812 17.350326149045227
1440.532 17.46641731262207 19.413772583007812 17.555555310022616
1440.552 17.76832389831543 19.413772583007812 17.754253357546308
1440.567 18.008071899414062 19.413772583007812 17.94275138307332
1440.582 18.286333084106445 19.413772583007812 18.118703336175965
1440.602 18.45160484313965 19.413772583007812 18.280776382797214
1440.617 18.57958221435547 19.413772583007812 18.42840085043614
1440.632 18.69627571105957 19.413772583007812 18.56156982326687
1440.652 18.822301864624023 21.552968978881836 18.737794356144196
1440.667 18.939607620239258 21.552968978881836 18.942287905335082
1440.682 19.159805297851562 21.552968978881836 19.161360538840697
1440.702 19.46190071105957 21.552968978881836 19.384796164324303
1440.717 19.747222900390625 21.552968978881836 19.605152054861282
1440.732 19.909019470214844 21.552968978881836 19.817179804467525
1440.752 20.319734573364258 21.552968978881836 20.017349392870848
1440.767 20.537681579589844 21.552968978881836 20.203460365662785
1440.782 20.647052764892578 24.08243179321289 20.432626898501322
1440.802 20.894392013549805 24.08243179321289 20.698246390188547
1440.817 21.2001895904541 24.08243179321289 20.982612181862184
1440.832 21.348072052001953 24.08243179321289 21.27251377098975
1440.852 21.746734619140625 24.08243179321289 21.55832985878398
1440.867 22.02826690673828 24.08243179321289 21.83327866741616
1440.882 22.282718658447266 24.08243179321289 22.09280179177302
1440.902 22.594846725463867 24.08243179321289 22.334060866198648
1440.917 22.784351348876953 24.08243179321289 22.55552906345481
1440.932 22.923561096191406 24.70672607421875 22.774003413636628
1440.952 23.109052658081055 24.70672607421875 22.984263440876894
1440.967 23.252796173095703 24.70672607421875 23.182795979875653
1440.982 23.402938842773438 24.70672607421875 23.367409025816087
1441.002 23.61133575439453 24.70672607421875 23.536918294570494
1441.017 23.716644287109375 24.70672607421875 23.690894598608228
1441.032 23.84225082397461 24.70672607421875 23.8294618248258
1441.052 23.97650146484375 26.13385772705078 23.99277933886168
1441.067 24.147520065307617 26.13385772705078 24.169297960716303
1441.082 24.331762313842773 26.13385772705078 24.35037408074965
1441.102 24.624263763427734 26.13385772705078 24.529686514995927
1441.117 24.829566955566406 26.13385772705078 24.702754072983367
1441.132 25.014684677124023 26.13385772705078 24.86653870374315
1441.152 25.273279190063477 26.13385772705078 25.01912099657573
1441.167 25.419038772583008 26.13385772705078 25.15943654992746
1441.182 25.486371994018555 27.788034439086914 25.333012643404526
1441.202 25.69562530517578 27.788034439086914 25.52560389815819
1441.217 25.757530212402344 27.788034439086914 25.726472927244583
1441.232 25.974672317504883 27.788034439086914 25.9276946653127
1441.252 26.231098175048828 27.788034439086914 26.1235796848387
1441.267 26.428586959838867 27.788034439086914 26.310198805045086
1441.282 26.542835235595703 27.788034439086914 26.484993499218444
1441.302 26.823244094848633 27.19113540649414 26.629878082485636
1441.317 26.949312210083008 27.19113540649414 26.749302514534836
1441.332 27.003799438476562 27.19113540649414 26.84716315957331
1441.352 27.006921768188477 27.19113540649414 26.92685140603813
1441.367 27.023635864257812 27.19113540649414 26.991302537827668
1441.382 26.985769271850586 27.19113540649414 27.043043428255295
1441.402 26.97779655456543 24.67778205871582 27.051728758636322
1441.417 26.942554473876953 24.67778205871582 27.01735852897075
1441.432 26.85675621032715 24.67778205871582 26.939932739258577
1441.452 26.665273666381836 24.67778205871582 26.82160673231721
1441.467 26.518648147583008 24.67778205871582 26.67725573750163
1441.482 26.306917190551758 24.67778205871582 26.518263252035002
1441.502 26.022043228149414 24.67778205871582 26.35319415687512
1441.517 25.84792137145996 21.86894989013672 26.145069501668637
1441.532 25.67669677734375 21.86894989013672 25.89388928641555
1441.552 25.337461471557617 21.86894989013672 25.602072918748284
1441.567 24.974445343017578 21.86894989013672 25.289239986843167
1441.582 24.77075958251953 21.86894989013672 24.970034988781936
1441.602 24.337600708007812 21.86894989013672 24.655130149829564
1441.617 24.124183654785156 21.86894989013672 24.352054449058315
1441.632 23.747154235839844 18.832393646240234 24.005923188240466
1441.652 23.311962127685547 18.832393646240234 23.659256503493722
1441.672 23.094547271728516 18.832393646240234 23.31258981874698
1441.682 22.614768981933594 18.832393646240234 22.965923134000235
1441.702 22.10147476196289 18.832393646240234 22.61925644925349
1441.717 21.76975440979004 18.832393646240234 22.272589764506748
1441.732 21.505857467651367 18.832393646240234 21.925923079760004
1441.752 21.145774841308594 18.832393646240234 21.57925639501326
1441.767 21.039464950561523 16.291866302490234 21.232589710266517
1441.782 20.83033561706543 16.291866302490234 20.885923025519773
1441.802 20.2941837310791 16.291866302490234 20.53925634077303
1441.817 20.096839904785156 16.291866302490234 20.192589656026286
1441.832 19.75811195373535 16.291866302490234 19.845922971279542
1441.852 19.30426025390625 16.291866302490234 19.4992562865328
1441.867 19.07851791381836 16.291866302490234 19.152589601786055
1441.882 18.701683044433594 16.291866302490234 18.80592291703931
1441.902 18.286603927612305 16.291866302490234 18.487374359139544
1441.917 18.051477432250977 14.600948333740234 18.151124940941198
1441.932 17.785301208496094 14.600948333740234 17.81153016904799
1441.952 17.33961296081543 14.600948333740234 17.478971082815004
1441.967 17.035293579101562 14.600948333740234 17.160691991226805
1441.982 16.701887130737305 14.600948333740234 16.86148798238934
1442.002 16.321308135986328 14.600948333740234 16.584265672576
1442.017 16.11180305480957 14.600948333740234 16.330497533925392
1442.032 15.871137619018555 14.600948333740234 16.10058733329263
1442.052 15.689996719360352 14.600948333740234 15.894161716348282
1442.067 15.606949806213379 14.600948333740234 15.710300762880161
1442.082 15.504467964172363 14.600948333740234 15.54771840047674
1442.102 15.40124225616455 13.588811874389648 15.37678696731185
1442.117 15.294102668762207 13.588811874389648 15.204620129418903
1442.132 15.155517578125 13.588811874389648 15.036350330818308
1442.152 14.872697830200195 13.588811874389648 14.875547571879439
1442.167 14.648320198059082 13.588811874389648 14.724562935024242
1442.182 14.552727699279785 13.588811874389648 14.584808636978485
1442.202 14.40839958190918 13.588811874389648 14.456984812486413
1442.217 14.230045318603516 13.588811874389648 14.341261822693326
1442.232 14.120139122009277 13.588811874389648 14.237425625418586
1442.252 14.020895957946777 13.588811874389648 14.144992635053725
1442.267 13.955521583557129 13.588811874389648 14.063299526139282
1442.282 13.944602966308594 13.588811874389648 13.991572585367704
1442.302 13.893964767456055 13.588811874389648 13.9289804801805
1442.317 13.876819610595703 13.588811874389648 13.874673676797006
1442.332 13.859682083129883 13.588811874389648 13.827813195390629
1442.352 13.8279447555542 13.588811874389648 13.787590924799328
1442.367 13.809328079223633 13.588811874389648 13.75324332393815
1442.382 13.783988952636719 13.588811874389648 13.724060003086858
1442.402 13.736039161682129 13.588811874389648 13.699388397385656
1442.417 13.7245512008667 13.588811874389648 13.67863550992742
1442.432 13.703579902648926 13.588811874389648 13.661267506308262
1442.452 13.6668062210083 13.588811874389648 13.646807780652393
1442.467 13.638833999633789 13.588811874389648 13.63483397991513
1442.482 13.608138084411621 14.343828201293945 13.645947042211827
1442.502 13.626335144042969 14.343828201293945 13.673296993134596
1442.517 13.660565376281738 14.343828201293945 13.71152365972791
1442.532 13.74233341217041 14.343828201293945 13.756483453763813
1442.552 13.848991394042969 14.343828201293945 13.805019772402812
1442.567 13.943739891052246 14.343828201293945 13.854771035740574
1442.582 14.009523391723633 14.343828201293945 13.90401102974652
1442.602 14.111720085144043 14.343828201293945 13.951516836318271
1442.622 14.141295433044434 14.343828201293945 13.99646020271206
1442.632 14.161102294921875 14.343828201293945 14.038318726708347
1442.652 14.155425071716309 14.343828201293945 14.076803710133053
1442.667 14.17289924621582 14.343828201293945 14.111801962102447
1442.682 14.12999439239502 14.343828201293945 14.143329216146503
1442.702 14.118922233581543 17.002717971801758 14.217912030237159
1442.717 14.121766090393066 17.002717971801758 14.335550404374416
1442.732 14.245743751525879 17.002717971801758 14.493945899813182
1442.757 14.442763328552246 17.002717971801758 14.677150789583521
1442.767 15.072508811950684 17.002717971801758 14.873046719678209
1442.782 15.290265083312988 17.002717971801758 15.072596340969806
1442.802 15.696877479553223 17.002717971801758 15.269221395284468
1442.817 16.010181427001953 17.002717971801758 15.458288702341536
1442.832 16.173139572143555 17.002717971801758 15.636687753787388
1442.852 16.371845245361328 17.002717971801758 15.802485692479117
1442.867 16.3309268951416 17.002717971801758 15.954647335105879
1442.882 16.30816078186035 14.370231628417969 16.06375341768604
1442.902 16.286333084106445 14.370231628417969 16.129803940219603
1442.917 16.05234718322754 14.370231628417969 16.152798902706564
1442.932 15.938116073608398 14.370231628417969 16.132738305146926
1442.952 15.710578918457031 14.370231628417969 16.069622147540688
1442.967 15.54565143585205 14.370231628417969 15.977183605067134
1442.987 15.359184265136719 14.370231628417969 15.86629842476407
1443.002 15.261821746826172 14.370231628417969 15.7452732985077
1443.017 15.219215393066406 14.370231628417969 15.62034302054797
1443.032 15.168614387512207 14.370231628417969 15.496084336452736
1443.052 15.167624473571777 14.370231628417969 15.375758591757588
1443.067 15.155653953552246 14.370231628417969 15.26159383572011
1443.087 15.155277252197266 11.541003227233887 15.104373519636031
1443.102 15.118470191955566 11.541003227233887 14.904097643505352
1443.117 14.867443084716797 11.541003227233887 14.667147302819242
1443.132 14.660686492919922 11.541003227233887 14.41049555100484
1443.152 14.181536674499512 11.541003227233887 14.146853670911437
1443.167 13.789657592773438 11.541003227233887 13.885525585310083
1443.187 13.166533470153809 11.541003227233887 13.633114833306616
1443.202 12.944561958312988 11.541003227233887 13.394106247425752
1443.217 12.60821533203125 11.541003227233887 13.171341675146136
1443.232 12.529025077819824 11.541003227233887 12.966406551138373
1443.252 12.381214141845703 11.541003227233887 12.779941841055976
1443.267 12.315120697021484 11.541003227233887 12.611893836500826
1443.282 12.285475730895996 11.541003227233887 12.461712471248168
1443.302 12.32199764251709 11.506044387817383 12.327536156616471
1443.317 12.29896068572998 11.506044387817383 12.208557248266272
1443.332 12.27755355834961 11.506044387817383 12.103774784214371
1443.352 12.213386535644531 11.506044387817383 12.012077062671512
1443.372 12.115705490112305 11.506044387817383 11.932303898930883
1443.382 12.053232192993164 11.506044387817383 11.863292589551799
1443.402 11.915575981140137 11.506044387817383 11.80391092332217
1443.417 11.822065353393555 11.506044387817383 11.753079992108011
1443.432 11.671181678771973 11.506044387817383 11.709789057987368
1443.452 11.597296714782715 11.506044387817383 11.673104314412223
1443.467 11.551639556884766 11.506044387817383 11.64217302805822
1443.482 11.545306205749512 11.506044387817383 11.61622425511603
1443.502 11.503352165222168 11.506044387817383 11.594567082702257
1443.517 11.505187034606934 11.506044387817383 11.57658714545579
1443.532 11.507122993469238 11.506044387817383 11.56174200277827
1443.552 11.552824974060059 15.27086067199707 11.589952420147352
1443.567 11.592096328735352 15.27086067199707 11.661218397563033
1443.582 11.714876174926758 15.27086067199707 11.775539935025316
1443.602 12.001558303833008 15.27086067199707 11.932917032534199
1443.617 12.092190742492676 15.27086067199707 12.133349690089682
1443.632 12.578455924987793 15.27086067199707 12.364146183630856
1443.652 13.126744270324707 15.27086067199707 12.610292411468226
1443.667 13.301736831665039 15.27086067199707 12.860601886060147
1443.682 13.59243106842041 15.27086067199707 13.106941979078496
1443.702 13.738927841186523 15.27086067199707 13.343594567619062
1443.717 14.063535690307617 15.27086067199707 13.566730761059667
1443.732 14.176188468933105 15.27086067199707 13.773981976636264
1443.752 14.318421363830566 15.27086067199707 13.964091979500761
1443.767 14.332500457763672 15.27086067199707 14.136636612877812
1443.782 14.327054023742676 15.27086067199707 14.291799824732454
1443.802 14.36397933959961 15.27086067199707 14.430196261751787
1443.817 14.330357551574707 15.27086067199707 14.552732164513156
1443.832 14.399105072021484 15.27086067199707 14.66049757585894
1443.852 14.504904747009277 15.27086067199707 14.754683984614415
1443.867 14.637626647949219 15.27086067199707 14.836522485642494
1443.882 14.758213996887207 15.27086067199707 14.90723836104939
1443.902 14.952171325683594 15.27086067199707 14.968018691514823
1443.917 15.03482723236084 15.27086067199707 15.01999020556332
1443.932 15.210051536560059 15.27086067199707 15.06420508132458
1443.962 15.3265962600708 15.27086067199707 15.101632841973132
1443.967 15.3265962600708 15.27086067199707 15.133156843431406
1443.982 15.315298080444336 15.529258728027344 15.166751875286023
1444.002 15.29141616821289 15.529258728027344 15.200897950134113
1444.017 15.267867088317871 15.529258728027344 15.234490436941334
1444.032 15.214417457580566 15.529258728027344 15.266753060929911
1444.052 15.208778381347656 15.529258728027344 15.297166432491617
1444.067 15.203323364257812 15.529258728027344 15.325409690543221
1444.082 15.234420776367188 15.529258728027344 15.351313165583612
1444.107 15.296667098999023 15.529258728027344 15.374820255118808
1444.117 15.313703536987305 15.529258728027344 15.395956960299937
1444.132 15.394083976745605 15.529258728027344 15.41480775930163
1444.152 15.454081535339355 15.529258728027344 15.431496692214948
1444.167 15.5192289352417 12.47964859008789 15.405130065081666
1444.182 15.469644546508789 12.47964859008789 15.335707877901784
1444.202 15.372526168823242 12.47964859008789 15.223230130675303
1444.217 15.221111297607422 12.47964859008789 15.06769682340222
1444.232 14.757927894592285 12.47964859008789 14.88434105261958
1444.252 14.464045524597168 12.47964859008789 14.68613906645256
1444.267 14.140790939331055 12.47964859008789 14.482802904113923
1444.282 13.767401695251465 12.47964859008789 14.281435476248948
1444.302 13.573929786682129 12.47964859008789 14.08707251497404
1444.317 13.412283897399902 12.47964859008789 13.903128393028188
1444.332 13.339274406433105 12.47964859008789 13.731760665256779
1444.352 13.284431457519531 10.650083541870117 13.523344978307605
1444.367 13.26193904876709 10.650083541870117 13.294167579736508
1444.382 13.109442710876465 10.650083541870117 13.056476994323054
1444.402 12.826552391052246 10.650083541870117 12.819287808748559
1444.417 12.619939804077148 10.650083541870117 12.58904654889333
1444.432 12.393540382385254 10.650083541870117 12.370180226919555
1444.462 12.104329109191895 10.650083541870117 12.165545564281713
1444.467 11.7765531539917 10.650083541870117 11.976794554068293
1444.482 11.539813041687012 10.650083541870117 11.804669912021598
1444.502 11.328634262084961 10.650083541870117 11.64924207413761
1444.517 11.187701225280762 10.650083541870117 11.510097719381735
1444.532 11.178630828857422 10.650083541870117 11.386488315328988
1444.552 11.177184104919434 10.650083541870117 11.277445887299097
1444.567 11.221170425415039 9.707723617553711 11.155695414558988
1444.582 11.187871932983398 9.707723617553711 11.028219467893223
1444.602 11.070211410522461 9.707723617553711 10.900181263886525
1444.617 10.942946434020996 9.707723617553711 10.775296725942747
1444.632 10.804850578308105 9.707723617553711 10.65614133060219
1444.657 10.510659217834473 9.707723617553711 10.544401693147323
1444.667 10.404833793640137 9.707723617553711 10.441080561209567
1444.682 10.260096549987793 9.707723617553711 10.346662723176756
1444.702 10.109811782836914 9.707723617553711 10.261248296974298
1444.717 10.006693840026855 9.707723617553711 10.184658938981434
1444.732 9.954212188720703 9.707723617553711 10.11652169546342
1444.752 9.915313720703125 9.707723617553711 10.056334501933744
1444.767 9.916725158691406 9.707723617553711 10.003516710772889
1444.782 9.924818992614746 9.707723617553711 9.957447485552741
1444.802 9.95118236541748 9.707723617553711 9.917494433324421
1444.817 9.95738697052002 9.707723617553711 9.883034445438636
1444.832 9.948241233825684 9.707723617553711 9.85346837556939
1444.852 9.928929328918457 9.380523681640625 9.819142005287198
1444.872 9.903951644897461 9.380523681640625 9.782357596831142
1444.882 9.851008415222168 9.380523681640625 9.74483338361717
1444.902 9.711541175842285 9.380523681640625 9.707821316368957
1444.917 9.649035453796387 9.380523681640625 9.67220440014166
1444.932 9.591230392456055 9.380523681640625 9.638576701012694
1444.952 9.506096839904785 9.380523681640625 9.607308710292488
1444.967 9.477143287658691 9.380523681640625 9.578600399285403
1444.982 9.45190143585205 9.380523681640625 9.552523978534943
1445.002 9.443997383117676 9.380523681640625 9.52905809085924
1445.017 9.469128608703613 9.380523681640625 9.508114915463075
1445.032 9.469593048095703 9.380523681640625 9.489561438762767
1445.052 9.468382835388184 9.380523681640625 9.473235953832386
1445.067 9.494244575500488 9.380523681640625 9.45896068204401
1445.082 9.501611709594727 9.380523681640625 9.446551265012591
1445.102 9.490890502929688 9.380523681640625 9.43582374992736
1445.117 9.471395492553711 9.380523681640625 9.426599584439938
1445.132 9.45026969909668 9.380523681640625 9.418709046321219
1445.152 9.432150840759277 9.380523681640625 9.411993456100967
1445.167 9.386392593383789 9.380523681640625 9.406306456049498
1445.182 9.390498161315918 9.380523681640625 9.401514584510586
1445.202 9.36481761932373 9.380523681640625 9.397497329282412
1445.217 9.376714706420898 9.380523681640625 9.394146806166798
1445.232 9.396903991699219 9.380523681640625 9.391367177818253
1445.252 9.388346672058105 9.380523681640625 9.389073902617628
1445.267 9.382430076599121 9.380523681640625 9.38719288259471
1445.282 9.402295112609863 9.380523681640625 9.385659562671368
1445.302 9.384764671325684 9.380523681640625 9.384418020038783
1445.317 9.38149642944336 9.380523681640625 9.383420071759211
1445.332 9.381933212280273 9.089292526245117 9.374534665057098
1445.352 9.36799144744873 9.089292526245117 9.360243396813965
1445.367 9.34386920928955 9.089292526245117 9.342474907594479
1445.382 9.334944725036621 9.089292526245117 9.322707979256458
1445.402 9.297786712646484 9.089292526245117 9.302057917646348
1445.417 9.264564514160156 9.089292526245117 9.281348556753292
1445.432 9.20716667175293 9.089292526245117 9.26117195812648
1445.452 9.184330940246582 9.089292526245117 9.241937633580699
1445.467 9.16858196258545 9.089292526245117 9.2239128922944
1445.482 9.157273292541504 9.089292526245117 9.207255706303036
1445.502 9.14980411529541 9.089292526245117 9.192041301245299
1445.517 9.171164512634277 9.089292526245117 9.178283511575474
1445.532 9.16999340057373 9.089292526245117 9.165951790442818
1445.552 9.173057556152344 9.089292526245117 9.154984632919033
1445.567 9.176599502563477 9.089292526245117 9.145300055924434
1445.582 9.170058250427246 9.089292526245117 9.136803677679154
1445.602 9.143794059753418 9.089292526245117 9.129394852384758
1445.617 9.125733375549316 9.089292526245117 9.122971240746514
1445.632 9.134411811828613 9.089292526245117 9.117432132555852
1445.652 9.116856575012207 9.089292526245117 9.112680782622007
1445.667 9.102270126342773 9.089292526245117 9.10862597471695
1445.682 9.104722023010254 9.089292526245117 9.10518298882023
1445.702 9.074578285217285 9.089292526245117 9.102274113860885
1445.722 9.090364456176758 9.089292526245117 9.099828820489398
1445.732 9.08629035949707 9.089292526245117 9.09778368540532
1445.752 9.101037979125977 9.089292526245117 9.09608213973512
1445.767 9.079137802124023 9.089292526245117 9.094674098302226
1445.792 9.105915069580078 9.089292526245117 9.093515513834502
1445.802 9.095130920410156 9.089292526245117 9.092567889760035
1445.817 9.10364818572998 9.089292526245117 9.091797776857987
1445.832 9.086078643798828 10.244174003601074 9.123256316704714
1445.852 9.157540321350098 10.244174003601074 9.176938208791594
1445.867 9.216773986816406 10.244174003601074 9.24505567249757
1445.882 9.3306245803833 10.244174003601074 9.321626477016938
1445.902 9.517489433288574 10.244174003601074 9.402128541980261
1445.917 9.638842582702637 10.244174003601074 9.483211841499203
1445.937 9.726958274841309 10.244174003601074 9.562459378330622
1445.952 9.852097511291504 10.244174003601074 9.638189964565957
1445.967 9.913384437561035 10.244174003601074 9.709296441977882
1445.982 9.90606689453125 10.244174003601074 9.775113794667224
1446.002 9.913549423217773 10.244174003601074 9.835312348062576
1446.017 9.918883323669434 10.244174003601074 9.889811913167085
1446.032 9.91501235961914 10.244174003601074 9.938713326447667
1446.052 9.910055160522461 10.244174003601074 9.982244358271009
1446.067 9.942375183105469 10.244174003601074 10.020717421341464
1446.082 9.972856521606445 10.244174003601074 10.054496910572551
1446.107 10.019366264343262 10.244174003601074 10.083974352711598
1446.117 10.071717262268066 10.244174003601074 10.109549843242316
1446.132 10.100117683410645 10.244174003601074 10.131618504811435
1446.152 10.164158821105957 10.244174003601074 10.150560920569031
1446.167 10.179268836975098 10.244174003601074 10.166736681937525
1446.187 10.209001541137695 10.244174003601074 10.180480347616498
1446.202 10.247572898864746 10.244174003601074 10.19209924288968
1446.217 10.239351272583008 10.244174003601074 10.201872638945526
1446.237 10.264630317687988 10.244174003601074 10.210051944004125
1446.252 10.233916282653809 10.244174003601074 10.216861614262926
1446.267 10.215530395507812 10.244174003601074 10.222500555408526
1446.282 10.231766700744629 10.244174003601074 10.227143836769914
1446.302 10.199542045593262 10.244174003601074 10.23094458191606
1446.317 10.17884349822998 10.244174003601074 10.234035933188661
1446.332 10.205355644226074 10.244174003601074 10.236533014651396
1446.352 10.205195426940918 10.244174003601074 10.238534839377976
1446.367 10.220239639282227 10.244174003601074 10.240126123869425
1446.382 10.242012023925781 10.244174003601074 10.241378985513501
1446.402 10.25857925415039 10.244174003601074 10.242354509072662
1446.417 10.264358520507812 10.244174003601074 10.243104175795596
1446.437 10.24985408782959 12.219648361206055 10.28690940256513
1446.452 10.296967506408691 12.219648361206055 10.371990346664912
1446.472 10.479769706726074 12.219648361206055 10.484288861103263
1446.482 10.694490432739258 12.219648361206055 10.612973897044506
1446.502 10.936068534851074 12.219648361206055 10.749828021782786
1446.517 11.069260597229004 12.219648361206055 10.888735156176747
1446.537 11.260900497436523 12.219648361206055 11.025255082213523
1446.552 11.466254234313965 12.219648361206055 11.156271955066345
1446.567 11.577528953552246 12.219648361206055 11.279705615259791
1446.587 11.659667015075684 12.219648361206055 11.394275926685282
1446.602 11.668938636779785 12.219648361206055 11.499311662642041
1446.617 11.669737815856934 12.219648361206055 11.594596626683968
1446.632 11.669585227966309 12.219648361206055 11.680246732831549
1446.652 11.699273109436035 12.219648361206055 11.756612687767179
1446.667 11.734960556030273 12.219648361206055 11.824203724390845
1446.682 11.76821231842041 12.219648361206055 11.883628540696328
1446.702 11.81379508972168 13.605778694152832 11.97405383408966
1446.717 11.911345481872559 13.605778694152832 12.084184321637148
1446.732 12.081986427307129 13.605778694152832 12.205377684175184
1446.752 12.386058807373047 13.605778694152832 12.331132957649094
1446.767 12.597027778625488 13.605778694152832 12.456664398154325
1446.782 12.804917335510254 13.605778694152832 12.578548440213112
1446.802 12.98505687713623 13.605778694152832 12.694432845251058
1446.817 13.09363842010498 13.605778694152832 12.8027984989259
1446.832 13.181609153747559 13.605778694152832 12.902765556874451
1446.852 13.173069953918457 13.605778694152832 12.993936758332822
1446.867 13.205714225769043 13.605778694152832 13.076271729131866
1446.882 13.192920684814453 13.605778694152832 13.149986985328209
1446.902 13.181446075439453 13.605778694152832 13.215477133300949
1446.917 13.167516708374023 13.605778694152832 13.273253449534874
1446.932 13.184980392456055 13.605778694152832 13.323896621962733
1446.952 13.241671562194824 13.605778694152832 13.368020953165255
1446.967 13.256113052368164 13.605778694152832 13.406247772258027
1446.982 13.34449577331543 13.605778694152832 13.439186184895956
1447.002 13.423851013183594 13.605778694152832 13.467419616984014
1447.017 13.482002258300781 13.605778694152832 13.491496884329939
1447.032 13.53514575958252 13.605778694152832 13.511926753953825
1447.052 13.621662139892578 13.605778694152832 13.52917515882651
1447.067 13.657960891723633 13.605778694152832 13.543664391600297
1447.082 13.661813735961914 13.605778694152832 13.555773739013835
1447.102 13.67609977722168 13.605778694152832 13.565841131157791
1447.117 13.629150390625 13.605778694152832 13.57416547224444
1447.137 13.608256340026855 13.605778694152832 13.581009395044804
1447.152 13.56289291381836 13.605778694152832 13.586602242442034
1447.167 13.510821342468262 15.778499603271484 13.635250649885863
1447.182 13.57880973815918 15.778499603271484 13.726954617376293
1447.202 13.70087718963623 15.778499603271484 13.849663159386216
1447.217 13.926872253417969 15.778499603271484 13.99118307504336
1447.232 14.17785930633545 15.778499603271484 14.142253365691401
1447.252 14.552299499511719 15.778499603271484 14.295971694208298
1447.267 14.818994522094727 15.778499603271484 14.447317829143438
1447.282 14.972285270690918 15.778499603271484 14.592759832304436
1447.302 15.105035781860352 15.778499603271484 14.729930485049772
1447.317 15.215479850769043 15.778499603271484 14.857363040479072
1447.332 15.234628677368164 15.778499603271484 14.974276832733514
1447.352 15.212822914123535 17.650089263916016 15.132393179629661
1447.367 15.254652976989746 17.650089263916016 15.315645902204931
1447.382 15.44184684753418 17.650089263916016 15.511822673042966
1447.402 15.62763786315918 17.650089263916016 15.711812322964425
1447.417 15.940292358398438 17.650089263916016 15.908979267539827
1447.432 16.186445236206055 17.650089263916016 16.09864641318278
1447.452 16.38275146484375 17.650089263916016 16.277670170662002
1447.467 16.58827781677246 17.650089263916016 16.44409328411025
1447.482 16.76377296447754 17.650089263916016 16.59686307144451
1447.502 16.957870483398438 17.650089263916016 16.73560436961913
1447.517 17.083784103393555 17.650089263916016 16.860437992085348
1447.532 17.158830642700195 19.52824592590332 17.024007870010696
1447.552 17.31165313720703 19.52824592590332 17.210795122248598
1447.567 17.31165313720703 19.52824592590332 17.409032957075155
1447.582 17.609619140625 19.52824592590332 17.609970435490368
1447.602 17.906536102294922 19.52824592590332 17.807261061232705
1447.617 18.150142669677734 19.52824592590332 17.99645781354889
1447.632 18.341638565063477 19.52824592590332 18.174598490805632
1447.652 18.588294982910156 19.52824592590332 18.339867295104305
1447.667 18.7150821685791 19.52824592590332 18.49132045670831
1447.682 18.833498001098633 19.52824592590332 18.62866537521301
1447.702 18.89315414428711 21.554973602294922 18.808382246231826
1447.717 18.95487403869629 21.554973602294922 19.013473546766164
1447.732 19.178312301635742 21.554973602294922 19.23105287358036
1447.752 19.60562515258789 21.554973602294922 19.451538081557544
1447.767 19.68990707397461 21.554973602294922 19.667981247909275
1447.787 20.079370498657227 21.554973602294922 19.875515307018922
1447.802 20.301546096801758 21.554973602294922 20.070899670493475
1447.817 20.500123977661133 21.554973602294922 20.25214940827978
1447.832 20.67819595336914 21.554973602294922 20.418234615734704
1447.852 20.754018783569336 18.720569610595703 20.541264263143027
1447.867 20.781063079833984 18.720569610595703 20.62123835050475
1447.882 20.77450180053711 18.720569610595703 20.658156877819874
1447.902 20.635284423828125 18.720569610595703 20.652019845088397
1447.917 20.55122184753418 18.720569610595703 20.60282725231032
1447.932 20.373329162597656 18.720569610595703 20.515287621600468
1447.952 20.07819938659668 18.720569610595703 20.40269760426841
1447.967 19.883153915405273 18.720569610595703 20.275282311034946
1447.982 19.73228645324707 18.720569610595703 20.140781551027988
1448.007 19.567527770996094 14.79170036315918 19.96322523097443
1448.017 19.466453552246094 14.79170036315918 19.742613350874272
1448.042 19.223459243774414 14.79170036315918 19.478945910727514
1448.052 19.08309555053711 14.79170036315918 19.172222910534156
1448.067 18.696781158447266 14.79170036315918 18.83072357036416
1448.087 18.3092041015625 14.79170036315918 18.484056885617417
1448.102 17.847475051879883 14.79170036315918 18.137390200870673
1448.117 17.45688819885254 14.79170036315918 17.79072351612393
1448.137 17.095722198486328 14.79170036315918 17.4567505862546
1448.152 16.602399826049805 14.79170036315918 17.143374144197754
1448.167 16.364683151245117 11.701061248779297 16.79670745945101
1448.182 16.11269760131836 11.701061248779297 16.450040774704267
1448.202 15.71410846710205 11.701061248779297 16.103374089957523
1448.217 15.300381660461426 11.701061248779297 15.756707405210781
1448.232 15.044425964355469 11.701061248779297 15.410040720464039
1448.252 14.793425559997559 11.701061248779297 15.063374035717297
1448.267 14.56396770477295 11.701061248779297 14.716707350970555
1448.282 14.294658660888672 11.701061248779297 14.370040666223813
1448.302 13.957653999328613 11.701061248779297 14.040717459321307
1448.317 13.715500831604004 11.701061248779297 13.73971204216905
1448.332 13.489182472229004 11.701061248779297 13.467362303045729
1448.352 13.19054889678955 11.701061248779297 13.223114404073357
1448.367 12.975028991699219 9.916250228881836 12.956212732304506
1448.382 12.733656883239746 9.916250228881836 12.680489793133178
1448.402 12.339258193969727 9.916250228881836 12.406103917118525
1448.417 12.047493934631348 9.916250228881836 12.140298100364046
1448.432 11.746255874633789 9.916250228881836 11.888024821632575
1448.452 11.390840530395508 9.916250228881836 11.652457453424446
1448.467 11.079041481018066 9.916250228881836 11.435406192866175
1448.482 11.011468887329102 9.916250228881836 11.237654011494426
1448.502 10.831992149353027 9.916250228881836 11.059225953310028
1448.517 10.768321990966797 9.916250228881836 10.899603185257563
1448.532 10.704819679260254 9.916250228881836 10.7578915077635
1448.552 10.639242172241211 9.916250228881836 10.632952547468168
1448.567 10.593220710754395 9.916250228881836 10.523504561287618
1448.582 10.526263236999512 9.916250228881836 10.428198661815886
1448.602 10.44075870513916 9.916250228881836 10.345675310649078
1448.617 10.38960075378418 9.916250228881836 10.274605101127873
1448.632 10.309040069580078 9.916250228881836 10.213717148976064
1448.652 10.224925994873047 9.916250228881836 10.161817813302497
1448.667 10.110977172851562 9.916250228881836 10.11780196766904
1448.682 10.103602409362793 9.916250228881836 10.080658618954075
1448.702 10.02940559387207 9.916250228881836 10.049472319389958
1448.717 9.999442100524902 9.916250228881836 10.023421524485283
1448.732 9.965448379516602 9.916250228881836 10.001774807777933
1448.752 9.950538635253906 9.916250228881836 9.983885644795954
1448.767 9.933826446533203 9.916250228881836 9.969186316507411
1448.782 9.937795639038086 9.916250228881836 9.957181351085966
1448.802 9.96547794342041 9.916250228881836 9.94744081697595
1448.817 9.934162139892578 9.916250228881836 9.939593695692498
1448.832 9.960264205932617 9.916250228881836 9.933321495854049
1448.852 9.9785737991333 9.916250228881836 9.928352217486042
1448.867 9.929879188537598 9.916250228881836 9.924454735010553
1448.882 9.914955139160156 9.916250228881836 9.921433636322254
1448.902 9.925016403198242 9.916250228881836 9.919124532085252
1448.917 9.932279586791992 9.916250228881836 9.917389832318877
1448.932 9.934630393981934 9.916250228881836 9.916114975190943
1448.952 9.91038990020752 9.916250228881836 9.915205084648791
1448.967 9.910120010375977 12.951306343078613 9.95735075415324
1448.982 10.002355575561523 12.951306343078613 10.042551983704287
1449.002 10.098490715026855 12.951306343078613 10.170808773301935
1449.017 10.294286727905273 12.951306343078613 10.339962188946256
1449.032 10.568461418151855 12.951306343078613 10.533726146172796
1449.052 11.097441673278809 12.951306343078613 10.739745325129656
1449.067 11.285855293273926 12.951306343078613 10.948824657244195
1449.082 11.622590065002441 12.951306343078613 11.154289339245318
1449.102 11.798147201538086 12.951306343078613 11.351456169178775
1449.122 11.882152557373047 12.951306343078613 11.537199348294699
1449.132 12.020393371582031 12.951306343078613 11.709596044535465
1449.152 12.094951629638672 12.951306343078613 11.867638963962277
1449.167 12.116021156311035 12.951306343078613 12.011004928664752
1449.182 12.146852493286133 12.951306343078613 12.139870021041201
1449.202 12.186649322509766 12.951306343078613 12.254763235525553
1449.217 12.221074104309082 12.951306343078613 12.356451792547347
1449.232 12.259869575500488 15.5440034866333 12.50119590961574
1449.252 12.501029968261719 15.5440034866333 12.688995586730734
1449.267 12.84317398071289 15.5440034866333 12.90289113582423
1449.282 13.053396224975586 15.5440034866333 13.129547182466576
1449.302 13.488971710205078 15.5440034866333 13.359052250211356
1449.317 13.810466766357422 15.5440034866333 13.584223974935115
1449.332 14.117487907409668 15.5440034866333 13.80003536644087
1449.352 14.471734046936035 15.5440034866333 14.003143757778243
1449.367 14.659252166748047 15.5440034866333 14.191506432168122
1449.382 14.735694885253906 15.5440034866333 14.364069045906925
1449.402 14.86170482635498 15.5440034866333 14.520514876642089
1449.417 14.86646556854248 15.5440034866333 14.661064628489086
1449.432 14.857683181762695 15.5440034866333 14.786318030520363
1449.452 14.847122192382812 16.562034606933594 14.92540843239288
1449.467 14.885260581970215 16.562034606933594 15.070551727936573
1449.482 14.969820022583008 16.562034606933594 15.21600117189174
1449.502 15.217491149902344 16.562034606933594 15.35762975945042
1449.522 15.52075481414795 16.562034606933594 15.49258593880553
1449.532 15.554420471191406 16.562034606933594 15.619011442562453
1449.552 15.79832935333252 16.562034606933594 15.735811475684953
1449.567 15.960127830505371 16.562034606933594 15.842468809292082
1449.582 16.151288986206055 16.562034606933594 15.938894504376064
1449.602 16.215707778930664 16.562034606933594 16.025309033526817
1449.617 16.228076934814453 16.562034606933594 16.10214849006879
1449.632 16.25583267211914 13.566715240478516 16.13593238656416
1449.652 16.207735061645508 13.566715240478516 16.126660723012932
1449.667 16.125083923339844 13.566715240478516 16.074333499415104
1449.682 16.00562858581543 13.566715240478516 15.978950715770676
1449.702 15.705320358276367 13.566715240478516 15.84358650759864
1449.717 15.452811241149902 13.566715240478516 15.683329063058505
1449.732 15.203060150146484 13.566715240478516 15.50968306230175
1449.752 14.890530586242676 13.566715240478516 15.331265430311747
1449.767 14.689379692077637 13.566715240478516 15.15438417519177
1449.782 14.538036346435547 13.566715240478516 14.983517358849557
1449.802 14.44719123840332 13.566715240478516 14.821707191158229
1449.817 14.383687973022461 13.566715240478516 14.67088234888202
1449.832 14.3840913772583 13.566715240478516 14.53211990238011
1449.852 14.366700172424316 13.566715240478516 14.405856685476422
1449.867 14.364975929260254 13.566715240478516 14.292058561546591
1449.882 14.305066108703613 13.566715240478516 14.190354813391604
1449.902 14.257866859436035 13.566715240478516 14.100143805439966
1449.917 14.192492485046387 13.566715240478516 14.020675122724272
1449.932 14.085782051086426 13.566715240478516 13.95111256990796
1449.952 13.979405403137207 13.566715240478516 13.89058170337516
1449.967 13.859281539916992 13.566715240478516 13.838204958346713
1449.982 13.803889274597168 13.566715240478516 13.793126910011775
1450.002 13.689630508422852 15.474258422851562 13.791104421723437
1450.017 13.691905975341797 15.474258422851562 13.8321374934817
1450.032 13.772320747375488 15.474258422851562 13.907159002653676
1450.052 13.995560646057129 15.474258422851562 14.004454960442198
1450.067 14.172797203063965 15.474258422851562 14.115011606967393
1450.082 14.380622863769531 15.474258422851562 14.232000728611885
1450.102 14.644195556640625 15.474258422851562 14.35035009250106
1450.117 14.78902816772461 15.474258422851562 14.466386813972324
1450.132 14.898859024047852 15.474258422851562 14.577542899145625
1450.152 14.96583366394043 15.474258422851562 14.682113525689513
1450.167 15.004241943359375 15.474258422851562 14.779059833717094
1450.182 15.007887840270996 15.474258422851562 14.86784909363899
1450.202 14.9877290725708 17.04850196838379 14.99205509255444
1450.217 15.028169631958008 17.04850196838379 15.138192920228828
1450.232 15.124932289123535 17.04850196838379 15.295989173664212
1450.252 15.398553848266602 17.04850196838379 15.457757402336732
1450.267 15.629473686218262 17.04850196838379 15.617878650827553
1450.282 15.828937530517578 17.04850196838379 15.772371750623806
1450.307 15.900073051452637 17.04850196838379 15.918539868496811
1450.317 16.368602752685547 17.04850196838379 16.05468152352785
1450.332 16.487449645996094 17.04850196838379 16.17985583396943
1450.352 16.595943450927734 17.04850196838379 16.293693149742342
1450.367 16.66069793701172 17.04850196838379 16.396243471513372
1450.382 16.648277282714844 17.04850196838379 16.487856160736843
1450.402 16.631017684936523 19.03685188293457 16.622524410006914
1450.417 16.681106567382812 19.03685188293457 16.786101312348297
1450.432 16.82115936279297 19.03685188293457 16.96585227898017
1450.452 17.10167121887207 19.03685188293457 17.15220157518729
1450.467 17.37005043029785 19.03685188293457 17.33810330428015
1450.482 17.6060791015625 19.03685188293457 17.518520339489843
1450.502 17.98101043701172 19.03685188293457 17.689995092663523
1450.517 18.128429412841797 19.03685188293457 17.8502980224252
1450.532 18.210580825805664 19.03685188293457 17.99814161928218
1450.552 18.372617721557617 19.03685188293457 18.13294926073384
1450.567 18.410463333129883 21.242992401123047 18.310812462232104
1450.582 18.546066284179688 21.242992401123047 18.51973053858705
1450.602 18.794443130493164 21.242992401123047 18.74510132762632
1450.617 19.023094177246094 21.242992401123047 18.976002926831022
1450.632 19.269445419311523 21.242992401123047 19.20445433925896
1450.652 19.601940155029297 21.242992401123047 19.42480391130372
1450.667 19.863576889038086 21.242992401123047 19.633226342442782
1450.682 20.068960189819336 21.242992401123047 19.827311476862366
1450.702 20.27482032775879 21.242992401123047 20.005730294548624
1450.717 20.38532066345215 20.449254989624023 20.1459172429578
1450.732 20.428791046142578 20.449254989624023 20.254810603310247
1450.752 20.44446563720703 20.449254989624023 20.338252076803606
1450.767 20.414173126220703 20.449254989624023 20.401135212807468
1450.787 20.372451782226562 20.449254989624023 20.44753811995423
1450.802 20.321271896362305 20.449254989624023 20.480841226886184
1450.817 20.287118911743164 20.449254989624023 20.503831057457607
1450.832 20.29094886779785 20.449254989624023 20.518791100318342
1450.852 20.345542907714844 20.449254989624023 20.527580905315595
1450.867 20.361265182495117 18.462467193603516 20.49331515026625
1450.882 20.37185287475586 18.462467193603516 20.4159938351703
1450.902 20.27324676513672 18.462467193603516 20.30631559256813
1450.917 20.160961151123047 18.462467193603516 20.176494837232482
1450.932 19.981258392333984 18.462467193603516 20.035844747204294
1450.952 19.75771713256836 18.462467193603516 19.891340581492564
1450.967 19.544727325439453 18.462467193603516 19.74808833328638
1450.982 19.401813507080078 18.462467193603516 19.609712522139237
1451.002 19.253637313842773 18.462467193603516 19.478675263745153
1451.017 19.127944946289062 16.970386505126953 19.315090535492033
1451.032 19.03070831298828 16.970386505126953 19.132724141690787
1451.052 18.765668869018555 16.970386505126953 18.941963288213795
1451.067 18.658992767333984 16.970386505126953 18.75048531857587
1451.082 18.465118408203125 16.970386505126953 18.563812248744608
1451.102 18.252016067504883 16.970386505126953 18.3857680539622
1451.117 18.0728816986084 16.970386505126953 18.21885355876379
1451.132 17.957542419433594 16.970386505126953 18.06455186234192
1451.152 17.75358009338379 16.970386505126953 17.923575496871212
1451.167 17.66690444946289 15.389954566955566 17.752164070528387
1451.182 17.572710037231445 15.389954566955566 17.563702280016457
1451.202 17.328054428100586 15.389954566955566 17.368256112384458
1451.217 17.0559024810791 15.389954566955566 17.17323353536458
1451.232 16.951509475708008 15.389954566955566 16.98393182598164
1451.252 16.65354347229004 15.389954566955566 16.803988453018647
1451.267 16.464494705200195 15.389954566955566 16.63575031523313
1451.282 16.32329750061035 15.389954566955566 16.48057421124444
1451.302 16.151710510253906 15.389954566955566 16.339069679066434
1451.317 16.05419158935547 15.389954566955566 16.211293788343447
1451.332 15.985551834106445 15.389954566955566 16.09690608779511
1451.352 15.938953399658203 15.389954566955566 15.995290693131874
1451.367 15.902161598205566 15.389954566955566 15.905651434310409
1451.382 15.850834846496582 15.389954566955566 15.827085052336672
1451.402 15.818672180175781 15.389954566955566 15.758636631667098
1451.417 15.783722877502441 15.389954566955566 15.699340761666251
1451.432 15.726954460144043 15.389954566955566 15.648251327181242
1451.452 15.654219627380371 15.389954566955566 15.604462322467263
1451.467 15.627673149108887 15.389954566955566 15.567121653683575
1451.482 15.550675392150879 15.389954566955566 15.535439533129049
1451.502 15.526264190673828 15.389954566955566 15.508692764384561
1451.517 15.456771850585938 16.067384719848633 15.505043469783475
1451.532 15.487222671508789 16.067384719848633 15.518048733948898
1451.552 15.505339622497559 16.067384719848633 15.542628507608605
1451.567 15.58293342590332 16.067384719848633 15.574820574673078
1451.582 15.617424011230469 16.067384719848633 15.61157389438675
1451.602 15.695554733276367 16.067384719848633 15.650575186110851
1451.617 15.769904136657715 16.067384719848633 15.690104155081647
1451.632 15.82408332824707 16.067384719848633 15.728913265707721
1451.652 15.876652717590332 16.067384719848633 15.766128446900877
1451.667 15.88878059387207 16.067384719848633 15.801167556883023
1451.682 15.888843536376953 16.067384719848633 15.83367384048396
1451.702 15.9041748046875 16.067384719848633 15.863461979466027
1451.717 15.91015911102295 12.630522727966309 15.850194558401494
1451.732 15.865241050720215 12.630522727966309 15.79387157729036
1451.752 15.699799537658691 12.630522727966309 15.694493036132627
1451.767 15.520139694213867 12.630522727966309 15.552058934928294
1451.782 15.295079231262207 12.630522727966309 15.368827372511547
1451.802 14.88687801361084 12.630522727966309 15.16144739631569
1451.817 14.614286422729492 12.630522727966309 14.942521612763517
1451.832 14.32190227508545 12.630522727966309 14.721402606509592
1451.857 14.005507469177246 12.630522727966309 14.504853985943999
1451.867 13.807937622070312 12.630522727966309 14.297596048475103
1451.882 13.719962120056152 12.630522727966309 14.102753599285094
1451.902 13.626526832580566 12.630522727966309 13.922221207331315
1451.917 13.583227157592773 12.630523681640625 13.756959171864796
1451.932 13.566401481628418 12.630523681640625 13.607231504230295
1451.952 13.540759086608887 12.630523681640625 13.472795902291754
1451.967 13.481611251831055 12.630523681640625 13.353053936541603
1451.982 13.440677642822266 12.630523681640625 13.247168575904897
1452.002 13.334512710571289 12.630523681640625 13.154155042385888
1452.017 13.253374099731445 12.630523681640625 13.07295002764494
1452.032 13.053101539611816 12.630523681640625 13.002463479609641
1452.052 12.9761381149292 12.630523681640625 12.941616459093552
1452.067 12.8800687789917 12.630523681640625 12.88936796168109
1452.082 12.799335479736328 12.630523681640625 12.844733086334234
1452.102 12.71866512298584 12.630523681640625 12.80679449779974
1452.117 12.679741859436035 12.630523681640625 12.774708764506592
1452.132 12.659643173217773 12.630523681640625 12.747708847845477
1452.152 12.653778076171875 15.796643257141113 12.763764491230962
1452.167 12.710870742797852 15.796643257141113 12.822875694663047
1452.182 12.85273551940918 15.796643257141113 12.925042458141732
1452.202 13.139084815979004 15.796643257141113 13.070264781667017
1452.217 13.38586139678955 15.796643257141113 13.2500735213769
1452.232 13.677637100219727 15.796643257141113 13.44967450443951
1452.257 13.982525825500488 15.796643257141113 13.657915455949034
1452.267 14.352253913879395 15.796643257141113 13.866563913239208
1452.282 14.63725471496582 15.796643257141113 14.069708625247994
1452.302 14.777271270751953 15.796643257141113 14.263266077297605
1452.317 14.845921516418457 15.796643257141113 14.444576063400385
1452.332 14.893840789794922 15.796643257141113 14.612072310060729
1452.357 14.858137130737305 15.796643257141113 14.765016036321128
1452.367 14.876675605773926 13.497088432312012 14.874904202534928
1452.382 14.823966979980469 13.497088432312012 14.941736808702128
1452.402 14.779261589050293 13.497088432312012 14.965513854822728
1452.417 14.72216796875 13.497088432312012 14.946235340896727
1452.432 14.661354064941406 13.497088432312012 14.892164987875125
1452.452 14.53158950805664 13.497088432312012 14.814662438423058
1452.467 14.444864273071289 13.497088432312012 14.7225196640292
1452.482 14.328275680541992 13.497088432312012 14.622444250421315
1452.502 14.284759521484375 13.497088432312012 14.519463651717448
1452.517 14.179332733154297 13.497088432312012 14.417261576222321
1452.532 14.135724067687988 13.497088432312012 14.318456389186279
1452.552 14.120434761047363 10.657233238220215 14.176595642103637
1452.567 14.042869567871094 10.657233238220215 13.991679334974394
1452.582 13.790903091430664 10.657233238220215 13.766532471915276
1452.602 13.499741554260254 10.657233238220215 13.518807791216004
1452.617 13.189875602722168 10.657233238220215 13.26178358338989
1452.632 12.751673698425293 10.657233238220215 13.005234276666846
1452.652 12.544808387756348 10.657233238220215 12.756151686101848
1452.667 12.341815948486328 10.657233238220215 12.519339203577182
1452.682 11.867849349975586 10.657233238220215 12.29789842350083
1452.702 11.620909690856934 10.657233238220215 12.093625163373469
1452.717 11.459809303283691 10.657233238220215 11.90732955010683
1452.732 11.42389965057373 10.657233238220215 11.739092795510798
1452.752 11.414312362670898 10.657233238220215 11.588471466365858
1452.767 11.418067932128906 8.783186912536621 11.402601603636514
1452.782 11.389052391052246 8.783186912536621 11.196633344640242
1452.802 11.146587371826172 8.783186912536621 10.981982576407455
1452.817 10.903246879577637 8.783186912536621 10.767071865311875
1452.832 10.660321235656738 8.783186912536621 10.557944604432704
1452.852 10.260339736938477 8.783186912536621 10.358771240642408
1452.872 10.023913383483887 8.783186912536621 10.172264096967766
1452.882 9.768969535827637 8.783186912536621 10.000015165386863
1452.907 9.544549942016602 8.783186912536621 9.842769311972111
1452.917 9.391644477844238 8.783186912536621 9.700643605182975
1452.932 9.315338134765625 8.783186912536621 9.573301939963603
1452.952 9.278518676757812 8.783186912536621 9.460092773164712
1452.967 9.283299446105957 8.783186912536621 9.360156596097427
1452.982 9.279105186462402 8.783186912536621 9.272508733349756
1453.002 9.282903671264648 8.783186912536621 9.196102158790946
1453.017 9.284388542175293 8.783186912536621 9.129874245671616
1453.032 9.225696563720703 8.783186912536621 9.072780704212041
1453.052 9.157540321350098 7.970732688903809 9.001251218946884
1453.067 9.075149536132812 7.970732688903809 8.921362904521217
1453.082 8.966504096984863 7.970732688903809 8.837703216064002
1453.102 8.754400253295898 7.970732688903809 8.753664590083895
1453.117 8.687082290649414 7.970732688903809 8.671688798738705
1453.132 8.367036819458008 7.970732688903809 8.593468477737387
1453.152 8.272970199584961 7.970732688903809 8.520112364014803
1453.167 8.217992782592773 7.970732688903809 8.452279935474941
1453.182 8.204567909240723 7.970732688903809 8.39029038222372
1453.202 8.184426307678223 7.970732688903809 8.334210155057386
1453.217 8.20936393737793 7.970732688903809 8.283922729081675
1453.232 8.239327430725098 7.970732688903809 8.239183683629786
1453.257 8.255032539367676 7.970732688903809 8.199663728863497
1453.267 8.262717247009277 7.970732688903809 8.164981898980557
1453.282 8.251850128173828 7.970732688903809 8.134730776123094
1453.302 8.220060348510742 7.970732688903809 8.108495302290999
1453.317 8.149890899658203 7.970732688903809 8.085866473439097
1453.342 8.130709648132324 7.970732688903809 8.06645098541449
1453.352 8.081802368164062 7.970732688903809 8.04987771077001
1453.367 8.032876014709473 7.970732688903809 8.035801724460768
1453.382 7.994016170501709 7.559166431427002 8.012474063848515
1453.422 7.897546768188477 7.559166431427002 7.983164027429302
1453.422 7.897546768188477 7.559166431427002 7.950380789533405
1453.432 7.886954307556152 7.559166431427002 7.91601906955597
1453.452 7.842376232147217 7.559166431427002 7.881480596431249
1453.467 7.806886672973633 7.559166431427002 7.847774852351567
1453.482 7.782269477844238 7.559166431427002 7.815602168175065
1453.502 7.737728118896484 7.559166431427002 7.78542186267131
1453.517 7.738165855407715 7.559166431427002 7.757507770427242
1453.532 7.693856716156006 7.559166431427002 7.731993189184568
1453.552 7.683122158050537 7.559166431427002 7.708906995899213
1453.567 7.649292945861816 7.559166431427002 7.688202430494425
1453.582 7.66969633102417 7.559166431427002 7.669779825245643
1453.602 7.6582112312316895 7.559166431427002 7.653504363829676
1453.617 7.656278133392334 7.559166431427002 7.639219784993099
1453.632 7.668323993682861 7.559166431427002 7.62675879920696
1453.652 7.644185543060303 7.559166431427002 7.615950860276852
1453.667 7.617651462554932 7.559166431427002 7.606627825459625
1453.682 7.61509370803833 7.559166431427002 7.598627945117732
1453.702 7.591883659362793 7.559166431427002 7.591798544385177
1453.717 7.572561264038086 7.559166431427002 7.585997692951042
1453.732 7.570964336395264 7.559166431427002 7.581095103277777
1453.752 7.553366661071777 7.559166431427002 7.576972450913879
1453.767 7.573475360870361 7.559166431427002 7.573523271743334
1453.782 7.5647149085998535 7.559166431427002 7.570652558893916
1453.802 7.570096492767334 7.559166431427002 7.568276155598003
1453.817 7.58328914642334 7.559166431427002 7.566320018684348
1453.832 7.590410232543945 7.559166431427002 7.564719409813924
1453.857 7.55653190612793 7.559166431427002 7.563418057398048
1453.867 7.555990695953369 7.559166431427002 7.562367320785496
1453.882 7.541388034820557 7.559166431427002 7.561525379292795
1453.902 7.5616254806518555 7.559166431427002 7.5608564615656935
1453.917 7.556389808654785 7.559166431427002 7.560330125251295
1453.932 7.576541900634766 7.559166431427002 7.559920592735263
1453.952 7.577483177185059 7.559166431427002 7.5596061455107435
1453.967 7.569370746612549 7.559166431427002 7.559368577389773
1453.982 7.571149826049805 7.559166431427002 7.559192705073704
1454.002 7.5817952156066895 7.559166431427002 7.55906593342619
1454.017 7.56825590133667 7.559166431427002 7.558977872025437
1454.032 7.556290149688721 7.559166431427002 7.5589199991179
1454.052 7.525540828704834 7.559166431427002 7.558885368877654
1454.067 7.545580863952637 7.559166431427002 7.558868357833174
1454.082 7.558897495269775 7.559166431427002 7.558864446407796
1454.102 7.540544033050537 7.559166431427002 7.558870031693297
1454.117 7.561580657958984 7.559166431427002 7.5588822678079515
1454.132 7.561999320983887 7.559166431427002 7.558898930457959
1454.152 7.587469577789307 7.559166431427002 7.5589183026068
1454.167 7.570986270904541 7.559166431427002 7.558939078447797
1454.182 7.541957855224609 11.057500839233398 7.602015414335394
1454.202 7.598053455352783 11.057500839233398 7.688147310269591
1454.217 7.753997802734375 11.057500839233398 7.817334766250388
1454.242 8.172840118408203 11.057500839233398 7.989577782277785
1454.252 8.259492874145508 11.057500839233398 8.198238701690101
1454.267 8.535185813903809 11.057500839233398 8.427202980735204
1454.282 8.851462364196777 11.057500839233398 8.664357881024673
1454.302 9.30622386932373 11.057500839233398 8.90079508961194
1454.317 9.490930557250977 11.057500839233398 9.130150251566302
1454.332 9.82271957397461 11.057500839233398 9.348058969486235
1454.352 10.048386573791504 11.057500839233398 9.551711382110371
1454.367 10.124588966369629 11.057500839233398 9.739489764097998
1454.382 10.183955192565918 11.057500839233398 9.910675690986961
1454.407 10.196085929870605 11.057500839233398 10.06521519350193
1454.422 10.199272155761719 11.057500839233398 10.203531994388333
1454.432 10.209635734558105 11.057500839233398 10.326380392255265
1454.452 10.263128280639648 11.057500839233398 10.434730645667903
1454.467 10.3355712890625 11.057500839233398 10.529680832860468
1454.482 10.429697036743164 11.057500839233398 10.612390133985084
1454.502 10.56137752532959 11.057500839233398 10.684029319448781
1454.522 10.685575485229492 13.36890983581543 10.798724064959078
1454.532 10.859336853027344 13.36890983581543 10.952316020850716
1454.552 11.134852409362793 13.36890983581543 11.129517866609962
1454.567 11.410247802734375 13.36890983581543 11.318717859085364
1454.582 11.720376014709473 13.36890983581543 11.511260967301979
1454.602 12.059586524963379 13.36890983581543 11.70085155485316
1454.617 12.274482727050781 13.36890983581543 11.883059763545328
1454.632 12.452664375305176 13.36890983581543 12.054915927839348
1454.652 12.565783500671387 13.36890983581543 12.214579344294888
1454.667 12.679717063903809 13.36890983581543 12.361069529615532
1454.682 12.707991600036621 13.36890983581543 12.49404972724525
1454.702 12.707706451416016 13.36890983581543 12.613653872465534
1454.717 12.675130844116211 13.36890983581543 12.720349509276273
1454.732 12.690583229064941 13.36890983581543 12.81483028058592
1454.752 12.71642017364502 13.36890983581543 12.89793259899015
1454.767 12.783422470092773 16.498836517333984 13.024090477440982
1454.782 12.909014701843262 16.498836517333984 13.193303915938413
1454.802 13.228412628173828 16.498836517333984 13.405572914482445
1454.817 13.546236038208008 16.498836517333984 13.643623024899641
1454.832 13.965505599975586 16.498836517333984 13.893537094688089
1454.852 14.17827033996582 16.498836517333984 14.14501161029905
1454.867 14.614998817443848 16.498836517333984 14.390619041453037
1454.882 14.926880836486816 16.498836517333984 14.62519929947809
1454.902 15.344042778015137 16.498836517333984 14.845360631298865
1454.917 15.668115615844727 16.498836517333984 15.04907280636449
1454.932 15.866833686828613 16.498836517333984 15.23533774721215
1454.952 15.866833686828613 16.498836517333984 15.403924810453733
1454.967 15.866833686828613 16.498836517333984 15.555159753871449
1454.982 16.228796005249023 19.30722427368164 15.749450257335765
1455.007 16.157758712768555 19.30722427368164 15.98679632084668
1455.017 16.16988182067871 19.30722427368164 16.249128448943985
1455.032 16.30268669128418 19.30722427368164 16.52208025197396
1455.057 16.63280487060547 19.30722427368164 16.79506082656262
1455.067 17.01078987121582 19.30722427368164 17.060479226238385
1455.087 17.231678009033203 19.30722427368164 17.313105333244962
1455.102 17.61009407043457 19.30722427368164 17.549546238101055
1455.117 17.930822372436523 19.30722427368164 17.767819944724057
1455.132 18.18539047241211 19.30722427368164 17.96701066706539
1455.152 18.456466674804688 17.532644271850586 18.123145829360126
1455.167 18.566526412963867 17.532644271850586 18.23622543160826
1455.187 18.561859130859375 17.532644271850586 18.306249473809796
1455.202 18.53526496887207 17.532644271850586 18.334944334056914
1455.217 18.39764976501465 17.532644271850586 18.333222868312973
1455.232 18.202625274658203 17.532644271850586 18.309750854556107
1455.252 17.994186401367188 17.532644271850586 18.271342948828195
1455.267 17.82426643371582 17.532644271850586 18.223297873789917
1455.282 17.759986877441406 17.532644271850586 18.16968074644522
1455.302 17.69085693359375 17.532644271850586 18.113559679833745
1455.317 17.703115463256836 15.125027656555176 18.01438305317567
1455.332 17.700529098510742 15.125027656555176 17.872150866470996
1455.352 17.59428596496582 15.125027656555176 17.693908815421544
1455.367 17.464570999145508 15.125027656555176 17.494810864058273
1455.382 17.276103973388672 15.125027656555176 17.28629668367081
1455.402 16.979528427124023 15.125027656555176 17.076826267125625
1455.417 16.7448787689209 15.125027656555176 16.872489171303616
1455.432 16.5371036529541 15.125027656555176 16.677506986288915
1455.452 16.26055145263672 15.125027656555176 16.49464532625213
1455.467 16.111644744873047 15.125027656555176 16.32554953335682
1455.482 15.976726531982422 15.125027656555176 16.171016384224302
1455.502 15.82719612121582 15.125027656555176 16.03121238416358
1455.517 15.776023864746094 15.125027656555176 15.905847718904532
1455.532 15.732629776000977 15.125027656555176 15.794313595549303
1455.552 15.680728912353516 15.125027656555176 15.695789530770469
1455.567 15.655969619750977 15.125027656555176 15.609326120975126
1455.582 15.63832950592041 15.125027656555176 15.533907942040127
1455.602 15.590910911560059 15.125027656555176 15.46850046135854
1455.617 15.502030372619629 15.125027656555176 15.412084188930194
1455.632 15.438944816589355 15.125027656555176 15.363678734459171
1455.652 15.383766174316406 15.125027656555176 15.322358962170302
1455.667 15.32894229888916 15.125027656555176 15.28726503357946
1455.682 15.269452095031738 17.88343620300293 15.29522666503522
1455.702 15.264997482299805 17.88343620300293 15.346243856537578
1455.717 15.3300142288208 17.88343620300293 15.440316608086537
1455.732 15.507513046264648 17.88343620300293 15.575599852244114
1455.752 15.825247764587402 17.88343620300293 15.73665941387699
1455.767 16.095989227294922 17.88343620300293 15.91171812547425
1455.782 16.336734771728516 17.88343620300293 16.09194681850975
1455.802 16.675498962402344 17.88343620300293 16.270874311726402
1455.817 16.852588653564453 17.88343620300293 16.4438990697621
1455.832 16.982576370239258 17.88343620300293 16.607887290558573
1455.852 17.1057186126709 17.88343620300293 16.76084409763653
1455.867 17.12135124206543 19.413772583007812 16.944155606062527
1455.882 17.203704833984375 19.413772583007812 17.144129329796435
1455.902 17.386184692382812 19.413772583007812 17.350489481349438
1455.917 17.540740966796875 19.413772583007812 17.555694345715143
1455.932 17.707990646362305 19.413772583007812 17.754371118564514
1455.952 18.061182022094727 19.413772583007812 17.942850626102175
1455.967 18.186616897583008 19.413772583007812 18.118786551228304
1455.982 18.335050582885742 19.413772583007812 18.280845799603814
1456.002 18.55379867553711 19.413772583007812 18.428458450255334
1456.017 18.70296287536621 19.413772583007812 18.56161735425012
1456.032 18.783798217773438 21.552968978881836 18.737831818291507
1456.052 18.999879837036133 21.552968978881836 18.94231711086814
1456.067 19.183208465576172 21.552968978881836 19.16138301586877
1456.082 19.43731689453125 21.552968978881836 19.38481319489528
1456.102 19.80099105834961 21.552968978881836 19.60516470906662
1456.117 20.030120849609375 21.552968978881836 19.817188970771813
1456.132 20.259233474731445 21.552968978881836 20.017355804893178
1456.152 20.49961280822754 21.552968978881836 20.203464625671337
1456.167 20.632965087890625 21.552968978881836 20.374328847089302
1456.182 20.718196868896484 24.08243179321289 20.588248628553867
1456.202 20.90913200378418 24.08243179321289 20.838618455696015
1456.217 21.117557525634766 24.08243179321289 21.108156096889093
1456.232 21.40656852722168 24.08243179321289 21.383943513721317
1456.252 21.789234161376953 24.08243179321289 21.656549173958155
1456.267 22.096181869506836 24.08243179321289 21.919302195107765
1456.282 22.383556365966797 24.08243179321289 22.16769546259721
1456.302 22.712453842163086 24.08243179321289 22.398897759803535
1456.317 22.899812698364258 24.70672607421875 22.6286990848055
1456.332 23.073163986206055 24.70672607421875 22.851113008943592
1456.352 23.272621154785156 24.70672607421875 23.06205446403458
1456.367 23.44033432006836 24.70672607421875 23.258914497669846
1456.382 23.526477813720703 24.70672607421875 23.44021451129855
1456.402 23.67255210876465 24.70672607421875 23.60532706547082
1456.417 23.77289390563965 24.70672607421875 23.754252146955327
1456.432 23.856182098388672 24.70672607421875 23.88743939833562
1456.452 23.995521545410156 26.13385772705078 24.045290775496582
1456.467 24.123010635375977 26.13385772705078 24.2164333481685
1456.482 24.241535186767578 26.13385772705078 24.392347316578995
1456.502 24.64002227783203 26.13385772705078 24.56679428556608
1456.517 24.87836265563965 26.13385772705078 24.735344155344084
1456.532 25.092092514038086 26.13385772705078 24.894985829460524
1456.552 25.307802200317383 26.13385772705078 25.04380880540758
1456.567 25.440265655517578 27.788034439086914 25.226693767079492
1456.582 25.581708908081055 27.788034439086914 25.42890967966343
1456.602 25.80536460876465 27.788034439086914 25.639362330846538
1456.617 26.016145706176758 27.788034439086914 25.84987207031692
1456.632 26.187541961669922 27.788034439086914 26.054575229685998
1456.652 26.448923110961914 27.788034439086914 26.249430807270464
1456.667 26.655508041381836 27.788034439086914 26.431816295890656
1456.682 26.718767166137695 27.19113540649414 26.583618093090205
1456.702 26.829994201660156 27.19113540649414 26.70928486152818
1456.717 26.89240837097168 27.19113540649414 26.81273078247472
1456.732 26.915096282958984 27.19113540649414 26.897378264943626
1456.752 26.917192459106445 27.19113540649414 26.96620221424528
1456.767 26.96034812927246 27.19113540649414 27.021774188441984
1456.782 26.958017349243164 27.19113540649414 27.06630524789838
1456.802 26.985673904418945 24.67778205871582 27.067780747308177
1456.817 26.971309661865234 24.67778205871582 27.026200686671373
1456.832 26.89149284362793 24.67778205871582 26.94156506598797
1456.852 26.730316162109375 24.67778205871582 26.81802667120988
1456.867 26.543581008911133 24.67778205871582 26.670039578007245
1456.882 26.34659194946289 24.67778205871582 26.50864167097938
1456.902 25.969005584716797 21.86894989013672 26.304188203904914
1456.917 25.84698486328125 21.86894989013672 26.05667917678385
1456.932 25.58287811279297 21.86894989013672 25.766114589616183
1456.952 25.009504318237305 21.86894989013672 25.449622053495652
1456.967 24.82914161682129 21.86894989013672 25.123339281262407
1456.982 24.46465301513672 21.86894989013672 24.79910358457825
1457.007 23.971569061279297 21.86894989013672 24.485341506743598
1457.017 23.792816162109375 21.86894989013672 24.187801136445284
1457.032 23.599994659423828 18.832393646240234 23.84720520610037
1457.052 23.263212203979492 18.832393646240234 23.500538521353626
1457.067 22.95479965209961 18.832393646240234 23.153871836606882
1457.082 22.615680694580078 18.832393646240234 22.80720515186014
1457.102 22.111557006835938 18.832393646240234 22.460538467113395
1457.122 21.564348220825195 18.832393646240234 22.11387178236665
1457.132 21.49828338623047 18.832393646240234 21.767205097619907
1457.152 21.193073272705078 16.291866302490234 21.420538412873164
1457.167 20.90360450744629 16.291866302490234 21.07387172812642
1457.182 20.548633575439453 16.291866302490234 20.727205043379676
1457.202 20.06622886657715 16.291866302490234 20.380538358632933
1457.217 19.739839553833008 16.291866302490234 20.03387167388619
1457.232 19.51665496826172 16.291866302490234 19.687204989139445
1457.252 19.000873565673828 16.291866302490234 19.3405383043927
1457.267 18.72357177734375 16.291866302490234 18.993871619645958
1457.282 18.52311134338379 16.291866302490234 18.657528586688063
1457.302 18.19013786315918 14.600948333740234 18.31086190194132
1457.317 18.047773361206055 14.600948333740234 17.964195217194575
1457.332 17.758991241455078 14.600948333740234 17.61752853244783
1457.352 17.248859405517578 14.600948333740234 17.28364860566779
1457.367 16.802967071533203 14.600948333740234 16.969848536638192
1457.382 16.586898803710938 14.600948333740234 16.6791557015264
1457.402 16.222488403320312 14.600948333740234 16.41309785219851
1457.417 15.924739837646484 14.600948333740234 16.172085572237275
1457.432 15.741172790527344 14.600948333740234 15.955717402871505
1457.452 15.514039039611816 14.600948333740234 15.763021073288732
1457.467 15.45577621459961 14.600948333740234 15.592642238247377
1457.482 15.37747573852539 13.588811874389648 15.414875448627827
1457.502 15.25214958190918 13.588811874389648 15.2367519252298
1457.517 15.080431938171387 13.588811874389648 15.063320618795185
1457.532 14.977946281433105 13.588811874389648 14.898069604574035
1457.552 14.767123222351074 13.588811874389648 14.743271439414384
1457.567 14.541556358337402 13.588811874389648 14.600264432075077
1457.582 14.446863174438477 13.588811874389648 14.469680171617672
1457.602 14.32508373260498 13.588811874389648 14.351626220522013
1457.617 14.15540885925293 13.588811874389648 14.245831601045158
1457.632 14.035774230957031 13.588811874389648 14.151761575450402
1457.652 13.961780548095703 13.588811874389648 14.068707231836983
1457.667 13.888327598571777 13.588811874389648 13.995854525488427
1457.682 13.8861665725708 13.588811874389648 13.932336678860821
1457.702 13.859382629394531 13.588811874389648 13.877273199707872
1457.717 13.825767517089844 13.588811874389648 13.829798225033956
1457.732 13.833558082580566 13.588811874389648 13.789080427891934
1457.752 13.814491271972656 13.588811874389648 13.754336324586506
1457.767 13.794037818908691 13.588811874389648 13.72483848252374
1457.782 13.813097953796387 13.588811874389648 13.699919845527903
1457.802 13.740265846252441 13.588811874389648 13.678975156528894
1457.817 13.697644233703613 13.588811874389648 13.661460260512882
1457.832 13.66427993774414 13.588811874389648 13.64688990769075
1457.852 13.621620178222656 13.588811874389648 13.634834542845775
1457.867 13.574197769165039 14.343828201293945 13.645889135229517
1457.882 13.606494903564453 14.343828201293945 13.673198791242989
1457.907 13.71289348602295 14.343828201293945 13.711399307649174
1457.917 13.728720664978027 14.343828201293945 13.756343814942792
1457.932 13.802549362182617 14.343828201293945 13.804873056939922
1457.952 13.940227508544922 14.343828201293945 13.8546233241144
1457.967 14.0586519241333 14.343828201293945 13.903866707304495
1457.982 14.073488235473633 14.343828201293945 13.951378951748644
1458.002 14.148204803466797 14.343828201293945 13.996330762078223
1458.017 14.16789722442627 14.343828201293945 14.03819893313524
1458.032 14.17114543914795 14.343828201293945 14.076694157886259
1458.052 14.15636157989502 14.343828201293945 14.111702792590977
1458.067 14.141804695129395 14.343828201293945 14.143240242304135
1458.082 14.127889633178711 17.002717971801758 14.217833252063892
1458.102 14.15210247039795 17.002717971801758 14.33548182187025
1458.117 14.311800003051758 17.002717971801758 14.493886529274812
1458.132 14.547833442687988 17.002717971801758 14.677099670135629
1458.152 14.956361770629883 17.002717971801758 14.873002933496517
1458.167 15.187945365905762 17.002717971801758 15.0725590265784
1458.182 15.618502616882324 17.002717971801758 15.269189755520319
1458.202 15.979781150817871 17.002717971801758 15.458262008275932
1458.217 16.16458511352539 17.002717971801758 15.636665345640903
1458.232 16.286771774291992 17.002717971801758 15.802466978356515
1458.257 16.321168899536133 17.002717971801758 15.954631788203798
1458.272 16.324382781982422 14.370231628417969 16.063741038004483
1458.282 16.27745819091797 14.370231628417969 16.12979472775857
1458.302 16.162248611450195 14.370231628417969 16.152792857466054
1458.317 15.999435424804688 14.370231628417969 16.13273542712694
1458.332 15.838456153869629 14.370231628417969 16.06962243674122
1458.362 15.461108207702637 14.370231628417969 15.977186156075645
1458.367 15.415785789489746 14.370231628417969 15.866302525873575
1458.382 15.280436515808105 14.370231628417969 15.745278396603174
1458.402 15.208227157592773 14.370231628417969 15.620348691536265
1458.417 15.18401050567627 14.370231628417969 15.49609026048674
1458.432 15.105305671691895 14.370231628417969 15.375764532584496
1458.452 15.13205337524414 14.370231628417969 15.261599623558945
1458.467 15.093244552612305 11.541003227233887 15.104379154486795
1458.482 15.049629211425781 11.541003227233887 14.904103125368044
1458.502 14.782843589782715 11.541003227233887 14.667152522766504
1458.517 14.652143478393555 11.541003227233887 14.410500438247498
1458.532 14.227328300476074 11.541003227233887 14.146858183959045
1458.552 13.71454906463623 11.541003227233887 13.885529704822131
1458.567 13.218583106994629 11.541003227233887 13.633118556353951
1458.582 13.025286674499512 11.541003227233887 13.394109582922056
1458.602 12.592362403869629 11.541003227233887 13.171344640244856
1458.617 12.531500816345215 11.541003227233887 12.966409168421633
1458.632 12.393280029296875 11.541003227233887 12.779944136369174
1458.652 12.360597610473633 11.541003227233887 12.611895837310112
1458.667 12.350008010864258 11.541003227233887 12.46171420541828
1458.682 12.340585708618164 11.506044387817383 12.327537651523782
1458.702 12.336038589477539 11.506044387817383 12.208558530176704
1458.717 12.295999526977539 11.506044387817383 12.103775877868417
1458.732 12.234879493713379 11.506044387817383 12.012077991029201
1458.752 12.100652694702148 11.506044387817383 11.93230468303847
1458.772 12.00592041015625 11.506044387817383 11.86329324849938
1458.782 11.908005714416504 11.506044387817383 11.803911474267647
1458.807 11.782306671142578 11.506044387817383 11.753080450347937
1458.817 11.679293632507324 11.506044387817383 11.709789437059431
1458.832 11.588543891906738 11.506044387817383 11.673104626217537
1458.852 11.536608695983887 11.506044387817383 11.64217328299444
1458.867 11.512008666992188 11.506044387817383 11.616224462214504
1458.882 11.491528511047363 11.506044387817383 11.594567249764278
1458.902 11.526548385620117 11.506044387817383 11.576587279184407
1458.917 11.550552368164062 11.506044387817383 11.561742108903266
1458.932 11.566401481628418 15.27086067199707 11.589952498668724
1458.952 11.661240577697754 15.27086067199707 11.661218448480783
1458.967 11.761465072631836 15.27086067199707 11.775539958339442
1458.982 11.947432518005371 15.27086067199707 11.9329170282447
1459.002 12.395121574401855 15.27086067199707 12.13334965819656
1459.017 12.691627502441406 15.27086067199707 12.364146132841059
1459.032 12.886419296264648 15.27086067199707 12.61029234854664
1459.052 13.251739501953125 15.27086067199707 12.860601816191933
1459.067 13.556197166442871 15.27086067199707 13.106941906172649
1459.082 13.778594017028809 15.27086067199707 13.343594494561408
1459.102 13.999493598937988 15.27086067199707 13.566730689922597
1459.117 14.137518882751465 15.27086067199707 13.773981908851644
1459.132 14.227107048034668 15.27086067199707 13.964091916001635
1459.152 14.23177719116211 15.27086067199707 14.136636554213823
1459.167 14.264805793762207 15.27086067199707 14.291799771163202
1459.182 14.315362930297852 15.27086067199707 14.430196213321798
1459.207 14.415051460266113 15.27086067199707 14.552732121111582
1459.222 14.428074836730957 15.27086067199707 14.660497537266664
1459.232 14.557900428771973 15.27086067199707 14.75468395054081
1459.252 14.669269561767578 15.27086067199707 14.836522455753759
1459.267 14.805678367614746 15.27086067199707 14.907238334990055
1459.282 14.983309745788574 15.27086067199707 14.96801866892376
1459.302 15.115315437316895 15.27086067199707 15.019990186085382
1459.317 15.213432312011719 15.27086067199707 15.06420506461877
1459.332 15.264159202575684 15.27086067199707 15.101632827718063
1459.352 15.298060417175293 15.27086067199707 15.133156831328677
1459.367 15.280970573425293 15.529258728027344 15.16675186506199
1459.382 15.252992630004883 15.529258728027344 15.20089794154048
1459.402 15.206807136535645 15.529258728027344 15.234490429754866
1459.417 15.192076683044434 15.529258728027344 15.266753054951534
1459.432 15.194058418273926 15.529258728027344 15.297166427545106
1459.452 15.210731506347656 15.529258728027344 15.325409686473618
1459.467 15.258817672729492 15.529258728027344 15.351313162255503
1459.482 15.326964378356934 15.529258728027344 15.374820252414551
1459.502 15.363481521606445 15.529258728027344 15.395956958117893
1459.517 15.45682144165039 15.529258728027344 15.414807757554449
1459.532 15.504096984863281 15.529258728027344 15.431496690827952
1459.552 15.51581859588623 12.47964859008789 15.405130064054855
1459.567 15.522379875183105 12.47964859008789 15.335707877235158
1459.582 15.35660457611084 12.47964859008789 15.223230130368862
1459.602 15.14960765838623 12.47964859008789 15.067696823455965
1459.617 14.758930206298828 12.47964859008789 14.884341052929964
1459.632 14.412603378295898 12.47964859008789 14.686139066938246
1459.652 14.022072792053223 12.47964859008789 14.482802904711752
1459.667 13.857481002807617 12.47964859008789 14.28143547691054
1459.682 13.502306938171387 12.47964859008789 14.08707251566295
1459.702 13.385139465332031 12.47964859008789 13.903128393717541
1459.717 13.321610450744629 12.47964859008789 13.7317606659273
1459.732 13.32943058013916 10.650083541870117 13.523344978946005
1459.752 13.2843017578125 10.650083541870117 13.294167580334154
1459.767 13.148076057434082 10.650083541870117 13.056476994874892
1459.782 13.041146278381348 10.650083541870117 12.819287809252238
1459.802 12.635374069213867 10.650083541870117 12.589046549348506
1459.817 12.349433898925781 10.650083541870117 12.370180227327324
1459.837 11.985231399536133 10.650083541870117 12.165545564644182
1459.852 11.755040168762207 10.650083541870117 11.976794554388228
1459.867 11.625543594360352 10.650083541870117 11.804669912302163
1459.882 11.362205505371094 10.650083541870117 11.649242074382167
1459.902 11.284090995788574 10.650083541870117 11.510097719593691
1459.917 11.242317199707031 10.650083541870117 11.386488315511695
1459.932 11.193706512451172 10.650083541870117 11.277445887455766
1459.952 11.156974792480469 10.650083541870117 11.181872081987429
1459.972 11.15728759765625 9.707723617553711 11.07242895008632
1459.982 11.111873626708984 9.707723617553711 10.956086221761028
1460.002 10.962653160095215 9.707723617553711 10.838030525557606
1460.022 10.865205764770508 9.707723617553711 10.72202652763677
1460.032 10.644743919372559 9.707723617553711 10.610715247066496
1460.052 10.353196144104004 9.707723617553711 10.505859060866474
1460.067 10.278657913208008 9.707723617553711 10.408541697679116
1460.082 10.108769416809082 9.707723617553711 10.319330417909944
1460.102 10.062018394470215 9.707723617553711 10.238406589167205
1460.117 10.02978229522705 9.707723617553711 10.165669984570496
1460.132 9.986639022827148 9.707723617553711 10.10082135194034
1460.152 10.007942199707031 9.707723617553711 10.043427116863942
1460.167 10.010788917541504 9.707723617553711 9.992969484398225
1460.187 9.992086410522461 9.707723617553711 9.948884684749018
1460.202 9.997516632080078 9.707723617553711 9.910591659753239
1460.217 9.96098804473877 9.707723617553711 9.877513101756556
1460.232 9.941822052001953 9.380523681640625 9.840001539237846
1460.252 9.864875793457031 9.380523681640625 9.800354978166954
1460.267 9.802216529846191 9.380523681640625 9.760279628309833
1460.282 9.735664367675781 9.380523681640625 9.721010184107733
1460.302 9.62924575805664 9.380523681640625 9.68340912362144
1460.317 9.552216529846191 9.380523681640625 9.648048212118164
1460.332 9.540594100952148 9.380523681640625 9.615274988330496
1460.352 9.481075286865234 9.380523681640625 9.585266641456503
1460.367 9.46072769165039 9.380523681640625 9.558073354941012
1460.382 9.494783401489258 9.380523681640625 9.533652897456182
1460.402 9.489302635192871 9.380523681640625 9.511897980181022
1460.417 9.522573471069336 9.380523681640625 9.492657670004078
1460.432 9.499342918395996 9.380523681640625 9.475753947993251
1460.452 9.514141082763672 9.380523681640625 9.46099432868289
1460.467 9.481953620910645 9.380523681640625 9.448181305744235
1460.482 9.47341251373291 9.380523681640625 9.437119260850846
1460.502 9.448860168457031 9.380523681640625 9.427619362587558
1460.517 9.449316024780273 9.380523681640625 9.419502888809822
1460.537 9.415986061096191 9.380523681640625 9.41260332685474
1460.552 9.406380653381348 9.380523681640625 9.40676753953999
1460.567 9.390320777893066 9.380523681640625 9.401856229255188
1460.592 9.358864784240723 9.380523681640625 9.397743886128106
1460.602 9.355899810791016 9.380523681640625 9.394318367884363
1460.617 9.321803092956543 9.380523681640625 9.39148022742467
1460.632 9.353636741638184 9.380523681640625 9.389141878278084
1460.652 9.39771842956543 9.380523681640625 9.387226667048237
1460.667 9.400663375854492 9.380523681640625 9.38566790496996
1460.682 9.409780502319336 9.380523681640625 9.384407897062841
1460.702 9.422603607177734 9.380523681640625 9.3833969965306
1460.717 9.440200805664062 9.089292526245117 9.37450294835957
1460.732 9.408780097961426 9.089292526245117 9.36020636808331
1460.752 9.328408241271973 9.089292526245117 9.342435100482785
1460.767 9.31870174407959 9.089292526245117 9.322667286724945
1460.782 9.279451370239258 9.089292526245117 9.302017720912193
1460.802 9.260321617126465 9.089292526245117 9.281309831916635
1460.817 9.23438549041748 9.089292526245117 9.261135363839696
1460.832 9.194726943969727 9.089292526245117 9.241903582696029
1460.857 9.161711692810059 9.089292526245117 9.223881610039214
1460.867 9.132494926452637 9.089292526245117 9.207227277183895
1460.882 9.143092155456543 9.089292526245117 9.192015706571453
1460.902 9.163399696350098 9.089292526245117 9.178260659217285
1460.917 9.190266609191895 9.089292526245117 9.165931538198603
1460.937 9.152557373046875 9.089292526245117 9.154966806652192
1460.952 9.164620399475098 9.089292526245117 9.145284463448805
1460.967 9.159627914428711 9.089292526245117 9.136790119211561
1460.982 9.14494800567627 9.089292526245117 9.129383128247035
1461.002 9.15494155883789 9.089292526245117 9.122961156882363
1461.017 9.13064193725586 9.089292526245117 9.117423504328436
1461.032 9.098217010498047 9.089292526245117 9.112673437273907
1461.052 9.107513427734375 9.089292526245117 9.108619752803142
1461.067 9.11528205871582 9.089292526245117 9.105177744865271
1461.087 9.070843696594238 9.089292526245117 9.102269716441851
1461.102 9.09825611114502 9.089292526245117 9.099825151904973
1461.117 9.081751823425293 9.089292526245117 9.097780641057486
1461.132 9.089695930480957 9.089292526245117 9.096079627322062
1461.157 9.09880542755127 9.089292526245117 9.094672036898341
1461.167 9.08609390258789 9.089292526245117 9.093513832915075
1461.182 9.111842155456543 9.089292526245117 9.092566528213343
1461.202 9.102981567382812 9.089292526245117 9.09179668201583
1461.217 9.105098724365234 10.244174003601074 9.123255443413086
1461.232 9.13620662689209 10.244174003601074 9.176937518535947
1461.252 9.199480056762695 10.244174003601074 9.245055132591476
1461.267 9.199480056762695 10.244174003601074 9.32162605985875
1461.282 9.492731094360352 10.244174003601074 9.40212822437913
1461.302 9.722283363342285 10.244174003601074 9.483211604069549
1461.317 9.818367004394531 10.244174003601074 9.562459204952463
1461.332 9.85677719116211 10.244174003601074 9.638189841907426
1461.352 9.934922218322754 10.244174003601074 9.7092963590756
1461.367 9.947617530822754 10.244174003601074 9.77511374255976
1461.382 9.93134593963623 10.244174003601074 9.835312319472164
1461.402 9.915757179260254 10.244174003601074 9.889811902224736
1461.417 9.902652740478516 10.244174003601074 9.93871332845705
1461.432 9.878722190856934 10.244174003601074 9.98224436950665
1461.452 9.898417472839355 10.244174003601074 10.020717438877156
1461.467 9.942811965942383 10.244174003601074 10.054496932136177
1461.482 9.99657917022705 10.244174003601074 10.08397437656292
1461.502 10.0844087600708 10.244174003601074 10.109549868070618
1461.517 10.11719036102295 10.24417495727539 10.131618556141184
1461.532 10.166725158691406 10.24417495727539 10.150561015956614
1461.552 10.229358673095703 10.24417495727539 10.166736832741188
1461.567 10.218130111694336 10.24417495727539 10.180480560436983
1461.582 10.21853256225586 10.24417495727539 10.19209952073483
1461.602 10.259415626525879 10.24417495727539 10.201872982164717
1461.617 10.232789993286133 10.24417495727539 10.2100523510318
1461.632 10.24139404296875 10.24417495727539 10.216862082204646
1461.652 10.213712692260742 10.24417495727539 10.222501080497882
1461.667 10.207106590270996 10.24417495727539 10.227144414720215
1461.687 10.2066650390625 10.24417495727539 10.230945208186817
1461.702 10.197345733642578 10.24417495727539 10.234036603183622
1461.717 10.213382720947266 10.24417495727539 10.236533723862019
1461.732 10.239627838134766 10.24417495727539 10.238535583483815
1461.752 10.238568305969238 10.24417495727539 10.24012689880485
1461.772 10.233857154846191 10.24417495727539 10.24137978750843
1461.782 10.248564720153809 10.24417495727539 10.242355334673553
1461.802 10.247856140136719 10.24417495727539 10.243105021871687
1461.817 10.249862670898438 12.219648361206055 10.28691026911642
1461.832 10.30640697479248 12.219648361206055 10.371991203819224
1461.852 10.43286418914795 12.219648361206055 10.48428968771323
1461.867 10.714605331420898 12.219648361206055 10.61297467880297
1461.882 10.84288501739502 12.219648361206055 10.749828749682157
1461.902 11.128785133361816 12.219648361206055 10.888735825257674
1461.917 11.389899253845215 12.219648361206055 11.02525569055565
1461.932 11.415961265563965 12.219648361206055 11.156272502980604
1461.952 11.565702438354492 12.219648361206055 11.279706104647572
1461.967 11.633711814880371 12.219648361206055 11.39427636053498
1461.982 11.638190269470215 12.219648361206055 11.499312044638065
1462.002 11.657358169555664 12.219648361206055 11.594596960907193
1462.017 11.667420387268066 12.219648361206055 11.68024702353362
1462.032 11.69287109375 12.219648361206055 11.756612939204034
1462.052 11.738950729370117 12.219648361206055 11.82420394070327
1462.072 11.78467082977295 12.219648361206055 11.883628725827567
1462.082 11.806075096130371 13.605778694152832 11.974053991731846
1462.102 11.965882301330566 13.605778694152832 12.0841844551999
1462.117 12.062559127807617 13.605778694152832 12.20537779677093
1462.132 12.327367782592773 13.605778694152832 12.331133052090827
1462.152 12.637160301208496 13.605778694152832 12.4566644769623
1462.167 12.821253776550293 13.605778694152832 12.578548505627783
1462.182 12.991862297058105 13.605778694152832 12.69443289925012
1462.202 13.150565147399902 13.605778694152832 12.802798543243803
1462.217 13.227632522583008 13.605778694152832 12.902765593023135
1462.232 13.249545097351074 13.605778694152832 12.99393678762277
1462.252 13.208185195922852 13.605778694152832 13.076271752692778
1462.267 13.160298347473145 13.605778694152832 13.14998700412884
1462.282 13.107462882995605 13.605778694152832 13.215477148167807
1462.302 13.113865852355957 13.605778694152832 13.27325346116956
1462.317 13.137474060058594 13.605778694152832 13.323896630957844
1462.332 13.193276405334473 13.605778694152832 13.368020960018804
1462.357 13.336175918579102 13.605778694152832 13.406247777386415
1462.367 13.351705551147461 13.605778694152832 13.439186188645524
1462.382 13.405651092529297 13.605778694152832 13.467419619641273
1462.402 13.507165908813477 13.605778694152832 13.491496886130564
1462.417 13.576022148132324 13.605778694152832 13.511926755090512
1462.432 13.632518768310547 13.605778694152832 13.5291751594558
1462.452 13.63588809967041 13.605778694152832 13.543664391848472
1462.467 13.63720703125 13.605778694152832 13.555773738981983
1462.482 13.602521896362305 13.605778694152832 13.565841130926138
1462.502 13.596253395080566 13.605778694152832 13.57416547187603
1462.517 13.545343399047852 13.605778694152832 13.58100939458862
1462.532 13.544776916503906 15.778499603271484 13.63090887734781
1462.552 13.604647636413574 15.778499603271484 13.723863920153601
1462.567 13.742856979370117 15.778499603271484 13.84755491883063
1462.597 14.038239479064941 15.778499603271484 13.98983749066178
1462.602 14.266754150390625 15.778499603271484 14.14149172890442
1462.617 14.493766784667969 15.778499603271484 14.295649709768439
1462.632 14.721089363098145 15.778499603271484 14.447319872892338
1462.672 14.872101783752441 15.778499603271484 14.592994039479684
1462.672 14.872101783752441 15.778499603271484 14.730324570254925
1462.682 15.259765625 15.778499603271484 14.857860758124232
1462.702 15.386096000671387 15.778499603271484 14.974834994800895
1462.722 15.351734161376953 15.778499603271484 15.080990548587849
1462.732 15.334894180297852 15.778499603271484 15.176443947439825
1462.752 15.232895851135254 17.650089263916016 15.313564592275936
1462.767 15.291064262390137 17.650089263916016 15.47673785558666
1462.787 15.483168601989746 17.650089263916016 15.654049570632234
1462.802 15.720911979675293 17.650089263916016 15.836568516613845
1462.817 15.888575553894043 17.650089263916016 16.01774934010545
1462.832 16.144134521484375 17.650089263916016 16.19293837465482
1462.852 16.34949493408203 17.650089263916016 16.35896693130571
1462.867 16.806869506835938 17.650089263916016 16.513818574098913
1462.882 17.086423873901367 17.650089263916016 16.656358660488564
1462.902 17.19678497314453 17.650089263916016 16.78611601771377
1462.922 17.252735137939453 19.52824592590332 16.955279071647077
1462.932 17.273759841918945 19.52824592590332 17.14798390009505
1462.952 17.451000213623047 19.52824592590332 17.352207420804305
1462.967 17.58005142211914 19.52824592590332 17.559013127963617
1462.982 17.761850357055664 19.52824592590332 17.76192479846479
1463.002 18.050771713256836 19.52824592590332 17.956409306872214
1463.017 18.174728393554688 19.52824592590332 18.139452001217705
1463.032 18.436145782470703 19.52824592590332 18.30921020917016
1463.052 18.666778564453125 19.52824592590332 18.46473236246892
1463.067 18.760093688964844 19.52824592590332 18.60573194987842
1463.082 18.871461868286133 21.554973602294922 18.788705039884082
1463.102 19.059335708618164 21.554973602294922 18.99667655309977
1463.117 19.239791870117188 21.554973602294922 19.21678661549911
1463.132 19.38719940185547 21.554973602294922 19.439481802262954
1463.152 19.856552124023438 21.554973602294922 19.65784368339447
1463.172 20.019670486450195 21.554973602294922 19.867034420444956
1463.182 20.256393432617188 21.554973602294922 20.06384164995981
1463.202 20.59235382080078 21.554973602294922 20.24630716453369
1463.217 20.755334854125977 21.554973602294922 20.41342596323384
1463.232 20.809967041015625 18.720569610595703 20.537489201887393
1463.252 20.8391170501709 18.720569610595703 20.618496880494344
1463.267 20.791481018066406 18.720569610595703 20.656448999054696
1463.282 20.738039016723633 18.720569610595703 20.651345557568447
1463.302 20.40754508972168 18.720569610595703 20.6031865560356
1463.317 20.227800369262695 18.720569610595703 20.51637768504281
1463.332 20.0388126373291 18.720569610595703 20.404281099287292
1463.352 19.866363525390625 18.720569610595703 20.277175446032388
1463.367 19.676416397094727 18.720569610595703 20.142844007583406
1463.382 19.535078048706055 14.79170036315918 19.965457009087825
1463.402 19.399316787719727 14.79170036315918 19.745014450545643
1463.417 19.19622039794922 14.79170036315918 19.48151633195686
1463.432 19.097736358642578 14.79170036315918 19.17496265332148
1463.452 18.70229721069336 14.79170036315918 18.833508556291278
1463.467 18.455583572387695 14.79170036315918 18.486841871544534
1463.482 17.825536727905273 14.79170036315918 18.14017518679779
1463.502 17.453502655029297 14.79170036315918 17.793508502051047
1463.517 17.082351684570312 14.79170036315918 17.45934649569547
1463.532 16.798282623291016 14.79170036315918 17.145762440223173
1463.552 16.449857711791992 11.701061248779297 16.79909575547643
1463.567 16.17430877685547 11.701061248779297 16.452429070729686
1463.582 15.955357551574707 11.701061248779297 16.105762385982942
1463.602 15.33871841430664 11.701061248779297 15.7590957012362
1463.617 14.984274864196777 11.701061248779297 15.412429016489458
1463.632 14.655057907104492 11.701061248779297 15.065762331742716
1463.652 14.303736686706543 11.701061248779297 14.719095646995974
1463.667 14.077286720275879 11.701061248779297 14.372428962249232
1463.682 13.884716033935547 11.701061248779297 14.042873455075934
1463.702 13.627653121948242 11.701061248779297 13.741641667289166
1463.717 13.471729278564453 11.701061248779297 13.469076095177751
1463.732 13.310483932495117 11.701061248779297 13.22462591055847
1463.752 13.065720558166504 9.916250228881836 12.95753728111669
1463.767 12.836472511291504 9.916250228881836 12.68164356258946
1463.782 12.543858528137207 9.916250228881836 12.407103245550696
1463.802 12.200756072998047 9.916250228881836 12.141158986938539
1463.817 12.200756072998047 9.916250228881836 11.888762578025993
1463.832 11.381841659545898 9.916250228881836 11.653086473287958
1463.852 10.93929386138916 9.916250228881836 11.435939812109053
1463.867 10.736855506896973 9.916250228881836 11.238104437535632
1463.882 10.57442855834961 9.916250228881836 11.059604245722149
1463.902 10.505836486816406 9.916250228881836 10.899919273779584
1463.917 10.519179344177246 9.916250228881836 10.758154236594232
1463.932 10.54613208770752 9.916250228881836 10.63316973716376
1463.962 10.617203712463379 9.916250228881836 10.52368308155597
1463.967 10.617203712463379 9.916250228881836 10.428344510098427
1463.982 10.62476921081543 9.916250228881836 10.345793692667332
1464.002 10.523268699645996 9.916250228881836 10.274700510600724
1464.017 10.454334259033203 9.916250228881836 10.213793444528303
1464.032 10.324769020080566 9.916250228881836 10.161878291224129
1464.052 10.204146385192871 9.916250228881836 10.117849429679861
1464.067 10.082204818725586 9.916250228881836 10.080695434506348
1464.082 9.985633850097656 9.916250228881836 10.04950048232609
1464.102 9.904749870300293 9.916250228881836 10.023442704076114
1464.117 9.880550384521484 9.916250228881836 10.00179039431604
1464.132 9.866592407226562 9.916250228881836 9.983896790020253
1464.152 9.906633377075195 9.916250228881836 9.969193969200617
1464.167 9.91921329498291 9.916250228881836 9.957186288223774
1464.182 9.910860061645508 9.916250228881836 9.947443670823032
1464.202 9.950496673583984 9.916250228881836 9.939594977241052
1464.217 9.977265357971191 9.916250228881836 9.933321614990106
1464.232 9.987678527832031 9.916250228881836 9.928351500250493
1464.252 9.976738929748535 9.916250228881836 9.924453438298576
1464.267 9.983838081359863 9.916250228881836 9.921431960338627
1464.282 9.992432594299316 9.916250228881836 9.919122630845386
1464.302 9.962186813354492 9.916250228881836 9.9173878224576
1464.317 9.948055267333984 9.916250228881836 9.916112943313811
1464.332 9.923652648925781 9.916250228881836 9.915203093434666
1464.352 9.88515853881836 12.951306343078613 9.957348803602121
1464.367 9.9321870803833 12.951306343078613 10.042550073816177
1464.387 10.160962104797363 12.951306343078613 10.170806904076832
1464.402 10.301959991455078 12.951306343078613 10.339960400785898
1464.417 10.540709495544434 12.951306343078613 10.533724465779965
1464.432 10.84859561920166 12.951306343078613 10.7397437686478
1464.452 11.2857666015625 12.951306343078613 10.948823232800816
1464.467 11.579980850219727 12.951306343078613 11.154288048997387
1464.482 11.796650886535645 12.951306343078613 11.35145501094447
1464.502 12.020611763000488 12.951306343078613 11.537198316843336
1464.517 12.092039108276367 12.951306343078613 11.709595132596636
1464.532 12.118612289428711 12.951306343078613 11.867638163005735
1464.552 12.140253067016602 12.951306343078613 12.011004229494308
1464.567 12.14813232421875 12.951306343078613 12.139869414238863
1464.582 12.16147232055664 12.951306343078613 12.254762711775978
1464.602 12.216670989990234 12.951306343078613 12.356451342867517
1464.617 12.274792671203613 15.5440034866333 12.501195534005657
1464.632 12.416796684265137 15.5440034866333 12.688995285190396
1464.652 12.794363021850586 15.5440034866333 12.902890895743331
1464.667 13.10955810546875 15.5440034866333 13.129546993100522
1464.682 13.43471622467041 15.5440034866333 13.359052102451109
1464.702 13.861824989318848 15.5440034866333 13.584223861096815
1464.717 14.161101341247559 15.5440034866333 13.800035280075473
1464.732 14.509590148925781 15.5440034866333 14.0031436935008
1464.752 14.65119743347168 15.5440034866333 14.191506385505862
1464.767 14.738901138305664 15.5440034866333 14.364069013165054
1464.782 14.809045791625977 15.5440034866333 14.520514854785992
1464.802 14.839442253112793 15.5440034866333 14.661064615041575
1464.817 14.828497886657715 15.5440034866333 14.786318023472546
1464.832 14.853691101074219 16.562034606933594 14.925408430127284
1464.857 14.893832206726074 16.562034606933594 15.070551729161169
1464.867 14.973820686340332 16.562034606933594 15.216001175583623
1464.882 15.155292510986328 16.562034606933594 15.357629764807971
1464.902 15.419763565063477 16.562034606933594 15.49258594520799
1464.917 15.695229530334473 16.562034606933594 15.61901144953592
1464.932 15.844298362731934 16.562034606933594 15.735811482873933
1464.952 16.0255069732666 16.562034606933594 15.842468816435819
1464.967 16.161800384521484 16.562034606933594 15.93889451128894
1464.982 16.2216739654541 16.562034606933594 16.025309040082217
1465.002 16.254928588867188 16.562034606933594 16.102148496185904
1465.017 16.280553817749023 13.566715240478516 16.135932392242992
1465.032 16.230066299438477 13.566715240478516 16.12666072825348
1465.052 16.07592010498047 13.566715240478516 16.074333504217368
1465.067 15.9287109375 13.566715240478516 15.978950720134655
1465.082 15.718488693237305 13.566715240478516 15.843586511527294
1465.102 15.278278350830078 13.566715240478516 15.683329066566044
1465.117 15.146991729736328 13.566715240478516 15.50968306541006
1465.132 14.950807571411133 13.566715240478516 15.331265433047601
1465.152 14.700836181640625 13.566715240478516 15.154384177584701
1465.167 14.593688011169434 13.566715240478516 14.983517360930257
1465.182 14.517698287963867 13.566715240478516 14.821707192957366
1465.202 14.443743705749512 13.566715240478516 14.670882350429395
1465.217 14.442179679870605 13.566715240478516 14.532119903704071
1465.232 14.413861274719238 13.566715240478516 14.405856686603494
1465.252 14.333966255187988 13.566715240478516 14.292058562501252
1465.267 14.314517974853516 13.566715240478516 14.190354814196183
1465.282 14.260645866394043 13.566715240478516 14.10014380611464
1465.302 14.141647338867188 13.566715240478516 14.020675123287106
1465.317 13.993379592895508 13.566715240478516 13.951112570375006
1465.332 13.931253433227539 13.566715240478516 13.890581703760585
1465.352 13.856551170349121 13.566715240478516 13.838204958662937
1465.367 13.776037216186523 13.566715240478516 13.79312691026962
1465.382 13.726896286010742 15.474258422851562 13.791104421922904
1465.402 13.719903945922852 15.474258422851562 13.832137493622788
1465.417 13.831924438476562 15.474258422851562 13.907159002749008
1465.432 13.934812545776367 15.474258422851562 14.00445496050209
1465.452 14.186043739318848 15.474258422851562 14.115011607000222
1465.467 14.395956993103027 15.474258422851562 14.232000728624406
1465.482 14.586796760559082 15.474258422851562 14.35035009249868
1465.502 14.795002937316895 15.474258422851562 14.46638681395933
1465.517 14.894268035888672 15.474258422851562 14.577542899125385
1465.532 14.96694564819336 15.474258422851562 14.682113525664642
1465.552 15.016623497009277 15.474258422851562 14.779059833689596
1465.567 15.002765655517578 15.474258422851562 14.867849093610372
1465.582 15.012534141540527 15.474258422851562 14.94832610058863
1465.602 15.021856307983398 17.04850196838379 15.064339512368857
1465.617 15.052719116210938 17.04850196838379 15.20259808529089
1465.632 15.21398639678955 17.04850196838379 15.352958507054073
1465.652 15.452280044555664 17.04850196838379 15.507815241489944
1465.667 15.665894508361816 17.04850196838379 15.661592756869558
1465.682 15.89810848236084 17.04850196838379 15.810325233846472
1465.702 16.155532836914062 17.04850196838379 15.951310641917921
1465.717 16.325376510620117 17.04850196838379 16.082827722311116
1465.732 16.466222763061523 17.04850196838379 16.203905915393936
1465.752 16.54188346862793 17.04850196838379 16.314139622566564
1465.767 16.606456756591797 17.04850196838379 16.413539400589617
1465.782 16.57902717590332 19.03685188293457 16.55599473865927
1465.802 16.686132431030273 19.03685188293457 16.727000434477706
1465.817 16.849239349365234 19.03685188293457 16.913717060881556
1465.832 17.047632217407227 19.03685188293457 17.106506613809465
1465.852 17.402015686035156 19.03685188293457 17.298293164738833
1465.867 17.637741088867188 19.03685188293457 17.4840334928359
1465.882 17.86161994934082 19.03685188293457 17.660281240562732
1465.902 18.11310577392578 19.03685188293457 17.824830201216976
1465.917 18.244434356689453 19.03685188293457 17.97642422636935
1465.932 18.333349227905273 19.03685188293457 18.114522935687795
1465.952 18.41759490966797 21.242992401123047 18.29567720505284
1465.967 18.525842666625977 21.242992401123047 18.507374303851407
1465.982 18.6995906829834 21.242992401123047 18.735079954379326
1466.002 19.02305030822754 21.242992401123047 18.96793324245785
1466.017 19.35671043395996 21.242992401123047 19.198007523139154
1466.032 19.51668930053711 21.242992401123047 19.419699228985742
1466.052 19.862518310546875 21.242992401123047 19.629225319408793
1466.067 20.05876350402832 21.242992401123047 19.824212549172575
1466.082 20.273574829101562 21.242992401123047 20.003363949842537
1466.102 20.372005462646484 21.242992401123047 20.166189911580467
1466.117 20.446687698364258 20.449254989624023 20.290744768074617
1466.132 20.49875831604004 20.449254989624023 20.38441214222386
1466.152 20.479084014892578 20.449254989624023 20.453341616040134
1466.167 20.45692253112793 20.449254989624023 20.502627553844274
1466.182 20.42477035522461 20.449254989624023 20.536466570492625
1466.202 20.385398864746094 20.449254989624023 20.558295321091528
1466.217 20.374296188354492 20.449254989624023 20.57091036028592
1466.232 20.366506576538086 20.449254989624023 20.576571821984615
1466.252 20.41990089416504 18.462467193603516 20.53917772363671
1466.267 20.397724151611328 18.462467193603516 20.4587280652422
1466.282 20.313552856445312 18.462467193603516 20.345620781252027
1466.302 20.180177688598633 18.462467193603516 20.21225073539499
1466.317 19.92987823486328 18.462467193603516 20.06806376771525
1466.332 19.818145751953125 18.462467193603516 19.920129866853514
1466.352 19.584625244140625 18.462467193603516 19.773619939385952
1466.367 19.423912048339844 18.462467193603516 19.63220024679511
1466.382 19.280241012573242 18.462467193603516 19.498356880994645
1466.402 19.169466018676758 16.970386505126953 19.332214397494457
1466.417 19.031396865844727 16.970386505126953 19.147539282920928
1466.432 18.879323959350586 16.970386505126953 18.95471231451415
1466.452 18.612905502319336 16.970386505126953 18.76139948955068
1466.467 18.35794448852539 16.970386505126953 18.57310826864897
1466.482 18.272939682006836 16.970386505126953 18.393646176154594
1466.502 18.046770095825195 16.970386505126953 18.225496684199832
1466.517 17.92418670654297 16.970386505126953 18.070125375506134
1466.532 17.821178436279297 16.970386505126953 17.928227634763488
1466.552 17.687883377075195 15.389954566955566 17.756026663423345
1466.567 17.585798263549805 15.389954566955566 17.5668917380834
1466.582 17.38654136657715 15.389954566955566 17.37087456110128
1466.602 17.123624801635742 15.389954566955566 17.17537002602809
1466.617 16.889724731445312 15.389954566955566 16.985663566411663
1466.632 16.585941314697266 15.389954566955566 16.805382018548137
1466.652 16.426443099975586 15.389954566955566 16.636862811931262
1466.667 16.301422119140625 15.389954566955566 16.481454372594975
1466.687 16.194869995117188 15.389954566955566 16.339758884492333
1466.702 16.067920684814453 15.389954566955566 16.21182699742902
1466.717 16.002674102783203 15.389954566955566 16.097312688140722
1466.732 15.952658653259277 15.389954566955566 15.995595262760496
1466.752 15.86750602722168 15.389954566955566 15.90587442165835
1466.767 15.848843574523926 15.389954566955566 15.827243378291021
1466.782 15.842192649841309 15.389954566955566 15.758744219013359
1466.802 15.77703857421875 15.389954566955566 15.699408997806424
1466.817 15.73047161102295 15.389954566955566 15.648289466175765
1466.832 15.704496383666992 15.389954566955566 15.604477832424555
1466.852 15.605493545532227 15.389954566955566 15.567120515332329
1466.867 15.568742752075195 15.389954566955566 15.535426495111134
1466.882 15.496464729309082 15.389954566955566 15.508671560439579
1466.902 15.455811500549316 16.067384719848633 15.505017002589415
1466.917 15.457674026489258 16.067384719848633 15.518019229959656
1466.932 15.480850219726562 16.067384719848633 15.542597646804868
1466.952 15.551700592041016 16.067384719848633 15.574789598730279
1466.967 15.646360397338867 16.067384719848633 15.611543696370568
1466.987 15.705971717834473 16.067384719848633 15.650546384442604
1467.002 15.786589622497559 16.067384719848633 15.690077154175823
1467.017 15.862946510314941 16.067384719848633 15.728888305373514
1467.032 15.872547149658203 16.067384719848633 15.766105642318989
1467.052 15.920089721679688 16.067384719848633 15.801146930717604
1467.067 15.918128967285156 16.067384719848633 15.83365534846608
1467.082 15.921692848205566 16.067384719848633 15.863445530587732
1467.102 15.89233684539795 12.630522727966309 15.850180152662785
1467.117 15.826333999633789 12.630522727966309 15.793859214691238
1467.132 15.72175407409668 12.630522727966309 15.694482716673091
1467.152 15.46342658996582 12.630522727966309 15.552050658608344
1467.167 15.257929801940918 12.630522727966309 15.368820790339404
1467.182 14.984179496765137 12.630522727966309 15.161442211120919
1467.202 14.557584762573242 12.630522727966309 14.942517572769043
1467.217 14.300012588500977 12.630522727966309 14.721399499464063
1467.232 14.069698333740234 12.630522727966309 14.504851633818696
1467.252 13.827397346496582 12.630522727966309 14.29759430271277
1467.267 13.721510887145996 12.630522727966309 14.102752336576286
1467.282 13.63354778289795 12.630522727966309 13.922220325886107
1467.302 13.58322811126709 12.630523681640625 13.756958588143087
1467.317 13.57084846496582 12.630523681640625 13.607231150091582
1467.332 13.505352020263672 12.630523681640625 13.472795722524705
1467.352 13.463401794433594 12.630523681640625 13.35305388673444
1467.367 13.423709869384766 12.630523681640625 13.247168620619185
1467.382 13.345344543457031 12.630523681640625 13.154155153598483
1467.402 13.187606811523438 12.630523681640625 13.072950183425414
1467.417 13.124378204345703 12.630523681640625 13.002463663003194
1467.432 12.989020347595215 12.630523681640625 12.94161665718221
1467.452 12.838516235351562 12.630523681640625 12.889368164798777
1467.467 12.779666900634766 12.630523681640625 12.844733287413899
1467.482 12.700401306152344 12.630523681640625 12.806794691833275
1467.502 12.66820240020752 12.630523681640625 12.774708948100582
1467.517 12.655257225036621 12.630523681640625 12.747709018857957
1467.537 12.676996231079102 15.796643257141113 12.763764649661933
1467.552 12.69716739654541 15.796643257141113 12.82287584051251
1467.567 12.894108772277832 15.796643257141113 12.925042591409685
1467.582 12.932321548461914 15.796643257141113 13.070264902353461
1467.602 13.43415641784668 15.796643257141113 13.250073629694194
1467.617 13.827159881591797 15.796643257141113 13.449674600883434
1467.632 14.024574279785156 15.796643257141113 13.65791554120471
1467.652 14.358063697814941 15.796643257141113 13.866563988108426
1467.667 14.558821678161621 15.796643257141113 14.069708690593885
1467.682 14.755342483520508 15.796643257141113 14.26326613400328
1467.702 14.783184051513672 15.796643257141113 14.444576112338748
1467.717 14.92282485961914 15.796643257141113 14.612072352073119
1467.732 14.94933795928955 15.796643257141113 14.765016072202894
1467.752 14.916427612304688 13.497088432312012 14.874904232286069
1467.767 14.894930839538574 13.497088432312012 14.941736832322643
1467.782 14.817151069641113 13.497088432312012 14.965513872312618
1467.807 14.746588706970215 13.497088432312012 14.946235352255993
1467.817 14.619976997375488 13.497088432312012 14.89216499452524
1467.837 14.479450225830078 13.497088432312012 14.814662441513557
1467.852 14.354805946350098 13.497088432312012 14.722519664482792
1467.867 14.257476806640625 13.497088432312012 14.622444248972526
1467.882 14.222845077514648 13.497088432312012 14.519463648945528
1467.902 14.187643051147461 13.497088432312012 14.417261572579157
1467.917 14.170754432678223 13.497088432312012 14.318456385019923
1467.932 14.151083946228027 13.497088432312012 14.224830223218534
1467.952 14.124112129211426 10.657233238220215 14.088148501370545
1467.972 13.98040771484375 10.657233238220215 13.908411219475957
1467.987 13.905545234680176 10.657233238220215 13.689288994541364
1468.002 13.67492961883545 10.657233238220215 13.448027623448727
1468.017 13.18591022491455 10.657233238220215 13.197601570054923
1468.032 12.930877685546875 10.657233238220215 12.947563774467245
1468.052 12.43680191040039 10.657233238220215 12.704749725347904
1468.067 12.19163703918457 10.657233238220215 12.473857529825429
1468.082 11.713876724243164 10.657233238220215 12.257923001971381
1468.102 11.368996620178223 10.657233238220215 12.058706317680283
1468.117 11.258898735046387 10.657233238220215 11.877004551725342
1468.132 11.19580364227295 10.657233238220215 11.712902415455495
1468.152 11.292430877685547 8.783186912536621 11.51391489220615
1468.167 11.29983139038086 8.783186912536621 11.295453607248259
1468.182 11.271678924560547 8.783186912536621 11.069104496346595
1468.202 11.012752532958984 8.783186912536621 10.843389919593777
1468.217 10.791434288024902 8.783186912536621 10.624399942313165
1468.232 10.635178565979004 8.783186912536621 10.41631231678057
1468.252 10.138160705566406 8.783186912536621 10.221818255596222
1468.267 9.869842529296875 8.783186912536621 10.042468862034795
1468.282 9.624180793762207 8.783186912536621 9.87895507483125
1468.302 9.497337341308594 8.783186912536621 9.731332188735168
1468.317 9.278579711914062 8.783186912536621 9.599198417683903
1468.332 9.253399848937988 8.783186912536621 9.481835561764592
1468.352 9.245821952819824 8.783186912536621 9.378318607809392
1468.367 9.25087833404541 8.783186912536621 9.287600021300339
1468.382 9.234831809997559 8.783186912536621 9.208573558937783
1468.402 9.266297340393066 8.783186912536621 9.140121631779822
1468.417 9.225244522094727 8.783186912536621 9.081149563981619
1468.432 9.191564559936523 7.970732688903809 9.008041333183689
1468.457 9.041580200195312 7.970732688903809 8.926832970178836
1468.467 8.942280769348145 7.970732688903809 8.842075300641927
1468.487 8.825908660888672 7.970732688903809 8.757128341431098
1468.502 8.600680351257324 7.970732688903809 8.67440536262541
1468.517 8.477202415466309 7.970732688903809 8.595574097172609
1468.532 8.406391143798828 7.970732688903809 8.521721650500632
1468.552 8.235811233520508 7.970732688903809 8.453488814280659
1468.567 8.181631088256836 7.970732688903809 8.391178722227613
1468.587 8.146839141845703 7.970732688903809 8.334844099477582
1468.602 8.18017578125 7.970732688903809 8.284356747101583
1468.617 8.191012382507324 7.970732688903809 8.239462365008409
1468.632 8.213217735290527 7.970732688903809 8.19982334450128
1468.652 8.223529815673828 7.970732688903809 8.165051750404318
1468.667 8.241000175476074 7.970732688903809 8.134734356210606
1468.682 8.228384017944336 7.970732688903809 8.108451288474958
1468.702 8.191389083862305 7.970732688903809 8.085789573265675
1468.717 8.150691032409668 7.970732688903809 8.066352652801582
1468.732 8.096064567565918 7.970732688903809 8.04976674970421
1468.752 8.049044609069824 7.970732688903809 8.035684795256063
1468.767 8.02456283569336 7.559166431427002 8.012356105511486
1468.782 7.970287799835205 7.559166431427002 7.9830486081682706
1468.802 7.893453121185303 7.559166431427002 7.950270396034386
1468.817 7.85879373550415 7.559166431427002 7.915915344339391
1468.832 7.816649913787842 7.559166431427002 7.881384531406636
1468.852 7.755515098571777 7.559166431427002 7.847686945604267
1468.867 7.73538875579834 7.559166431427002 7.815522550047399
1468.882 7.716833591461182 7.559166431427002 7.785350396335813
1468.902 7.708619117736816 7.559166431427002 7.75744413138554
1468.917 7.693321704864502 7.559166431427002 7.731936927454645
1468.932 7.701112747192383 7.559166431427002 7.708857584068617
1468.952 7.689455509185791 7.559166431427002 7.688159300309239
1468.967 7.712754249572754 7.559166431427002 7.669742394967065
1468.982 7.705225944519043 7.559166431427002 7.6534720582141516
1469.002 7.694566249847412 7.559166431427002 7.63919204943099
1469.017 7.668179512023926 7.559166431427002 7.626735109282093
1469.032 7.632322788238525 7.559166431427002 7.615930727778818
1469.052 7.61605978012085 7.559166431427002 7.606610801686884
1469.067 7.609525203704834 7.559166431427002 7.598613622147365
1469.082 7.571844100952148 7.559166431427002 7.591786554850133
1469.102 7.538217067718506 7.559166431427002 7.585987708753954
1469.117 7.540699005126953 7.559166431427002 7.581086833578364
1469.132 7.521773338317871 7.559166431427002 7.576965639651672
1469.152 7.564589977264404 7.559166431427002 7.573517694896183
1469.167 7.585746765136719 7.559166431427002 7.570648021623307
1469.182 7.595458507537842 7.559166431427002 7.568272489392542
1469.202 7.569056510925293 7.559166431427002 7.566317078581281
1469.217 7.589508533477783 7.559166431427002 7.564717071753768
1469.232 7.610889911651611 7.559166431427002 7.56341621574809
1469.252 7.570954322814941 7.559166431427002 7.562365886053121
1469.267 7.57299280166626 7.559166431427002 7.561524276038363
1469.282 7.557098865509033 7.559166431427002 7.5608556265164095
1469.307 7.548961639404297 7.559166431427002 7.560329505611512
1469.317 7.550065040588379 7.559166431427002 7.5599201446845035
1469.332 7.534971237182617 7.559166431427002 7.5596058328779705
1469.362 7.5621418952941895 7.559166431427002 7.5593683704908
1469.367 7.5621418952941895 7.559166431427002 7.559192579697813
1469.382 7.561144828796387 7.559166431427002 7.559065869957838
1469.402 7.569418430328369 7.559166431427002 7.558977854687163
1469.417 7.565224647521973 7.559166431427002 7.558920015321133
1469.432 7.5486369132995605 7.559166431427002 7.558885408668877
1469.452 7.5563883781433105 7.559166431427002 7.558868413423811
1469.467 7.594595432281494 7.559166431427002 7.558864511777162
1469.487 7.569866180419922 7.559166431427002 7.558870102254936
1469.502 7.554878234863281 7.559166431427002 7.5588823401306735
1469.517 7.554903984069824 7.559166431427002 7.558899002033826
1469.532 7.547004699707031 7.559166431427002 7.558918371659202
1469.552 7.540287494659424 7.559166431427002 7.5589391437735935
1469.567 7.552301406860352 11.057500839233398 7.602015475934585
1469.582 7.589108943939209 11.057500839233398 7.688147368142176
1469.602 7.74215841293335 11.057500839233398 7.8173348203963675
1469.622 8.133651733398438 11.057500839233398 7.989577832697159
1469.632 8.213275909423828 11.057500839233398 8.198238748038204
1469.652 8.603547096252441 11.057500839233398 8.427203022878114
1469.667 8.928791999816895 11.057500839233398 8.664357918983224
1469.687 9.222776412963867 11.057500839233398 8.900795123517298
1469.712 9.818564414978027 11.057500839233398 9.130150281625056
1469.717 9.917133331298828 11.057500839233398 9.348058995953291
1469.732 10.019716262817383 11.057500839233398 9.55171140526818
1469.752 10.038190841674805 11.057500839233398 9.739489784240908
1469.767 10.06368637084961 11.057500839233398 9.910675708409668
1469.782 10.100167274475098 11.057500839233398 10.065215208491194
1469.802 10.120865821838379 11.057500839233398 10.203532007217262
1469.817 10.147374153137207 11.057500839233398 10.326380403179595
1469.832 10.174677848815918 11.057500839233398 10.434730654923817
1469.852 10.335655212402344 11.057500839233398 10.529680840663573
1469.867 10.440790176391602 11.057500839233398 10.612390140530259
1469.882 10.574501991271973 11.057500839233398 10.684029324910629
1469.902 10.744404792785645 13.36890983581543 10.798724069337599
1469.917 10.901836395263672 13.36890983581543 10.952316024331227
1469.932 11.12696647644043 13.36890983581543 11.129517869350217
1469.952 11.510364532470703 13.36890983581543 11.318717861218984
1469.967 11.711774826049805 13.36890983581543 11.511260968941576
1469.982 12.062507629394531 13.36890983581543 11.700851556093165
1470.002 12.349956512451172 13.36890983581543 11.883059764464512
1470.017 12.492707252502441 13.36890983581543 12.054915928503078
1470.042 12.5943021774292 13.36890983581543 12.214579344757107
1470.052 12.686653137207031 13.36890983581543 12.361069529920494
1470.067 12.679863929748535 13.36890983581543 12.49404972742904
1470.082 12.641048431396484 13.36890983581543 12.61365387255738
1470.102 12.643056869506836 13.36890983581543 12.720349509299673
1470.117 12.642897605895996 13.36890983581543 12.814830280559617
1470.132 12.663710594177246 13.36890983581543 12.897932598928959
1470.152 12.74316120147705 16.498836517333984 13.0240904773449
1470.167 12.927071571350098 16.498836517333984 13.193303915807443
1470.182 13.170973777770996 16.498836517333984 13.405572914316584
1470.202 13.616877555847168 16.498836517333984 13.643623024713383
1470.217 13.926000595092773 16.498836517333984 13.893537094492387
1470.232 14.22299575805664 16.498836517333984 14.145011610102017
1470.252 14.66950798034668 16.498836517333984 14.390619041260523
1470.267 14.983552932739258 16.498836517333984 14.625199299294161
1470.282 15.29040813446045 16.498836517333984 14.845360631126198
1470.307 15.649932861328125 16.498836517333984 15.049072806204691
1470.317 15.927289962768555 16.498836517333984 15.23533774706601
1470.332 15.972500801086426 16.498836517333984 15.403924810321444
1470.352 15.958053588867188 16.498836517333984 15.55515975375276
1470.367 15.900408744812012 19.30722427368164 15.749450257230675
1470.382 15.894195556640625 19.30722427368164 15.986796320755191
1470.402 16.066980361938477 19.30722427368164 16.249128448864784
1470.417 16.241355895996094 19.30722427368164 16.522080251905766
1470.432 16.521041870117188 19.30722427368164 16.795060826504205
1470.452 16.940906524658203 19.30722427368164 17.060479226188605
1470.467 17.338043212890625 19.30722427368164 17.313105333202753
1470.482 17.548730850219727 19.30722427368164 17.549546238065442
1470.502 17.974416732788086 19.30722427368164 17.76781994469416
1470.517 18.40194320678711 19.30722427368164 17.967010667040423
1470.532 18.5679874420166 19.30722427368164 18.14699217473504
1470.552 18.770605087280273 17.532644271850586 18.283918122383056
1470.567 18.83213996887207 17.532644271850586 18.377788509984473
1470.582 18.767658233642578 17.532644271850586 18.42860333753929
1470.602 18.566194534301758 17.532644271850586 18.44013287544867
1470.617 18.373741149902344 17.532644271850586 18.423187691384005
1470.632 18.136869430541992 17.532644271850586 18.386306323265163
1470.652 17.857723236083984 17.532644271850586 18.336161839423365
1470.667 17.857723236083984 17.532644271850586 18.277905025317
1470.682 17.748641967773438 17.532644271850586 18.215452619645987
1470.702 17.715946197509766 15.125027656555176 18.109944653928373
1470.717 17.726964950561523 15.125027656555176 17.96138112816416
1470.732 17.64649200439453 15.125027656555176 17.776122998910026
1470.752 17.45924949645996 15.125027656555176 17.569713130713073
1470.767 17.272159576416016 15.125027656555176 17.353878124634303
1470.782 17.082271575927734 15.125027656555176 17.137283854007066
1470.802 16.796682357788086 15.125027656555176 16.926161951942973
1470.817 16.574005126953125 15.125027656555176 16.72482641182621
1470.832 16.37516212463379 15.125027656555176 16.53609708543591
1470.852 16.094816207885742 15.125027656555176 16.36164469386541
1470.867 16.029542922973633 15.125027656555176 16.202270005642784
1470.882 15.939030647277832 15.125027656555176 16.058128079731294
1470.902 15.828269958496094 15.125027656555176 15.928906909388427
1470.917 15.778695106506348 15.125027656555176 15.813968424310973
1470.932 15.695939064025879 15.125027656555176 15.7124585994923
1470.952 15.661946296691895 15.125027656555176 15.623392365310844
1470.967 15.631070137023926 15.125027656555176 15.545718099887509
1470.982 15.574702262878418 15.125027656555176 15.478365697281529
1471.002 15.489439964294434 15.125027656555176 15.420281529809664
1471.017 15.426891326904297 15.125027656555176 15.370453046645029
1471.032 15.372627258300781 15.125027656555176 15.327925261788641
1471.052 15.341878890991211 15.125027656555176 15.291810971425624
1471.067 15.255727767944336 17.88343620300293 15.298752241109208
1471.082 15.251672744750977 17.88343620300293 15.348749070839391
1471.102 15.417513847351074 17.88343620300293 15.441801460616176
1471.117 15.529447555541992 17.88343620300293 15.576312199610868
1471.132 15.744148254394531 17.88343620300293 15.736798345126175
1471.152 16.10740089416504 17.88343620300293 15.911442249312547
1471.167 16.369140625 17.88343620300293 16.09138132693722
1471.182 16.55179786682129 17.88343620300293 16.270116970547935
1471.202 16.882251739501953 17.88343620300293 16.44302527362603
1471.217 17.058433532714844 17.88343620300293 16.606954307155366
1471.232 17.147371292114258 17.88343620300293 16.759894612901096
1471.252 17.174741744995117 19.413772583007812 16.943220669951312
1471.267 17.236597061157227 19.413772583007812 17.14323079064927
1471.282 17.30982208251953 19.413772583007812 17.349641986115994
1471.302 17.52381706237793 19.413772583007812 17.554906973489164
1471.317 17.705780029296875 19.413772583007812 17.753648705946
1471.332 17.906917572021484 19.413772583007812 17.942194834887324
1471.352 18.257362365722656 19.413772583007812 18.118196721776297
1471.367 18.3895206451416 19.413772583007812 18.28031962690069
1471.382 18.52579689025879 19.413772583007812 18.427992514131244
1471.402 18.705265045166016 19.413772583007812 18.561207530344912
1471.417 18.803058624267578 21.552968978881836 18.73747810660518
1471.432 18.961467742919922 21.552968978881836 18.942013438263494
1471.452 19.314626693725586 21.552968978881836 19.161123639956266
1471.467 19.462804794311523 21.552968978881836 19.384592769832032
1471.482 19.6961669921875 21.552968978881836 19.60497832169716
1471.502 20.057849884033203 21.552968978881836 19.817032154509867
1471.517 20.245079040527344 21.552968978881836 20.017224537265577
1471.532 20.418922424316406 21.552968978881836 20.20335531422134
1471.552 20.655029296875 24.08243179321289 20.43254165122371
1471.567 20.784011840820312 24.08243179321289 20.698177703874897
1471.582 21.001005172729492 24.08243179321289 20.982557272192484
1471.602 21.406076431274414 24.08243179321289 21.272470259850106
1471.617 21.69654083251953 24.08243179321289 21.558295725233602
1471.632 22.015071868896484 24.08243179321289 21.83325220262556
1471.652 22.411394119262695 24.08243179321289 22.09278155805996
1471.667 22.645313262939453 24.08243179321289 22.334045660138713
1471.682 22.841400146484375 24.08243179321289 22.5555178829368
1471.702 23.100488662719727 24.70672607421875 22.773995428660253
1471.717 23.18729591369629 24.70672607421875 22.984257967843565
1471.732 23.252126693725586 24.70672607421875 23.182792459096856
1471.752 23.41345977783203 24.70672607421875 23.367407001952433
1471.767 23.519351959228516 24.70672607421875 23.536917399714444
1471.782 23.64208221435547 24.70672607421875 23.69089453773139
1471.802 23.79060173034668 24.70672607421875 23.82946236332507
1471.817 23.937715530395508 24.70672607421875 23.95313774190847
1471.832 24.0539493560791 26.13385772705078 24.10234732286039
1471.852 24.25885772705078 26.13385772705078 24.265711704118104
1471.867 24.443525314331055 26.13385772705078 24.434682458766417
1471.882 24.648435592651367 26.13385772705078 24.60297748169867
1471.902 24.949798583984375 26.13385772705078 24.76611336800865
1471.917 25.082563400268555 26.13385772705078 24.92102032027873
1471.932 25.323570251464844 26.13385772705078 25.065726898596584
1471.952 25.452913284301758 27.788034439086914 25.245052939376308
1471.967 25.585880279541016 27.788034439086914 25.444208314978663
1471.982 25.76288604736328 27.788034439086914 25.65204261923378
1472.002 26.01964569091797 27.788034439086914 25.86032364650807
1472.017 26.231721878051758 27.788034439086914 26.0631392405784
1472.032 26.41779136657715 27.788034439086914 26.256404173843723
1472.052 26.623294830322266 27.788034439086914 26.43745599607813
1472.067 26.764406204223633 27.19113540649414 26.588145340699352
1472.082 26.868976593017578 27.19113540649414 26.712889094581485
1472.102 26.905208587646484 27.19113540649414 26.81557340418139
1472.117 26.930904388427734 27.19113540649414 26.89959610347415
1472.132 26.930553436279297 27.19113540649414 26.96791068487652
1472.152 26.935041427612305 27.19113540649414 27.023070154563786
1472.167 26.95512580871582 27.19113540649414 27.06726958673182
1472.182 26.955425262451172 24.67778205871582 27.06841345885325
1472.202 26.939189910888672 24.67778205871582 27.026501770928082
1472.217 26.877565383911133 24.67778205871582 26.941534522956314
1472.232 26.791881561279297 24.67778205871582 26.817759310377433
1472.252 26.518484115600586 24.67778205871582 26.669609924444963
1472.267 26.30323600769043 24.67778205871582 26.5081076424522
1472.282 26.128597259521484 21.86894989013672 26.303549800412835
1472.302 25.825119018554688 21.86894989013672 26.05593639832687
1472.317 25.505542755126953 21.86894989013672 25.765267436194307
1472.332 25.201995849609375 21.86894989013672 25.448723630059092
1472.352 24.715879440307617 21.86894989013672 25.122429070525254
1472.367 24.384044647216797 21.86894989013672 24.798210209910074
1472.382 24.090211868286133 21.86894989013672 24.4844850138902
1472.402 23.73973846435547 18.832393646240234 24.137818329143457
1472.417 23.47125816345215 18.832393646240234 23.791151644396713
1472.432 23.169633865356445 18.832393646240234 23.44448495964997
1472.452 22.690715789794922 18.832393646240234 23.097818274903226
1472.467 22.354183197021484 18.832393646240234 22.751151590156482
1472.487 22.014694213867188 18.832393646240234 22.40448490540974
1472.502 21.64935302734375 18.832393646240234 22.057818220662995
1472.517 21.396574020385742 18.832393646240234 21.71115153591625
1472.532 21.203033447265625 18.832393646240234 21.364484851169507
1472.552 20.957866668701172 16.291866302490234 21.017818166422764
1472.567 20.694488525390625 16.291866302490234 20.67115148167602
1472.582 20.341670989990234 16.291866302490234 20.324484796929276
1472.602 19.84963035583496 16.291866302490234 19.977818112182533
1472.622 19.45228385925293 16.291866302490234 19.63115142743579
1472.632 19.081449508666992 16.291866302490234 19.284484742689045
1472.652 18.650495529174805 16.291866302490234 18.9378180579423
1472.667 18.346521377563477 16.291866302490234 18.611170355971648
1472.682 18.113178253173828 16.291866302490234 18.312647721736113
1472.702 17.729578018188477 14.600948333740234 17.995603733413123
1472.717 17.536115646362305 14.600948333740234 17.67409288663985
1472.732 17.378629684448242 14.600948333740234 17.358311649162925
1472.752 17.092966079711914 14.600948333740234 17.05540833355303
1472.767 16.670610427856445 14.600948333740234 16.770148176957687
1472.782 16.382755279541016 14.600948333740234 16.505456178127346
1472.802 16.01765251159668 14.600948333740234 16.262857248347988
1472.817 15.815195083618164 14.600948333740234 16.042830544258816
1472.832 15.676468849182129 14.600948333740234 15.845092455109613
1472.852 15.488370895385742 14.600948333740234 15.668820598276222
1472.867 15.413124084472656 13.588811874389648 15.484714410682379
1472.882 15.3007173538208 13.588811874389648 15.300107680792582
1472.902 15.129746437072754 13.588811874389648 15.120270194185464
1472.917 14.97691822052002 13.588811874389648 14.948846151453948
1472.932 14.805492401123047 13.588811874389648 14.788213522837076
1472.952 14.571779251098633 13.588811874389648 14.639776758769907
1472.967 14.436296463012695 13.588811874389648 14.50420360799287
1472.982 14.305839538574219 13.588811874389648 14.381615301131413
1473.002 14.120256423950195 13.588811874389648 14.271738029985586
1473.017 14.0828857421875 13.588811874389648 14.174022480987214
1473.032 14.04640007019043 13.588811874389648 14.087737153770105
1473.052 13.982900619506836 13.588811874389648 14.012040300222257
1473.067 13.931386947631836 13.588811874389648 13.946034543243238
1473.082 13.906832695007324 13.588811874389648 13.888807565436007
1473.102 13.86109733581543 13.588811874389648 13.839461684343735
1473.117 13.830351829528809 13.588811874389648 13.797134641509599
1473.132 13.781519889831543 13.588811874389648 13.761013517302553
1473.152 13.772043228149414 13.588811874389648 13.73034333268585
1473.167 13.744709968566895 13.588811874389648 13.704431604356563
1473.182 13.754727363586426 13.588811874389648 13.682649873269387
1473.202 13.66350269317627 13.588811874389648 13.664433021626897
1473.217 13.65852165222168 13.588811874389648 13.649277023909937
1473.232 13.61584186553955 13.588811874389648 13.636735638108206
1473.252 13.627799034118652 14.343828201293945 13.647389107272879
1473.267 13.629414558410645 14.343828201293945 13.674369625757505
1473.282 13.669388771057129 14.343828201293945 13.71230173708853
1473.302 13.805681228637695 14.343828201293945 13.757028819928543
1473.317 13.875732421875 14.343828201293945 13.805383213152213
1473.332 13.938382148742676 14.343828201293945 13.854994001034253
1473.352 14.032876014709473 14.343828201293945 13.904127127484648
1473.367 14.061875343322754 14.343828201293945 13.95155312070566
1473.387 14.120635032653809 14.343828201293945 13.996438279632843
1473.402 14.143560409545898 14.343828201293945 14.03825569725341
1473.417 14.171286582946777 14.343828201293945 14.076712971927831
1473.432 14.1198148727417 14.343828201293945 14.111693886465895
1473.462 14.147241592407227 17.002717971801758 14.18973036105056
1473.467 14.147241592407227 17.002717971801758 14.310822395681823
1473.482 14.235969543457031 17.002717971801758 14.47237990362559
1473.502 14.614083290100098 17.002717971801758 14.658449957823263
1473.517 14.91412353515625 17.002717971801758 14.856918723318284
1473.532 15.324456214904785 17.002717971801758 15.058760209887717
1473.552 15.527629852294922 17.002717971801758 15.25741210463222
1473.567 15.919655799865723 17.002717971801758 15.448260016519724
1473.582 16.12877082824707 17.002717971801758 15.628213742702963
1473.602 16.2731990814209 17.002717971801758 15.795361254154853
1473.617 16.320266723632812 17.002717971801758 15.948687991658328
1473.632 16.313522338867188 17.002717971801758 16.087850764883648
1473.652 16.272628784179688 14.370231628417969 16.183957978062367
1473.667 16.220781326293945 14.370231628417969 16.237009631194486
1473.682 16.149282455444336 14.370231628417969 16.247005724280005
1473.702 15.989625930786133 14.370231628417969 16.213946257318923
1473.717 15.851442337036133 14.370231628417969 16.139039339229353
1473.732 15.696666717529297 14.370231628417969 16.036222496391158
1473.752 15.522568702697754 14.370231628417969 15.916259564938953
1473.767 15.430373191833496 14.370231628417969 15.787340907565778
1473.782 15.305984497070312 14.370231628417969 15.655585054271036
1473.802 15.228840827941895 14.370231628417969 15.525455762469928
1473.817 15.194994926452637 14.370231628417969 15.40010687597563
1473.832 15.135741233825684 14.370231628417969 15.281665860424162
1473.852 15.120223999023438 11.541003227233887 15.120169284826094
1473.867 15.054295539855957 11.541003227233887 14.915617149181426
1473.882 14.771281242370605 11.541003227233887 14.675282169604653
1473.912 14.14492416381836 11.541003227233887 14.415978791423239
1473.917 14.052725791931152 11.541003227233887 14.150284266889596
1473.937 13.740626335144043 11.541003227233887 13.887389825127068
1473.952 13.415252685546875 11.541003227233887 13.633804733453143
1473.967 13.22861099243164 11.541003227233887 13.393935373597513
1473.982 12.877433776855469 11.541003227233887 13.170558659811093
1474.002 12.533514022827148 11.541003227233887 12.965206584827406
1474.017 12.428372383117676 11.541003227233887 12.778476392286096
1474.037 12.392216682434082 11.541003227233887 12.610278832220501
1474.052 12.333695411682129 11.541003227233887 12.46003514675559
1474.067 12.271276473999023 11.506044387817383 12.325860761657909
1474.082 12.278585433959961 11.506044387817383 12.206929774894094
1474.102 12.241334915161133 11.506044387817383 12.102226862243448
1474.117 12.176569938659668 11.506044387817383 12.01062915037399
1474.132 12.125921249389648 11.506044387817383 11.930967880021392
1474.152 11.98585319519043 11.506044387817383 11.862073872542323
1474.167 11.892894744873047 11.506044387817383 11.802810125926433
1474.182 11.801133155822754 11.506044387817383 11.752094281475669
1474.202 11.749994277954102 11.506044387817383 11.70891320705418
1474.217 11.547808647155762 11.506044387817383 11.672331525456931
1474.232 11.529810905456543 11.506044387817383 11.641495566547674
1474.252 11.506882667541504 11.506044387817383 11.615633929983398
1474.267 11.501648902893066 11.506044387817383 11.594055603227904
1474.282 11.532612800598145 11.506044387817383 11.57614637980003
1474.302 11.537508010864258 11.506044387817383 11.56136415884984
1474.317 11.574150085449219 15.27086067199707 11.58963749794625
1474.332 11.623456001281738 15.27086067199707 11.66096639708926
1474.357 11.817618370056152 15.27086067199707 11.77535085627887
1474.367 12.05062484741211 15.27086067199707 11.93279087551508
1474.382 12.118193626403809 15.27086067199707 12.13328645479789
1474.402 12.605079650878906 15.27086067199707 12.364129798778787
1474.417 12.940350532531738 15.27086067199707 12.61031005789876
1474.437 13.245174407958984 15.27086067199707 12.860643431397365
1474.452 13.660460472106934 15.27086067199707 13.106999497927887
1474.467 13.899330139160156 15.27086067199707 13.343661936405958
1474.482 14.039752960205078 15.27086067199707 13.566803317612907
1474.502 14.14663314819336 15.27086067199707 13.774056235628619
1474.517 14.200410842895508 15.27086067199707 13.964165395824454
1474.532 14.223773956298828 15.27086067199707 14.136707385946439
1474.552 14.237075805664062 15.27086067199707 14.291866737549546
1474.567 14.269577980041504 15.27086067199707 14.430258549365778
1474.582 14.32812786102295 15.27086067199707 14.552789407186646
1474.602 14.477486610412598 15.27086067199707 14.660549612917384
1474.617 14.504842758178711 15.27086067199707 14.754730845508155
1474.632 14.725156784057617 15.27086067199707 14.836564335259977
1474.652 14.95288372039795 15.27086067199707 14.907275456762802
1474.667 15.015045166015625 15.27086067199707 14.968051349827128
1474.682 15.122858047485352 15.27086067199707 15.020018776562795
1474.702 15.188385963439941 15.27086067199707 15.064229929444299
1474.717 15.214109420776367 15.27086067199707 15.10165433180346
1474.742 15.219039916992188 15.27086067199707 15.133175329547926
1474.752 15.217774391174316 15.529258728027344 15.166767695237736
1474.767 15.18863296508789 15.529258728027344 15.200911419891272
1474.782 15.19468879699707 15.529258728027344 15.234501848232469
1474.802 15.215356826782227 15.529258728027344 15.266762680006751
1474.817 15.235840797424316 15.529258728027344 15.297174499951632
1474.832 15.273420333862305 15.529258728027344 15.325416421915067
1474.852 15.330229759216309 15.529258728027344 15.351318752443051
1474.867 15.37020206451416 15.529258728027344 15.374824866553817
1474.882 15.414344787597656 15.529258728027344 15.395960744585356
1474.902 15.46630573272705 15.529258728027344 15.414810845677469
1474.917 15.462223052978516 12.47964859008789 15.390605386722982
1474.932 15.413248062133789 12.47964859008789 15.323344367721894
1474.952 15.195364952087402 12.47964859008789 15.213027788674207
1474.972 14.985727310180664 12.47964859008789 15.05965564957992
1474.982 14.871416091918945 12.47964859008789 14.878072081922955
1475.002 14.518832206726074 12.47964859008789 14.681314312729551
1475.017 14.20419979095459 12.47964859008789 14.479147193484728
1475.032 13.942909240722656 12.47964859008789 14.278719127347781
1475.052 13.555052757263184 12.47964859008789 14.085104829441425
1475.067 13.420437812805176 12.47964859008789 13.90175190750247
1475.082 13.338388442993164 12.47964859008789 13.730846108773637
1475.102 13.273919105529785 12.47964859008789 13.573608131954671
1475.117 13.23791217803955 10.650083541870117 13.379711892695918
1475.132 13.232210159301758 10.650083541870117 13.164929906438228
1475.152 13.052450180053711 10.650083541870117 12.941145968713853
1475.167 12.843090057373047 10.650083541870117 12.71712685371212
1475.182 12.5958890914917 10.650083541870117 12.499161948841998
1475.202 12.239496231079102 10.650083541870117 12.291590475799113
1475.217 11.961936950683594 10.650083541870117 12.097233503598119
1475.232 11.751483917236328 10.650083541870117 11.917745728818375
1475.252 11.461345672607422 10.650083541870117 11.75389998401252
1475.267 11.340975761413574 10.650083541870117 11.605815631620597
1475.282 11.267305374145508 10.650083541870117 11.473140398221261
1475.302 11.165812492370605 10.650083541870117 11.355193790073315
1475.317 11.154318809509277 10.650083541870117 11.25107899148374
1475.332 11.156488418579102 9.707723617553711 11.13359240028542
1475.352 11.079669952392578 9.707723617553711 11.009786208011015
1475.367 11.009073257446289 9.707723617553711 10.884890029647368
1475.382 10.833261489868164 9.707723617553711 10.762682033252297
1475.402 10.690408706665039 9.707723617553711 10.645795234148936
1475.417 10.541717529296875 9.707723617553711 10.535968815561992
1475.432 10.405923843383789 9.707723617553711 10.43425307040867
1475.452 10.219231605529785 9.707723617553711 10.341175412089676
1475.467 10.10393238067627 9.707723617553711 10.256873873319522
1475.482 10.03630542755127 9.707723617553711 10.18120359641756
1475.502 9.97993278503418 9.707723617553711 10.113821009415677
1475.517 9.957029342651367 9.707723617553711 10.05424967210945
1475.532 9.942303657531738 9.707723617553711 10.001931156511903
1475.552 9.916327476501465 9.707723617553711 9.956263788616592
1475.567 9.960700988769531 9.707723617553711 9.916631614605679
1475.582 9.961692810058594 9.707723617553711 9.882425556626758
1475.602 9.94433879852295 9.707723617553711 9.853058383433552
1475.617 9.905678749084473 9.380523681640625 9.818885944437875
1475.632 9.902503967285156 9.380523681640625 9.782218966203661
1475.652 9.77475643157959 9.380523681640625 9.744782762164771
1475.667 9.737598419189453 9.380523681640625 9.707835174309002
1475.682 9.64694595336914 9.380523681640625 9.672264083369186
1475.702 9.542476654052734 9.380523681640625 9.638667567827966
1475.717 9.494209289550781 9.380523681640625 9.607419401266718
1475.732 9.494573593139648 9.380523681640625 9.578722222823655
1475.752 9.462359428405762 9.380523681640625 9.552650396423054
1475.767 9.469171524047852 9.380523681640625 9.529184289756312
1475.787 9.482650756835938 9.380523681640625 9.508237451891288
1475.802 9.495807647705078 9.380523681640625 9.489677946631657
1475.817 9.497737884521484 9.380523681640625 9.473344904903822
1475.832 9.492877006530762 9.380523681640625 9.459061190991749
1475.852 9.484846115112305 9.380523681640625 9.4466429318563
1475.867 9.49427318572998 9.380523681640625 9.435906533628497
1475.882 9.46444320678711 9.380523681640625 9.426673702341535
1475.902 9.426225662231445 9.380523681640625 9.418774894902459
1475.917 9.431778907775879 9.380523681640625 9.412051549208627
1475.932 9.400059700012207 9.380523681640625 9.40635737737027
1475.952 9.393378257751465 9.380523681640625 9.401558951569582
1475.967 9.387055397033691 9.380523681640625 9.39753576670213
1475.982 9.376051902770996 9.380523681640625 9.394179926305574
1476.002 9.347099304199219 9.380523681640625 9.391395567235147
1476.017 9.365304946899414 9.380523681640625 9.389098113088915
1476.032 9.35538387298584 9.380523681640625 9.38721342564188
1476.052 9.376753807067871 9.380523681640625 9.385676906757714
1476.072 9.40349292755127 9.380523681640625 9.384432589756361
1476.082 9.438234329223633 9.380523681640625 9.383432248464795
1476.102 9.394047737121582 9.089292526245117 9.37454478852893
1476.117 9.389008522033691 9.089292526245117 9.360251767594058
1476.132 9.37979507446289 9.089292526245117 9.342481789757157
1476.152 9.35696029663086 9.089292526245117 9.322713603405472
1476.167 9.306735038757324 9.089292526245117 9.302062483992543
1476.182 9.255144119262695 9.089292526245117 9.281352238164521
1476.202 9.21509838104248 9.089292526245117 9.261174903072895
1476.217 9.166669845581055 9.089292526245117 9.241939968923266
1476.232 9.139174461364746 9.089292526245117 9.223914725883585
1476.252 9.13534164428711 9.089292526245117 9.207257129369264
1476.267 9.14295482635498 9.089292526245117 9.192042390573794
1476.282 9.141199111938477 9.089292526245117 9.178284331466138
1476.302 9.134871482849121 9.089292526245117 9.165952394461632
1476.322 9.153363227844238 9.089292526245117 9.154985065451388
1476.332 9.167713165283203 9.089292526245117 9.145300353543373
1476.352 9.170130729675293 9.089292526245117 9.136803870342954
1476.367 9.188617706298828 9.089292526245117 9.129394964478937
1476.387 9.183769226074219 9.089292526245117 9.122971291985406
1476.402 9.154521942138672 9.089292526245117 9.117432138758485
1476.417 9.137654304504395 9.089292526245117 9.112680756376362
1476.432 9.108689308166504 9.089292526245117 9.10862592594575
1476.452 9.100650787353516 9.089292526245117 9.105182925260472
1476.467 9.083266258239746 9.089292526245117 9.10227404146821
1476.482 9.065672874450684 9.089292526245117 9.099828743777374
1476.502 9.061965942382812 9.089292526245117 9.097783607728653
1476.517 9.072775840759277 9.089292526245117 9.096082063524811
1476.532 9.070330619812012 9.089292526245117 9.09467402525976
1476.557 9.089972496032715 9.089292526245117 9.093515445091281
1476.567 9.099632263183594 9.089292526245117 9.092567826007473
1476.582 9.100505828857422 9.089292526245117 9.09179771845297
1476.607 9.12382984161377 10.244174003601074 9.123256263754463
1476.617 9.142644882202148 10.244174003601074 9.176938161221434
1476.632 9.207066535949707 10.244174003601074 9.245055630104535
1476.652 9.361540794372559 10.244174003601074 9.32162643951176
1476.667 9.49470329284668 10.244174003601074 9.402128509019857
1476.682 9.668700218200684 10.244174003601074 9.483211812711454
1476.707 9.814745903015137 10.244174003601074 9.562459353332937
1476.717 9.82333755493164 10.244174003601074 9.638189942978864
1476.742 9.88929271697998 10.244174003601074 9.709296423434687
1476.757 9.904123306274414 10.244174003601074 9.775113778820579
1476.767 9.931051254272461 10.244174003601074 9.835312334588645
1476.782 9.898185729980469 10.244174003601074 9.889811901767873
1476.802 9.865403175354004 10.244174003601074 9.938713316851981
1476.817 9.890907287597656 10.244174003601074 9.982244350234398
1476.832 9.920575141906738 10.244174003601074 10.020717414645429
1476.852 9.98178768157959 10.244174003601074 10.054496905023262
1476.867 10.006341934204102 10.244174003601074 10.083974348138291
1476.892 10.117855072021484 10.24417495727539 10.109549865986455
1476.902 10.136374473571777 10.24417495727539 10.13161857299225
1476.917 10.180961608886719 10.24417495727539 10.150561045909841
1476.932 10.187908172607422 10.24417495727539 10.166736871252263
1476.952 10.209443092346191 10.24417495727539 10.18048060401143
1476.967 10.23214340209961 10.24417495727539 10.192099566727626
1476.982 10.214981079101562 10.24417495727539 10.201873028613084
1477.002 10.22761344909668 10.24417495727539 10.210052396516428
1477.017 10.211223602294922 10.24417495727539 10.216862125735132
1477.032 10.198667526245117 10.24417495727539 10.22250112141872
1477.052 10.21678638458252 10.24417495727539 10.227144452634114
1477.067 10.221600532531738 10.24417495727539 10.23094524289258
1477.082 10.218329429626465 10.24417495727539 10.23403663462617
1477.102 10.22783374786377 10.24417495727539 10.236533752092527
1477.117 10.245027542114258 10.24417495727539 10.23853560862818
1477.132 10.228389739990234 10.24417495727539 10.240126921039023
1477.152 10.24179458618164 10.24417495727539 10.241379807039351
1477.167 10.248785018920898 10.24417495727539 10.242355351724617
1477.182 10.25700855255127 10.24417495727539 10.24310503667188
1477.202 10.250056266784668 12.219648361206055 10.286910281665744
1477.217 10.293505668640137 12.219648361206055 10.371991214406831
1477.242 10.388399124145508 12.219648361206055 10.48428969660084
1477.252 10.641109466552734 12.219648361206055 10.61297468622537
1477.267 10.925651550292969 12.219648361206055 10.749828755848313
1477.282 11.003745079040527 12.219648361206055 10.888735830352239
1477.302 11.2673921585083 12.219648361206055 11.025255694740725
1477.317 11.545574188232422 12.219648361206055 11.156272506397627
1477.332 11.65282154083252 12.219648361206055 11.27970610741924
1477.352 11.690963745117188 12.219648361206055 11.394276362767155
1477.367 11.726357460021973 12.219648361206055 11.499312046421599
1477.382 11.72204875946045 12.219648361206055 11.594596962319656
1477.402 11.69363021850586 12.219648361206055 11.680247024640916
1477.417 11.676037788391113 12.219648361206055 11.756612940061867
1477.432 11.676076889038086 12.219648361206055 11.824203941358494
1477.452 11.738534927368164 12.219648361206055 11.883628726319387
1477.467 11.793770790100098 13.605778694152832 11.974053992092898
1477.482 11.888495445251465 13.605778694152832 12.084184455457205
1477.502 12.144159317016602 13.605778694152832 12.205377796946737
1477.517 12.342597007751465 13.605778694152832 12.331133052203342
1477.532 12.625557899475098 13.605778694152832 12.456664477026331
1477.557 12.904115676879883 13.605778694152832 12.578548505655288
1477.567 12.904115676879883 13.605778694152832 12.694432899250684
1477.582 13.044888496398926 13.605778694152832 12.802798543225043
1477.602 13.158363342285156 13.605778694152832 12.902765592991049
1477.617 13.208206176757812 13.605778694152832 12.993936787582024
1477.632 13.218364715576172 13.605778694152832 13.076271752646957
1477.657 13.190070152282715 13.605778694152832 13.149987004080655
1477.667 13.164948463439941 13.605778694152832 13.215477148119266
1477.682 13.17299747467041 13.605778694152832 13.273253461122112
1477.702 13.18066120147705 13.605778694152832 13.323896630912497
1477.717 13.242112159729004 13.605778694152832 13.368020959976223
1477.737 13.314953804016113 13.605778694152832 13.406247777346998
1477.752 13.33495807647705 13.605778694152832 13.439186188609469
1477.767 13.40356731414795 13.605778694152832 13.467419619608629
1477.782 13.452595710754395 13.605778694152832 13.491496886101272
1477.802 13.582128524780273 13.605778694152832 13.511926755064435
1477.817 13.609086036682129 13.605778694152832 13.529175159432752
1477.832 13.629569053649902 13.605778694152832 13.543664391828234
1477.852 13.655357360839844 13.605778694152832 13.555773738964323
1477.872 13.643461227416992 13.605778694152832 13.565841130910815
1477.882 13.610283851623535 13.605778694152832 13.574165471862809
1477.902 13.584373474121094 13.605778694152832 13.581009394577272
1477.917 13.560080528259277 13.605778694152832 13.586602241925927
1477.932 13.570082664489746 15.778499603271484 13.635250649321183
1477.957 13.57114028930664 15.778499603271484 13.726954616763038
1477.967 13.600858688354492 15.778499603271484 13.849663158755183
1477.982 13.830215454101562 15.778499603271484 13.991183074417114
1478.002 14.244282722473145 15.778499603271484 14.142253365085983
1478.017 14.53623104095459 15.778499603271484 14.295971693634623
1478.032 14.874701499938965 15.778499603271484 14.44731782860845
1478.052 15.048473358154297 15.778499603271484 14.592759831812032
1478.067 15.15351390838623 15.778499603271484 14.729930484601566
1478.082 15.217021942138672 15.778499603271484 14.85736304007499
1478.102 15.237259864807129 15.778499603271484 14.97427683237228
1478.117 15.215177536010742 15.778499603271484 15.080404572201763
1478.132 15.197803497314453 17.650089263916016 15.227842921948902
1478.152 15.221365928649902 17.650089263916016 15.400791698050854
1478.167 15.335667610168457 17.650089263916016 15.587218812826181
1478.182 15.576150894165039 17.650089263916016 15.778126871945446
1478.207 15.944952011108398 17.650089263916016 15.966943272249637
1478.217 16.26331901550293 17.650089263916016 16.149015749878398
1478.232 16.54050636291504 17.650089263916016 16.32119751367219
1478.252 16.83442497253418 17.650089263916016 16.481508105426133
1478.267 16.948883056640625 17.650089263916016 16.62885795160262
1478.282 17.084144592285156 17.650089263916016 16.762826211930495
1478.302 17.165193557739258 19.52824592590332 16.935654018808844
1478.317 17.241670608520508 19.52824592590332 17.13153039389342
1478.332 17.37187957763672 19.52824592590332 17.33848389819865
1478.357 17.599838256835938 19.52824592590332 17.547627302562436
1478.367 17.781715393066406 19.52824592590332 17.75253059565307
1478.382 17.972734451293945 19.52824592590332 17.948703383658835
1478.402 18.272541046142578 19.52824592590332 18.133170065136444
1478.417 18.44426918029785 19.52824592590332 18.30412329542189
1478.432 18.593612670898438 19.52824592590332 18.460643184549376
1478.457 18.794254302978516 19.52824592590332 18.602471404242117
1478.467 18.916933059692383 21.554973602294922 18.78612891809342
1478.482 19.047531127929688 21.554973602294922 18.994662494001133
1478.507 19.210735321044922 21.554973602294922 19.215231314080025
1478.517 19.500905990600586 21.554973602294922 19.438298479995808
1478.532 19.74671745300293 21.554973602294922 19.656959816247124
1478.552 20.09526252746582 21.554973602294922 19.86638971466347
1478.567 20.17732048034668 21.554973602294922 20.063386251649455
1478.582 20.515470504760742 21.554973602294922 20.246000086529232
1478.602 20.735551834106445 21.554973602294922 20.413233711391875
1478.622 20.859148025512695 18.720569610595703 20.537411776207918
1478.632 20.91295051574707 18.720569610595703 20.61853428097736
1478.667 20.818641662597656 18.720569610595703 20.656601225700204
1478.667 20.818641662597656 18.720569610595703 20.651612610376446
1478.682 20.569974899291992 18.720569610595703 20.60356843500609
1478.707 20.294143676757812 18.720569610595703 20.516831248344435
1478.717 19.949960708618164 18.720569610595703 20.40477343737659
1478.732 19.700502395629883 18.720569610595703 20.277681896659484
1478.752 19.522098541259766 18.720569610595703 20.143346504121276
1478.767 19.448030471801758 14.79170036315918 19.965955551536467
1478.787 19.396228790283203 14.79170036315918 19.74550903890506
1478.802 19.249155044555664 14.79170036315918 19.48200696622705
1478.817 19.09858512878418 14.79170036315918 19.175449333502442
1478.832 18.82354164123535 14.79170036315918 18.833978883813028
1478.857 18.19310188293457 14.79170036315918 18.487312199066285
1478.867 17.940650939941406 14.79170036315918 18.14064551431954
1478.882 17.58591079711914 14.79170036315918 17.793978829572797
1478.902 17.068645477294922 14.79170036315918 17.45977856269484
1478.922 16.756750106811523 14.79170036315918 17.146155085319723
1478.932 16.56308364868164 11.701061248779297 16.79948840057298
1478.952 16.135774612426758 11.701061248779297 16.452821715826236
1478.967 15.784335136413574 11.701061248779297 16.106155031079492
1478.982 15.299883842468262 11.701061248779297 15.75948834633275
1479.002 15.082627296447754 11.701061248779297 15.412821661586008
1479.022 14.462641716003418 11.701061248779297 15.066154976839266
1479.032 14.411697387695312 11.701061248779297 14.719488292092525
1479.052 14.11273193359375 11.701061248779297 14.372821607345783
1479.067 13.994117736816406 11.701061248779297 14.043227541024885
1479.082 13.751808166503906 11.701061248779297 13.741958283461077
1479.102 13.482499122619629 11.701061248779297 13.469357063115424
1479.117 13.306841850280762 11.701061248779297 13.224873525929715
1479.132 13.093544006347656 11.701061248779297 13.007332204667785
1479.152 12.782241821289062 9.916250228881836 12.765564197138813
1479.167 12.634552955627441 9.916250228881836 12.513149510163887
1479.187 12.2605619430542 9.916250228881836 12.260116222890678
1479.202 11.958510398864746 9.916250228881836 12.013668308570251
1479.217 11.656440734863281 9.916250228881836 11.778785687547197
1479.232 11.378732681274414 9.916250228881836 11.558716044480894
1479.252 11.051209449768066 9.916250228881836 11.355375415009743
1479.267 10.806548118591309 9.916250228881836 11.169672263109058
1479.282 10.744260787963867 9.916250228881836 11.001767724630774
1479.302 10.651185989379883 9.916250228881836 10.851282874286426
1479.317 10.58482837677002 9.916250228881836 10.717462268681796
1479.332 10.56679916381836 9.916250228881836 10.599301610993363
1479.357 10.522115707397461 9.916250228881836 10.495646156580507
1479.367 10.513712882995605 9.916250228881836 10.40526541611261
1479.382 10.462909698486328 9.916250228881836 10.32690879682842
1479.402 10.404894828796387 9.916250228881836 10.259346037199803
1479.417 10.333776473999023 9.916250228881836 10.201395620350288
1479.432 10.255582809448242 9.916250228881836 10.151943782986374
1479.452 10.167888641357422 9.916250228881836 10.109956256420503
1479.467 10.093449592590332 9.916250228881836 10.074484472786974
1479.482 10.028898239135742 9.916250228881836 10.04466763225127
1479.502 9.973681449890137 9.916250228881836 10.01973174650894
1479.517 9.942265510559082 9.916250228881836 9.998986541861496
1479.532 9.924464225769043 9.916250228881836 9.981820914348221
1479.552 9.929931640625 9.916250228881836 9.967697473431087
1479.567 9.922704696655273 9.916250228881836 9.95614658404041
1479.582 9.932059288024902 9.916250228881836 9.946760214611109
1479.602 9.939361572265625 9.916250228881836 9.93918581696682
1479.617 9.949792861938477 9.916250228881836 9.933120399031525
1479.632 9.948820114135742 9.916250228881836 9.928304900381153
1479.652 9.941916465759277 9.916250228881836 9.924518941065193
1479.667 9.942594528198242 9.916250228881836 9.921575983804537
1479.682 9.934558868408203 9.916250228881836 9.919318926825715
1479.702 9.95053768157959 9.916250228881836 9.917616127739135
1479.717 9.934985160827637 9.916250228881836 9.916357846780032
1479.732 9.937448501586914 12.951306343078613 9.95815512586753
1479.752 9.988280296325684 12.951306343078613 10.043007965001626
1479.767 10.1587553024292 12.951306343078613 10.170916364182323
1479.782 10.28574275970459 12.951306343078613 10.3398171113971
1479.802 10.646860122680664 12.951306343078613 10.533404019518542
1479.817 10.943496704101562 12.951306343078613 10.739305261249582
1479.832 11.227548599243164 12.951306343078613 10.948312295685303
1479.852 11.56743335723877 12.951306343078613 11.153739396618018
1479.867 11.729033470153809 12.951306343078613 11.350894569638688
1479.882 11.978616714477539 12.951306343078613 11.536644994622806
1479.902 12.073176383972168 12.951306343078613 11.709062282450384
1479.917 12.171117782592773 12.951306343078613 11.867134785906908
1479.932 12.153273582458496 12.951306343078613 12.010535957444349
1479.952 12.153032302856445 12.951306343078613 12.13943930836504
1479.967 12.1744384765625 12.951306343078613 12.254371905714452
1479.982 12.203129768371582 12.951306343078613 12.356099557395954
1480.002 12.29155158996582 15.5440034866333 12.500882769124056
1480.017 12.412077903747559 15.5440034866333 12.688721540898758
1480.032 12.666111946105957 15.5440034866333 12.90265272021615
1480.052 13.208060264587402 15.5440034866333 13.12934092450823
1480.067 13.401604652404785 15.5440034866333 13.358874767956511
1480.082 13.710003852844238 15.5440034866333 13.584072045330501
1480.102 14.155279159545898 15.5440034866333 13.799905969835779
1480.117 14.413323402404785 15.5440034866333 14.003034104172993
1480.132 14.65612506866455 15.5440034866333 14.191413973646263
1480.152 14.839129447937012 15.5440034866333 14.363991478820452
1480.167 14.910882949829102 15.5440034866333 14.52045013639227
1480.182 14.917975425720215 15.5440034866333 14.661010879145808
1480.202 14.907383918762207 15.5440034866333 14.786273651030745
1480.217 14.874719619750977 16.562034606933594 14.925372000728643
1480.232 14.904606819152832 16.562034606933594 15.07052200420452
1480.252 15.038155555725098 16.562034606933594 15.215977081170296
1480.267 15.134721755981445 16.562034606933594 15.357610374906605
1480.282 15.34814739227295 16.562034606933594 15.492570465481887
1480.302 15.624899864196777 16.562034606933594 15.618999202094466
1480.317 15.789438247680664 16.562034606933594 15.73580189210984
1480.332 15.953288078308105 16.562034606933594 15.842461396033938
1480.352 16.138370513916016 16.562034606933594 15.938888852435573
1480.367 16.21162986755371 16.562034606933594 16.025304800862315
1480.382 16.280698776245117 16.562034606933594 16.102145392126086
1480.402 16.293203353881836 13.566715240478516 16.135930423343257
1480.417 16.240774154663086 13.566715240478516 16.12665989451383
1480.432 16.164379119873047 13.566715240478516 16.0743338056378
1480.452 15.926016807556152 13.566715240478516 15.978952156715168
1480.467 15.628838539123535 13.566715240478516 15.843588721734164
1480.482 15.46194839477539 13.566715240478516 15.683331769810485
1480.502 15.122076988220215 13.566715240478516 15.509686046907953
1480.517 14.921863555908203 13.566715240478516 15.33126853114107
1480.532 14.73259449005127 13.566715240478516 15.154387273180172
1480.552 14.574069023132324 13.566715240478516 14.983520368746722
1480.567 14.4807710647583 13.566715240478516 14.821710054315078
1480.582 14.44377613067627 13.566715240478516 14.670885027342838
1480.602 14.410489082336426 13.566715240478516 14.532122374073742
1480.617 14.354758262634277 13.566715240478516 14.405858940328745
1480.637 14.31802749633789 13.566715240478516 14.292060598361186
1480.652 14.28714370727539 13.566715240478516 14.190356637367639
1480.667 14.277983665466309 13.566715240478516 14.100145426215699
1480.682 14.18918514251709 13.566715240478516 14.020676552851572
1480.702 14.061149597167969 13.566715240478516 13.951113823678122
1480.717 13.945918083190918 13.566715240478516 13.89058279592909
1480.732 13.880146026611328 13.566715240478516 13.838205905013622
1480.752 13.740938186645508 13.566715240478516 13.793127725830015
1480.767 13.709437370300293 15.474258422851562 13.791105106693008
1480.782 13.715924263000488 15.474258422851562 13.832138047602601
1480.802 13.846651077270508 15.474258422851562 13.907159447607452
1480.817 13.976457595825195 15.474258422851562 14.004455314799706
1480.832 14.144193649291992 15.474258422851562 14.115011886554313
1480.852 14.435357093811035 15.474258422851562 14.232000946846913
1480.867 14.67819595336914 15.474258422851562 14.350350260705149
1480.882 14.75450611114502 15.474258422851562 14.46638694164857
1480.902 14.870780944824219 15.474258422851562 14.577542994230356
1480.917 14.93399715423584 15.474258422851562 14.682113594775748
1480.932 14.967618942260742 15.474258422851562 14.779059882252012
1480.952 14.985236167907715 15.474258422851562 14.867849126097273
1480.967 14.967167854309082 17.04850196838379 14.992055112589515
1480.982 15.033090591430664 17.04850196838379 15.138192930804076
1481.002 15.21159839630127 17.04850196838379 15.29598917716616
1481.017 15.390298843383789 17.04850196838379 15.457757400672204
1481.032 15.544829368591309 17.04850196838379 15.617878645506622
1481.052 15.9156494140625 17.04850196838379 15.772371742830257
1481.067 16.148622512817383 17.04850196838379 15.918539859147707
1481.082 16.30984115600586 17.04850196838379 16.05468151332363
1481.107 16.48113441467285 17.04850196838379 16.179855823435826
1481.117 16.53081703186035 17.04850196838379 16.29369313926528
1481.132 16.581565856933594 17.04850196838379 16.39624346136786
1481.152 16.58357810974121 17.04850196838379 16.487856151110762
1481.167 16.57132911682129 19.03685188293457 16.622524400900264
1481.182 16.6638240814209 19.03685188293457 16.78610130386687
1481.202 16.860944747924805 19.03685188293457 16.965852271182413
1481.217 17.07011604309082 19.03685188293457 17.152201568096103
1481.232 17.39070701599121 19.03685188293457 17.33810329789231
1481.252 17.663528442382812 19.03685188293457 17.518520333783513
1481.267 17.9852352142334 19.03685188293457 17.689995087604117
1481.282 18.084705352783203 19.03685188293457 17.850298017969962
1481.302 18.267112731933594 19.03685188293457 17.998141615383688
1481.317 18.350404739379883 19.03685188293457 18.13294925734264
1481.332 18.430028915405273 21.242992401123047 18.310812459348195
1481.352 18.60877227783203 21.242992401123047 18.519730536146813
1481.367 18.76272201538086 21.242992401123047 18.745101325571824
1481.382 18.994064331054688 21.242992401123047 18.97600292511005
1481.402 19.305631637573242 21.242992401123047 19.204454337824814
1481.417 19.579500198364258 21.242992401123047 19.42480391011497
1481.432 19.80843734741211 21.242992401123047 19.633226341462922
1481.452 20.09575843811035 21.242992401123047 19.82731147605943
1481.467 20.253856658935547 21.242992401123047 20.005730293894782
1481.482 20.38703727722168 21.242992401123047 20.167965506159316
1481.502 20.50933265686035 20.449254989624023 20.29204767012948
1481.517 20.526105880737305 20.449254989624023 20.385340089582666
1481.532 20.486059188842773 20.449254989624023 20.453975069554094
1481.552 20.446861267089844 20.449254989624023 20.503032357507667
1481.567 20.406583786010742 20.449254989624023 20.53669626388578
1481.582 20.361854553222656 20.449254989624023 20.558393138420904
1481.602 20.341215133666992 20.449254989624023 20.570910949289882
1481.617 20.347034454345703 20.449254989624023 20.576502714328907
1481.632 20.385427474975586 18.462467193603516 20.53903891932133
1481.652 20.384429931640625 18.462467193603516 20.458519564267156
1481.667 20.34699058532715 18.462467193603516 20.345368122699607
1481.682 20.23356819152832 18.462467193603516 20.21197344887329
1481.702 19.99540138244629 18.462467193603516 20.06777653355345
1481.717 19.800994873046875 18.462467193603516 19.919843482277336
1481.732 19.539270401000977 18.462467193603516 19.773342118807403
1481.752 19.399824142456055 18.462467193603516 19.631936280987166
1481.767 19.2694034576416 18.462467193603516 19.498110176823083
1481.782 19.162555694580078 16.970386505126953 19.33198691705642
1481.802 18.96999740600586 16.970386505126953 19.147331898393343
1481.817 18.80198860168457 16.970386505126953 18.954525092737352
1481.832 18.6843204498291 16.970386505126953 18.761231918350436
1481.852 18.459423065185547 16.970386505126953 18.57295943511768
1481.867 18.265445709228516 16.970386505126953 18.39351490555097
1481.882 18.12351417541504 16.970386505126953 18.22538164676681
1481.902 17.927528381347656 16.970386505126953 18.07002516732972
1481.917 17.78162384033203 16.970386505126953 17.928140837781505
1481.932 17.698335647583008 15.389954566955566 17.7559518888247
1481.952 17.52870750427246 15.389954566955566 17.566827656598374
1481.967 17.343486785888672 15.389954566955566 17.370819923055624
1481.982 17.13837432861328 15.389954566955566 17.175323673504156
1482.002 16.7719669342041 15.389954566955566 16.985624439415087
1482.017 16.658599853515625 15.389954566955566 16.80534915670719
1482.032 16.507490158081055 15.389954566955566 16.636835352947436
1482.057 16.21074867248535 15.389954566955566 16.481431548408302
1482.067 16.179513931274414 15.389954566955566 16.33974001591547
1482.082 16.086631774902344 15.389954566955566 16.211811487832986
1482.102 16.037982940673828 15.389954566955566 16.097300016636385
1482.117 15.980857849121094 15.389954566955566 15.995584977208104
1482.132 15.944914817810059 15.389954566955566 15.905866131747969
1482.152 15.867302894592285 15.389954566955566 15.82723674886603
1482.167 15.825553894042969 15.389954566955566 15.758738963753586
1482.182 15.774543762207031 15.389954566955566 15.699404873344491
1482.202 15.734124183654785 15.389954566955566 15.648286266687332
1482.217 15.66289234161377 15.389954566955566 15.604475384708474
1482.232 15.600669860839844 15.389954566955566 15.567118674378541
1482.252 15.53242301940918 15.389954566955566 15.535425140141257
1482.267 15.482870101928711 15.389954566955566 15.508670591396221
1482.282 15.466617584228516 16.067384719848633 15.505016337044598
1482.302 15.461536407470703 16.067384719848633 15.518018800409479
1482.322 15.53425407409668 16.067384719848633 15.542597398316131
1482.332 15.546930313110352 16.067384719848633 15.574789486904702
1482.352 15.61002254486084 16.067384719848633 15.611543685593189
1482.367 15.694061279296875 16.067384719848633 15.65054644638247
1482.382 15.76724910736084 16.067384719848633 15.690077266509162
1482.402 15.837550163269043 16.067384719848633 15.728888450701803
1482.417 15.873409271240234 16.067384719848633 15.766105807256759
1482.432 15.917304039001465 16.067384719848633 15.801147105127232
1482.452 15.932791709899902 16.067384719848633 15.833655524819159
1482.467 15.923603057861328 16.067384719848633 15.863445703434923
1482.482 15.911977767944336 12.630522727966309 15.850180322004087
1482.502 15.834321022033691 12.630522727966309 15.793859380526651
1482.517 15.738190650939941 12.630522727966309 15.694482879002615
1482.532 15.505838394165039 12.630522727966309 15.55205081743198
1482.552 15.18661880493164 12.630522727966309 15.368820942238717
1482.567 14.928121566772461 12.630522727966309 15.161442353838376
1482.582 14.627236366271973 12.630522727966309 14.942517704941796
1482.602 14.273366928100586 12.630522727966309 14.721399620408311
1482.617 14.03377914428711 12.630522727966309 14.504851743356287
1482.632 13.861385345458984 12.630522727966309 14.29759440103288
1482.652 13.736571311950684 12.630522727966309 14.102752424126084
1482.667 13.668936729431152 12.630522727966309 13.922220403285245
1482.682 13.629810333251953 12.630523681640625 13.75695865611761
1482.702 13.549470901489258 12.630523681640625 13.607231209423615
1482.717 13.512639999389648 12.630523681640625 13.472795774014841
1482.732 13.457791328430176 12.630523681640625 13.35305393117427
1482.757 13.34780216217041 12.630523681640625 13.247168658771855
1482.767 13.296241760253906 12.630523681640625 13.154155186185559
1482.782 13.246232986450195 12.630523681640625 13.072950211118616
1482.802 13.09985637664795 12.630523681640625 13.002463686419865
1482.817 12.986412048339844 12.630523681640625 12.941616676883571
1482.832 12.893474578857422 12.630523681640625 12.889368181290239
1482.852 12.80087947845459 12.630523681640625 12.844733301146837
1482.867 12.7384672164917 12.630523681640625 12.806794703207801
1482.882 12.684614181518555 12.630523681640625 12.774708957468953
1482.902 12.67519474029541 15.796643257141113 12.785678771776704
1482.917 12.657652854919434 15.796643257141113 12.839704146131055
1482.932 12.693544387817383 15.796643257141113 12.936785080532006
1482.952 13.069266319274902 15.796643257141113 13.076921574979558
1482.967 13.331587791442871 15.796643257141113 13.252900559647582
1482.982 13.645927429199219 15.796643257141113 13.449678356137742
1483.002 14.058293342590332 15.796643257141113 13.655895916987099
1483.017 14.38347053527832 15.796643257141113 13.863150375977735
1483.032 14.607221603393555 15.796643257141113 14.06539087638183
1483.052 14.809407234191895 15.796643257141113 14.25842024760912
1483.067 14.902469635009766 15.796643257141113 14.439486382191317
1483.082 14.934233665466309 15.796643257141113 14.606949248647178
1483.102 14.907370567321777 15.796643257141113 14.760011359704523
1483.117 14.929118156433105 15.796643257141113 14.898501203855094
1483.132 14.89373779296875 13.497088432312012 14.993935487959066
1483.152 14.887670516967773 13.497088432312012 15.046314212016437
1483.167 14.87464714050293 13.497088432312012 15.055637376027208
1483.182 14.815040588378906 13.497088432312012 15.02190497999138
1483.202 14.74341869354248 13.497088432312012 14.955374077032772
1483.217 14.643471717834473 13.497088432312012 14.867185658761347
1483.232 14.539726257324219 13.497088432312012 14.765925700043272
1483.252 14.376603126525879 13.497088432312012 14.658110581122711
1483.267 14.307831764221191 13.497088432312012 14.548592462214081
1483.282 14.259722709655762 13.497088432312012 14.440896030292842
1483.302 14.14571762084961 13.497088432312012 14.33749670855106
1483.317 14.118878364562988 10.657233238220215 14.191041826762676
1483.332 14.073736190795898 10.657233238220215 14.001531384927693
1483.352 13.845243453979492 10.657233238220215 13.772818390647878
1483.367 13.583473205566406 10.657233238220215 13.522363373754573
1483.382 13.234476089477539 10.657233238220215 13.26328365883782
1483.407 13.234476089477539 10.657233238220215 13.005219569963401
1483.422 12.478959083557129 10.657233238220215 12.75505179406522
1483.432 11.964906692504883 10.657233238220215 12.517492147960901
1483.452 11.601760864257812 10.657233238220215 12.29556720776931
1483.467 11.40162181854248 10.657233238220215 12.091011722232476
1483.482 11.362631797790527 10.657233238220215 11.904586443021376
1483.502 11.338225364685059 10.657233238220215 11.736332958594051
1483.517 11.410820007324219 10.657233238220215 11.585776301881506
1483.532 11.443851470947266 8.783186912536621 11.400027653415684
1483.552 11.478161811828613 8.783186912536621 11.194217763264517
1483.567 11.333706855773926 8.783186912536621 10.979747592191373
1483.582 11.0905179977417 8.783186912536621 10.765028391958902
1483.602 10.574800491333008 8.783186912536621 10.55609514368341
1483.622 10.384620666503906 8.783186912536621 10.357112196171277
1483.632 10.075739860534668 8.783186912536621 10.170787602066621
1483.652 9.733234405517578 8.783186912536621 9.998710511426378
1483.667 9.436995506286621 8.783186912536621 9.841624051074795
1483.682 9.389021873474121 8.783186912536621 9.699644388784598
1483.702 9.307167053222656 8.783186912536621 9.572435144801268
1483.717 9.226670265197754 8.783186912536621 9.45934495753216
1483.732 9.235780715942383 8.783186912536621 9.359514821784757
1483.752 9.235027313232422 8.783186912536621 9.271960782380866
1483.767 9.253131866455078 8.783186912536621 9.195636668745546
1483.782 9.267244338989258 8.783186912536621 9.129480782900552
1483.802 9.249748229980469 7.970732688903809 9.049881615276348
1483.817 9.165302276611328 7.970732688903809 8.962859184129222
1483.832 9.008906364440918 7.970732688903809 8.872934037573259
1483.857 8.757444381713867 7.970732688903809 8.783426532682075
1483.867 8.699260711669922 7.970732688903809 8.696704657484132
1483.882 8.595569610595703 7.970732688903809 8.61438809142084
1483.902 8.409215927124023 7.970732688903809 8.537515235023664
1483.917 8.290435791015625 7.970732688903809 8.46667906115164
1483.932 8.224431991577148 7.970732688903809 8.402136848035125
1483.952 8.167787551879883 7.970732688903809 8.343898146140633
1483.967 8.16051197052002 7.970732688903809 8.291794702416812
1483.982 8.17666244506836 7.970732688903809 8.245535511656827
1484.002 8.205049514770508 7.970732688903809 8.204749679756377
1484.017 8.211335182189941 7.970732688903809 8.169019361517567
1484.032 8.217673301696777 7.970732688903809 8.13790467027172
1484.052 8.181527137756348 7.970732688903809 8.110962142038497
1484.067 8.195049285888672 7.970732688903809 8.087758067542769
1484.082 8.173245429992676 7.970732688903809 8.067877775862447
1484.102 8.089032173156738 7.970732688903809 8.050931758866108
1484.117 8.089984893798828 7.970732688903809 8.036559361426706
1484.132 8.009291648864746 7.970732688903809 8.02443062460226
1484.152 7.9674272537231445 7.559166431427002 8.002814356676575
1484.167 7.945259094238281 7.559166431427002 7.974999143551323
1484.182 7.918994426727295 7.559166431427002 7.943513998014277
1484.202 7.855720520019531 7.559166431427002 7.910273321770265
1484.217 7.813043594360352 7.559166431427002 7.876697867426404
1484.232 7.774204730987549 7.559166431427002 7.843815140389433
1484.252 7.74169921875 7.559166431427002 7.8123422770918
1484.267 7.733957767486572 7.559166431427002 7.782754062413763
1484.282 7.737850189208984 7.559166431427002 7.755338407489817
1484.302 7.709573745727539 7.559166431427002 7.7302412997404115
1484.317 7.678445339202881 7.559166431427002 7.707502959386478
1484.337 7.689848899841309 7.559166431427002 7.687086689595713
1484.352 7.687710762023926 7.559166431427002 7.66890168900536
1484.367 7.655620098114014 7.559166431427002 7.652820903600309
1484.382 7.666343688964844 7.559166431427002 7.638694827577031
1484.402 7.670033931732178 7.559166431427002 7.626362017623381
1484.417 7.654149532318115 7.559166431427002 7.615656959749801
1484.432 7.615111351013184 7.559166431427002 7.606415820259278
1484.452 7.614157676696777 7.559166431427002 7.598480520600939
1484.467 7.5975117683410645 7.559166431427002 7.591701497816535
1484.482 7.559612274169922 7.559166431427002 7.5859394463161305
1484.507 7.545200824737549 7.559166431427002 7.581066281223714
1484.517 7.547998428344727 7.559166431427002 7.576965517088354
1484.547 7.5480122566223145 7.559166431427002 7.573532217087555
1484.552 7.551506519317627 7.559166431427002 7.570672635827743
1484.567 7.581655979156494 7.559166431427002 7.56830365247822
1484.582 7.585169792175293 7.559166431427002 7.566352069390393
1484.607 7.606448173522949 7.559166431427002 7.564753833797597
1484.617 7.572897434234619 7.559166431427002 7.5634532260087814
1484.632 7.575913429260254 7.559166431427002 7.562402046139657
1484.652 7.570001602172852 7.559166431427002 7.5615588223864805
1484.667 7.56544828414917 7.559166431427002 7.560888056731136
1484.682 7.551633834838867 7.559166431427002 7.560359518424614
1484.702 7.565927028656006 7.559166431427002 7.559947591337138
1484.722 7.526950359344482 7.559166431427002 7.559630678041877
1484.732 7.54919958114624 7.559166431427002 7.559390661110976
1484.752 7.55440616607666 7.559166431427002 7.559212420377729
1484.767 7.574283599853516 7.559166431427002 7.5590834037172145
1484.782 7.557816505432129 7.559166431427002 7.558993248104598
1484.802 7.579695701599121 7.559166431427002 7.558933447231902
1484.822 7.561547756195068 7.559166431427002 7.558897061724559
1484.832 7.544322490692139 7.559166431427002 7.558878467937349
1484.852 7.574848175048828 7.559166431427002 7.558873141376782
1484.867 7.58462381362915 7.559166431427002 7.558877470955143
1484.882 7.56947135925293 7.559166431427002 7.5588886005001825
1484.902 7.564032077789307 7.559166431427002 7.558904294200513
1484.922 7.549528121948242 7.559166431427002 7.558922822942568
1484.932 7.55659818649292 7.559166431427002 7.5589428687771525
1484.957 7.539468288421631 11.057500839233398 7.602018474658337
1484.972 7.543306827545166 11.057500839233398 7.688149640586121
1484.982 7.543306827545166 11.057500839233398 7.817336366560506
1485.002 7.790122985839844 11.057500839233398 7.98957865258149
1485.017 8.213025093078613 11.057500839233398 8.19823902464745
1485.032 8.62427806854248 11.057500839233398 8.427202902456633
1485.052 8.859906196594238 11.057500839233398 8.664357517368103
1485.067 9.264283180236816 11.057500839233398 8.900794531536048
1485.082 9.58829116821289 11.057500839233398 9.130149569658677
1485.107 9.878857612609863 11.057500839233398 9.348058217774415
1485.122 10.261846542358398 11.057500839233398 9.551710601253099
1485.132 10.44073486328125 11.057500839233398 9.739488984043634
1485.152 10.442004203796387 11.057500839233398 9.910674933176194
1485.167 10.3862943649292 11.057500839233398 10.065214472682708
1485.192 10.210267066955566 11.057500839233398 10.203531320102476
1485.207 10.13559627532959 11.057500839233398 10.326379770048485
1485.222 10.063411712646484 11.057500839233398 10.434730078067982
1485.232 10.11506462097168 11.057500839233398 10.529680320162129
1485.262 10.220521926879883 11.057500839233398 10.6123896748745
1485.267 10.412907600402832 11.057500839233398 10.684028911495828
1485.282 10.52095890045166 13.36890983581543 10.798723708163756
1485.302 10.860733032226562 13.36890983581543 10.952315710629344
1485.317 10.9365873336792 13.36890983581543 11.129517598383847
1485.332 11.390372276306152 13.36890983581543 11.318717628406576
1485.357 11.917946815490723 13.36890983581543 11.511260769939852
1485.367 12.25324821472168 13.36890983581543 11.700851386850257
1485.382 12.482170104980469 13.36890983581543 11.883059621249947
1485.402 12.595918655395508 13.36890983581543 12.054915807920342
1485.417 12.845248222351074 13.36890983581543 12.214579243743367
1485.432 12.826286315917969 13.36890983581543 12.36106944573714
1485.452 12.757206916809082 13.36890983581543 12.494049657645888
1485.467 12.68509292602539 13.36890983581543 12.613653815032794
1485.482 12.60007095336914 13.36890983581543 12.720349462158298
1485.502 12.510503768920898 13.36890983581543 12.814830242169027
1485.517 12.50918960571289 13.36890983581543 12.897932567876168
1485.532 12.517783164978027 16.498836517333984 13.02409045362991
1485.552 12.627379417419434 16.498836517333984 13.193303899430251
1485.567 12.866752624511719 16.498836517333984 13.405572905277195
1485.582 13.051483154296875 16.498836517333984 13.643623021183846
1485.602 13.613401412963867 16.498836517333984 13.893537095009618
1485.617 14.031998634338379 16.498836517333984 14.145011613505064
1485.632 14.249258041381836 16.498836517333984 14.390619046637209
1485.662 14.54857349395752 16.498836517333984 14.625199305935936
1485.667 14.54857349395752 16.498836517333984 14.845360638490126
1485.682 15.209455490112305 16.498836517333984 15.049072813881608
1485.717 15.826454162597656 16.498836517333984 15.235337754753989
1485.717 15.826454162597656 16.498836517333984 15.403924817803794
1485.732 16.371295928955078 16.498836517333984 15.555159760879901
1485.772 16.689773559570312 19.30722427368164 15.749450264002608
1485.772 17.199031829833984 19.30722427368164 15.986796327171914
1485.782 17.302330017089844 19.30722427368164 16.249128454848698
1485.802 17.393550872802734 19.30722427368164 16.52208025741328
1485.822 17.61103630065918 19.30722427368164 16.79506083151731
1485.832 17.581417083740234 19.30722427368164 17.060479230708133
1485.857 17.50572395324707 19.30722427368164 17.313105337243005
1485.867 17.478559494018555 19.30722427368164 17.54954624164999
1485.882 17.48019027709961 19.30722427368164 17.767819947852544
1485.902 17.602977752685547 19.30722427368164 17.967010669805656
1485.917 17.68436622619629 17.532644271850586 18.12314583171217
1485.932 17.923900604248047 17.532644271850586 18.23622543357208
1485.952 18.108169555664062 17.532644271850586 18.306249475385393
1485.967 18.3342227935791 17.532644271850586 18.33494433531052
1485.982 18.407482147216797 17.532644271850586 18.333222869300997
1486.002 18.366920471191406 17.532644271850586 18.30975085532635
1486.017 18.375499725341797 17.532644271850586 18.27134294942097
1486.032 18.229360580444336 17.532644271850586 18.223297874239037
1486.052 18.047985076904297 17.532644271850586 18.169680746778912
1486.067 17.985782623291016 17.532644271850586 18.113559680075443
1486.082 17.9077091217041 15.125027656555176 18.014383053325375
1486.102 17.735031127929688 15.125027656555176 17.872150866528706
1486.117 17.55881690979004 15.125027656555176 17.693908815411724
1486.132 17.35210609436035 15.125027656555176 17.49481086400033
1486.152 17.022315979003906 15.125027656555176 17.286296683579984
1486.167 16.778718948364258 15.125027656555176 17.07682626701376
1486.182 16.5960750579834 15.125027656555176 16.87248917117978
1486.202 16.351430892944336 15.125027656555176 16.67750698615994
1486.217 16.204559326171875 15.125027656555176 16.494645326123056
1486.232 16.083372116088867 15.125027656555176 16.32554953323126
1486.252 16.002185821533203 15.125027656555176 16.17101638410475
1486.267 15.940157890319824 15.125027656555176 16.031212384051653
1486.282 15.937973976135254 15.125027656555176 15.905847718801178
1486.302 15.873437881469727 15.125027656555176 15.794313595454964
1486.317 15.808542251586914 15.125027656555176 15.69578953068521
1486.332 15.730630874633789 15.125027656555176 15.609326120898745
1486.352 15.646228790283203 15.125027656555176 15.533907941972227
1486.367 15.549842834472656 15.125027656555176 15.468500461298605
1486.382 15.461997032165527 15.125027656555176 15.412084188877634
1486.402 15.36545181274414 15.125027656555176 15.363678734413355
1486.417 15.290203094482422 15.125027656555176 15.322358962130592
1486.432 15.253973960876465 15.125027656555176 15.28726503354523
1486.452 15.202902793884277 17.88343620300293 15.295226665006469
1486.467 15.213976860046387 17.88343620300293 15.346243856514308
1486.482 15.299295425415039 17.88343620300293 15.440316608068747
1486.502 15.646184921264648 17.88343620300293 15.575599852230745
1486.517 15.82799243927002 17.88343620300293 15.736659413867162
1486.532 16.088783264160156 17.88343620300293 15.911718125467232
1486.552 16.45241355895996 17.88343620300293 16.09194681850494
1486.567 16.676727294921875 17.88343620300293 16.270874311723308
1486.582 16.855632781982422 17.88343620300293 16.44389906976032
1486.602 17.021835327148438 17.88343620300293 16.607887290557787
1486.617 17.06881332397461 17.88343620300293 16.76084409763648
1486.632 17.09672737121582 19.413772583007812 16.944155606063003
1486.652 17.197402954101562 19.413772583007812 17.144129329797273
1486.667 17.328121185302734 19.413772583007812 17.350489481350515
1486.682 17.490882873535156 19.413772583007812 17.55569434571636
1486.702 17.783018112182617 19.413772583007812 17.7543711185658
1486.717 17.981653213500977 19.413772583007812 17.94285062610347
1486.732 18.176305770874023 19.413772583007812 18.118786551229576
1486.752 18.512210845947266 19.413772583007812 18.280845799605032
1486.767 18.5780086517334 19.413772583007812 18.42845845025648
1486.782 18.69618797302246 19.413772583007812 18.56161735425118
1486.802 18.795793533325195 21.552968978881836 18.73783181829248
1486.817 18.91876983642578 21.552968978881836 18.942317110869023
1486.832 19.128787994384766 21.552968978881836 19.161383015869564
1486.852 19.566171646118164 21.552968978881836 19.38481319489599
1486.867 19.744592666625977 21.552968978881836 19.605164709067253
1486.882 19.990636825561523 21.552968978881836 19.81718897077237
1486.902 20.268293380737305 21.552968978881836 20.017355804893665
1486.917 20.45661735534668 21.552968978881836 20.20346462567176
1486.932 20.61354637145996 21.552968978881836 20.374328847089668
1486.952 20.737659454345703 24.08243179321289 20.588248628554176
1486.967 20.874174118041992 24.08243179321289 20.838618455696274
1486.982 21.084348678588867 24.08243179321289 21.10815609688931
1487.002 21.38936996459961 24.08243179321289 21.383943513721494
1487.017 21.791973114013672 24.08243179321289 21.6565491739583
1487.032 22.066652297973633 24.08243179321289 21.919302195107885
1487.052 22.474620819091797 24.08243179321289 22.167695462597308
1487.067 22.659595489501953 24.08243179321289 22.398897759803617
1487.082 22.921573638916016 24.70672607421875 22.628699084805564
1487.102 23.18560218811035 24.70672607421875 22.851113008943642
1487.117 23.365249633789062 24.70672607421875 23.06205446403462
1487.132 23.45298957824707 24.70672607421875 23.258914497669874
1487.152 23.5367431640625 24.70672607421875 23.44021451129857
1487.167 23.627405166625977 24.70672607421875 23.605327065470835
1487.182 23.754152297973633 24.70672607421875 23.754252146955338
1487.202 23.838274002075195 24.70672607421875 23.887439398335626
1487.217 23.954574584960938 26.13385772705078 24.045290775496586
1487.232 24.05083465576172 26.13385772705078 24.216433348168504
1487.252 24.323585510253906 26.13385772705078 24.392347316578995
1487.267 24.63538932800293 26.13385772705078 24.56679428556608
1487.282 24.720226287841797 26.13385772705078 24.73534415534408
1487.302 25.10692024230957 26.13385772705078 24.89498582946052
1487.322 25.357585906982422 26.13385772705078 25.043808805407576
1487.332 25.4457950592041 27.788034439086914 25.22669376707949
1487.352 25.694984436035156 27.788034439086914 25.428909679663427
1487.367 25.787405014038086 27.788034439086914 25.639362330846534
1487.382 25.965822219848633 27.788034439086914 25.849872070316916
1487.402 26.236974716186523 27.788034439086914 26.054575229685994
1487.417 26.39586067199707 27.788034439086914 26.24943080727046
1487.432 26.586769104003906 27.788034439086914 26.431816295890652
1487.452 26.771223068237305 27.19113540649414 26.5836180930902
1487.467 26.82967758178711 27.19113540649414 26.709284861528175
1487.482 26.925020217895508 27.19113540649414 26.812730782474716
1487.502 26.934925079345703 27.19113540649414 26.897378264943622
1487.517 26.95131492614746 27.19113540649414 26.966202214245275
1487.532 26.952247619628906 27.19113540649414 27.02177418844198
1487.552 26.94744110107422 27.19113540649414 27.066305247898377
1487.567 26.978315353393555 24.67778205871582 27.067780747308174
1487.582 26.933658599853516 24.67778205871582 27.02620068667137
1487.602 26.863258361816406 24.67778205871582 26.941565065987966
1487.617 26.72537612915039 24.67778205871582 26.81802667120988
1487.632 26.583969116210938 24.67778205871582 26.670039578007245
1487.652 26.288442611694336 24.67778205871582 26.50864167097938
1487.667 26.073333740234375 21.86894989013672 26.304188203904914
1487.682 25.8503475189209 21.86894989013672 26.05667917678385
1487.702 25.469070434570312 21.86894989013672 25.766114589616183
1487.717 25.198535919189453 21.86894989013672 25.449622053495652
1487.732 24.83167839050293 21.86894989013672 25.123339281262407
1487.752 24.365238189697266 21.86894989013672 24.79910358457825
1487.767 24.140928268432617 21.86894989013672 24.485341506743598
1487.782 23.785865783691406 21.86894989013672 24.187801136445284
1487.802 23.482397079467773 18.832393646240234 23.84720520610037
1487.817 23.26474380493164 18.832393646240234 23.500538521353626
1487.832 22.951488494873047 18.832393646240234 23.153871836606882
1487.852 22.461105346679688 18.832393646240234 22.80720515186014
1487.867 22.118566513061523 18.832393646240234 22.460538467113395
1487.882 21.78342056274414 18.832393646240234 22.11387178236665
1487.902 21.412174224853516 18.832393646240234 21.767205097619907
1487.917 21.07927894592285 16.291866302490234 21.420538412873164
1487.932 20.80604362487793 16.291866302490234 21.07387172812642
1487.952 20.489521026611328 16.291866302490234 20.727205043379676
1487.967 20.1509952545166 16.291866302490234 20.380538358632933
1487.982 19.720186233520508 16.291866302490234 20.03387167388619
1488.002 19.427263259887695 16.291866302490234 19.687204989139445
1488.017 19.153514862060547 16.291866302490234 19.3405383043927
1488.032 18.88796615600586 16.291866302490234 18.993871619645958
1488.052 18.58036994934082 16.291866302490234 18.657528586688063
1488.067 18.362659454345703 16.291866302490234 18.350769903289606
1488.082 18.12816047668457 14.600948333740234 18.026764463590172
1488.102 17.745708465576172 14.600948333740234 17.699399000838113
1488.117 17.3900203704834 14.600948333740234 17.378719007639628
1488.132 17.051786422729492 14.600948333740234 17.071738046040412
1488.152 16.568675994873047 14.600948333740234 16.783101973374347
1488.167 16.154695510864258 14.600948333740234 16.51563074036077
1488.182 16.016435623168945 14.600948333740234 16.270757399366307
1488.202 15.74282169342041 14.600948333740234 16.048881251944298
1488.217 15.617711067199707 14.600948333740234 15.849649653202874
1488.232 15.519523620605469 14.600948333740234 15.672180859001331
1488.252 15.412995338439941 13.588811874389648 15.4871235257259
1488.267 15.328042030334473 13.588811874389648 15.30176822157572
1488.282 15.224803924560547 13.588811874389648 15.121348130622046
1488.302 15.006608009338379 13.588811874389648 14.94947661210219
1488.317 14.824346542358398 13.588811874389648 14.788505779712676
1488.332 14.655278205871582 13.588811874389648 14.639818518032719
1488.352 14.42064094543457 13.588811874389648 14.504064683990578
1488.367 14.261239051818848 13.588811874389648 14.38135074645893
1488.382 14.115214347839355 13.588811874389648 14.271390788742993
1488.402 14.027276992797852 13.588811874389648 14.17362562662834
1488.417 13.993693351745605 13.588811874389648 14.087315767078637
1488.432 13.954569816589355 13.588811874389648 14.011613037213223
1488.452 13.933768272399902 13.588811874389648 13.945614937291523
1488.467 13.903522491455078 13.588811874389648 13.888405102764022
1488.482 13.886285781860352 13.588811874389648 13.839082687208467
1488.507 13.86613941192627 13.588811874389648 13.796782989041265
1488.517 13.822619438171387 13.588811874389648 13.760691229970258
1488.532 13.788424491882324 13.588811874389648 13.730051042794113
1488.557 13.763243675231934 13.588811874389648 13.704168931794621
1488.567 13.750591278076172 13.588811874389648 13.682415722920844
1488.582 13.707961082458496 13.588811874389648 13.664225816374561
1488.602 13.638444900512695 13.588811874389648 13.649094885011538
1488.617 13.622628211975098 13.588811874389648 13.63657652284413
1488.632 13.583223342895508 14.343828201293945 13.647250912148637
1488.652 13.633355140686035 14.343828201293945 13.674250262153686
1488.667 13.664031982421875 14.343828201293945 13.71219918506341
1488.682 13.713691711425781 14.343828201293945 13.756941164868902
1488.702 13.873826026916504 14.343828201293945 13.805308669113968
1488.717 13.994452476501465 14.343828201293945 13.85493092389576
1488.732 14.036581993103027 14.343828201293945 13.904074020433725
1488.752 14.10653305053711 14.343828201293945 13.95150863408003
1488.767 14.116350173950195 14.343828201293945 13.996401206718275
1488.782 14.12926197052002 14.343828201293945 14.038224967301616
1488.802 14.138178825378418 14.343828201293945 14.076687641375793
1488.817 14.125604629516602 14.343828201293945 14.111673129110121
1488.832 14.130846977233887 17.002717971801758 14.18971417689105
1488.852 14.223041534423828 17.002717971801758 14.310810784718578
1488.867 14.353687286376953 17.002717971801758 14.472371892646391
1488.882 14.604471206665039 17.002717971801758 14.6584447493598
1488.902 14.969555854797363 17.002717971801758 14.856915668003944
1488.917 15.268814086914062 17.002717971801758 15.058758782533403
1488.932 15.57571029663086 17.002717971801758 15.257411883631303
1488.952 15.874837875366211 17.002717971801758 15.448260666210972
1488.967 16.050968170166016 17.002717971801758 15.62821499834327
1488.982 16.17453384399414 17.002717971801758 15.795362909179742
1489.002 16.279125213623047 17.002717971801758 15.94868988693591
1489.017 16.29295539855957 17.002717971801758 16.08785277969572
1489.032 16.25844955444336 14.370231628417969 16.18396011240893
1489.052 16.206756591796875 14.370231628417969 16.23701188507554
1489.067 16.171035766601562 14.370231628417969 16.24700809769555
1489.082 16.092727661132812 14.370231628417969 16.21394875026896
1489.102 15.866580963134766 14.370231628417969 16.13904184859715
1489.117 15.693074226379395 14.370231628417969 16.036224947820347
1489.132 15.587691307067871 14.370231628417969 15.916261906750213
1489.152 15.371038436889648 14.370231628417969 15.787343105767205
1489.167 15.311697006225586 14.370231628417969 15.655587088490927
1489.182 15.227252960205078 14.370231628417969 15.525457622663607
1489.202 15.168856620788574 14.370231628417969 15.400108559778474
1489.222 15.120399475097656 11.541003227233887 15.23170393684674
1489.232 15.095094680786133 11.541003227233887 15.020243753868407
1489.257 14.731420516967773 11.541003227233887 14.772051712260135
1489.272 14.410853385925293 11.541003227233887 14.504429396606989
1489.282 14.410853385925293 11.541003227233887 14.230316005496816
1489.302 13.70958137512207 11.541003227233887 13.95916493873009
1489.317 13.386466979980469 11.541003227233887 13.697668845894896
1489.332 13.18432331085205 11.541003227233887 13.450355932015498
1489.352 12.842514991760254 11.541003227233887 13.220077433391396
1489.372 12.514947891235352 11.541003227233887 13.008403557744206
1489.382 12.513235092163086 11.541003227233887 12.815942825447951
1489.402 12.417448997497559 11.541003227233887 12.642597644279608
1489.417 12.396527290344238 11.541003227233887 12.487767085560732
1489.437 12.329978942871094 11.541003227233887 12.350506188625632
1489.452 12.330963134765625 11.506044387817383 12.228678606492322
1489.467 12.265748977661133 11.506044387817383 12.121295666262261
1489.482 12.218742370605469 11.506044387817383 12.02724757894472
1489.502 12.178069114685059 11.506044387817383 11.945368583159867
1489.517 11.992348670959473 11.506044387817383 11.874485186247103
1489.532 11.855428695678711 11.506044387817383 11.81345095181648
1489.552 11.750466346740723 11.506044387817383 11.761170679263543
1489.567 11.694843292236328 11.506044387817383 11.716616309204875
1489.587 11.643667221069336 11.506044387817383 11.678836457339212
1489.602 11.552111625671387 11.506044387817383 11.646961117184164
1489.617 11.522979736328125 11.506044387817383 11.62020276987558
1489.632 11.510380744934082 11.506044387817383 11.597854888200784
1489.662 11.52558708190918 11.506044387817383 11.579288614720749
1489.672 11.554676055908203 11.506044387817383 11.563948223597096
1489.682 11.571429252624512 11.506044387817383 11.551345836801286
1489.702 11.5969877243042 15.27086067199707 11.581799010052075
1489.717 11.639803886413574 15.27086067199707 11.655307743349464
1489.732 11.69888687133789 15.27086067199707 11.771872036693455
1489.752 12.089645385742188 15.27086067199707 11.931491890084047
1489.767 12.299651145935059 15.27086067199707 12.134167303521238
1489.782 12.598876953125 15.27086067199707 12.366548393924583
1489.802 12.887314796447754 15.27086067199707 12.613763521419086
1489.817 13.226282119750977 15.27086067199707 12.864742621018575
1489.832 13.47410774230957 15.27086067199707 13.11144759152161
1489.857 13.815444946289062 15.27086067199707 13.348236519673225
1489.867 14.044758796691895 15.27086067199707 13.571341480040333
1489.882 14.135254859924316 15.27086067199707 13.77844223637412
1489.902 14.274572372436523 15.27086067199707 13.968320514000073
1489.917 14.328038215637207 15.27086067199707 14.14058161832236
1489.932 14.340597152709961 15.27086067199707 14.29543205086261
1489.952 14.342534065246582 15.27086067199707 14.43350343419711
1489.967 14.401506423950195 15.27086067199707 14.555714515911644
1489.982 14.455578804016113 15.27086067199707 14.663164295742288
1490.002 14.587632179260254 15.27086067199707 14.757050426356534
1490.017 14.623422622680664 15.27086067199707 14.83860799355481
1490.032 14.789936065673828 15.27086067199707 14.909064602273114
1490.072 15.078927993774414 15.27086067199707 14.969608396020712
1490.072 15.078927993774414 15.27086067199707 15.021366233628488
1490.082 15.168071746826172 15.27086067199707 15.065389751604593
1490.102 15.197281837463379 15.27086067199707 15.102647464998732
1490.117 15.213958740234375 15.27086067199707 15.134021415284652
1490.132 15.211177825927734 15.529258728027344 15.167484894580648
1490.152 15.202959060668945 15.529258728027344 15.201516328447806
1490.167 15.172375679016113 15.529258728027344 15.23500947870988
1490.182 15.219026565551758 15.529258728027344 15.26718649368083
1490.202 15.234843254089355 15.529258728027344 15.297526472314608
1490.217 15.278519630432129 15.529258728027344 15.325707130995045
1490.232 15.341556549072266 15.529258728027344 15.351557480918055
1490.257 15.392892837524414 15.529258728027344 15.375019710915472
1490.272 15.419466018676758 15.529258728027344 15.396118726322483
1490.282 15.457589149475098 15.529258728027344 15.41493802081885
1490.302 15.469877243041992 15.529258728027344 15.431600757127962
1490.317 15.456815719604492 12.47964859008789 15.405207933390473
1490.332 15.437698364257812 12.47964859008789 15.335759549606385
1490.352 15.271958351135254 12.47964859008789 15.223255605775696
1490.367 15.071499824523926 12.47964859008789 15.067696101898408
1490.382 14.8963041305542 12.47964859008789 14.884321576924915
1490.402 14.41711711883545 12.47964859008789 14.686106691246302
1490.417 14.059835433959961 12.47964859008789 14.48276218356926
1490.432 13.896350860595703 12.47964859008789 14.281389906004911
1490.452 13.532829284667969 12.47964859008789 14.087024734952433
1490.467 13.37100601196289 12.47964859008789 13.90308035655565
1490.482 13.328973770141602 12.47964859008789 13.731713779341009
1490.502 13.298192024230957 10.650083541870117 13.523300219344186
1490.517 13.264586448669434 10.650083541870117 13.294125588393578
1490.532 13.06777286529541 10.650083541870117 13.056438152867749
1490.552 12.838004112243652 10.650083541870117 12.819252303642097
1490.567 12.696937561035156 10.650083541870117 12.589014421089885
1490.582 12.375690460205078 10.650083541870117 12.370151411955632
1490.602 12.139002799987793 10.650083541870117 12.165519923935149
1490.617 11.896949768066406 10.650083541870117 11.976771901096043
1490.632 11.69606876373291 10.650083541870117 11.804650029250192
1490.657 11.368587493896484 10.650083541870117 11.649224728976032
1490.667 11.278347969055176 10.650083541870117 11.510082674650588
1490.682 11.20953369140625 10.650083541870117 11.386475337148859
1490.702 11.13374137878418 10.650083541870117 11.277434750652208
1490.722 11.088573455810547 9.707723617553711 11.155685907028897
1490.732 11.055865287780762 9.707723617553711 11.028211391994898
1490.757 10.919024467468262 9.707723617553711 10.900174438321477
1490.767 10.848506927490234 9.707723617553711 10.775290986048912
1490.782 10.745576858520508 9.707723617553711 10.656136528214219
1490.802 10.548049926757812 9.707723617553711 10.544397696038219
1490.817 10.362112045288086 9.707723617553711 10.441077252247794
1490.832 10.283860206604004 9.707723617553711 10.346659999302842
1490.852 10.147714614868164 9.707723617553711 10.261246068076511
1490.872 10.066995620727539 9.707723617553711 10.184657126730366
1490.882 10.038461685180664 9.707723617553711 10.116520232149474
1490.902 9.979894638061523 9.707723617553711 10.05633332933901
1490.917 9.972480773925781 9.707723617553711 10.003515779098999
1490.932 9.958446502685547 9.707723617553711 9.957446752418619
1490.952 9.931679725646973 9.707723617553711 9.917493862841967
1490.967 9.915054321289062 9.707723617553711 9.883034007369945
1490.982 9.904826164245605 9.707723617553711 9.853468044565805
1491.002 9.89420223236084 9.380523681640625 9.819141760208147
1491.017 9.87939453125 9.380523681640625 9.782357420139094
1491.037 9.832282066345215 9.380523681640625 9.744833260843917
1491.052 9.72415828704834 9.380523681640625 9.707821235647875
1491.067 9.643377304077148 9.380523681640625 9.67220435180022
1491.082 9.556556701660156 9.380523681640625 9.638576677219481
1491.102 9.506427764892578 9.380523681640625 9.607308704753093
1491.117 9.476018905639648 9.380523681640625 9.578600406981783
1491.132 9.439935684204102 9.380523681640625 9.552523995503172
1491.152 9.444865226745605 9.380523681640625 9.529058114000955
1491.167 9.46919059753418 9.380523681640625 9.508114942386298
1491.187 9.50132942199707 9.380523681640625 9.489561467648201
1491.202 9.505749702453613 9.380523681640625 9.473235983321699
1491.222 9.520236015319824 9.380523681640625 9.458960711146954
1491.232 9.512741088867188 9.380523681640625 9.446551293030224
1491.252 9.485114097595215 9.380523681640625 9.435823776388917
1491.267 9.467382431030273 9.380523681640625 9.426599609051264
1491.282 9.441003799438477 9.380523681640625 9.418709068922897
1491.302 9.425871849060059 9.380523681640625 9.411993476634574
1491.317 9.386797904968262 9.380523681640625 9.40630647453061
1491.337 9.36829662322998 9.380523681640625 9.401514601007378
1491.352 9.358046531677246 9.380523681640625 9.397497343898864
1491.367 9.365148544311523 9.380523681640625 9.394146819029661
1491.382 9.332240104675293 9.380523681640625 9.391367189067076
1491.402 9.373085975646973 9.380523681640625 9.389073912397254
1491.417 9.411144256591797 9.380523681640625 9.387192891049757
1491.432 9.408869743347168 9.380523681640625 9.38565956994227
1491.452 9.424015045166016 9.380523681640625 9.384418026259079
1491.467 9.420171737670898 9.380523681640625 9.383420077053787
1491.482 9.406038284301758 9.089292526245117 9.37453466954117
1491.502 9.403759956359863 9.089292526245117 9.360243400592617
1491.517 9.345417022705078 9.089292526245117 9.342474910762618
1491.532 9.313361167907715 9.089292526245117 9.32270798189906
1491.552 9.25250244140625 9.089292526245117 9.302057919838907
1491.567 9.245967864990234 9.089292526245117 9.281348558562417
1491.582 9.190056800842285 9.089292526245117 9.261171959610557
1491.602 9.175740242004395 9.089292526245117 9.2419376347906
1491.617 9.159631729125977 9.089292526245117 9.2239128932742
1491.632 9.139562606811523 9.089292526245117 9.207255707090713
1491.652 9.165321350097656 9.089292526245117 9.19204130187341
1491.667 9.177849769592285 9.089292526245117 9.178283512071781
1491.682 9.169537544250488 9.089292526245117 9.16595179083088
1491.702 9.184715270996094 9.089292526245117 9.154984633218739
1491.717 9.185918807983398 9.089292526245117 9.145300056152493
1491.732 9.180693626403809 9.089292526245117 9.136803677849532
1491.752 9.15902042388916 9.089292526245117 9.129394852509064
1491.767 9.137548446655273 9.089292526245117 9.12297124083435
1491.782 9.129112243652344 9.089292526245117 9.117432132615109
1491.802 9.098177909851074 9.089292526245117 9.112680782659139
1491.817 9.112746238708496 9.089292526245117 9.108625974737192
1491.832 9.08776569366455 9.089292526245117 9.105182988827806
1491.852 9.085124015808105 9.089292526245117 9.102274113859174
1491.867 9.076498985290527 9.089292526245117 9.099828820481079
1491.882 9.072887420654297 9.089292526245117 9.097783685392496
1491.902 9.10673713684082 9.089292526245117 9.096082139719424
1491.917 9.094741821289062 9.089292526245117 9.094674098284909
1491.932 9.089423179626465 9.089292526245117 9.093515513816502
1491.952 9.112630844116211 9.089292526245117 9.092567889742046
1491.967 9.125323295593262 9.089292526245117 9.091797776840506
1491.987 9.116475105285645 10.244174003601074 9.123256316688082
1492.002 9.097103118896484 10.244174003601074 9.176938208776033
1492.017 9.181170463562012 10.244174003601074 9.245055672483208
1492.032 9.293390274047852 10.244174003601074 9.321626477003836
1492.052 9.493561744689941 10.244174003601074 9.402128541968423
1492.067 9.644820213317871 10.244174003601074 9.483211841488602
1492.082 9.755684852600098 10.244174003601074 9.562459378321202
1492.102 9.844381332397461 10.244174003601074 9.638189964557645
1492.117 9.879983901977539 10.244174003601074 9.709296441970594
1492.132 9.966082572937012 10.244174003601074 9.775113794660873
1492.152 9.958187103271484 10.244174003601074 9.835312348057075
1492.167 9.956920623779297 10.244174003601074 9.889811913162344
1492.187 9.956507682800293 10.244174003601074 9.938713326443603
1492.202 9.912927627563477 10.244174003601074 9.982244358267542
1492.217 9.94093132019043 10.244174003601074 10.020717421338523
1492.232 9.966917037963867 10.244174003601074 10.054496910570068
1492.252 9.988487243652344 10.244174003601074 10.083974352709513
1492.267 10.028419494628906 10.244174003601074 10.109549843240574
1492.282 10.074684143066406 10.24417495727539 10.131618531300942
1492.307 10.145315170288086 10.24417495727539 10.15056099179907
1492.317 10.192444801330566 10.24417495727539 10.166736809743956
1492.332 10.223712921142578 10.24417495727539 10.180480538910118
1492.352 10.24053955078125 10.24417495727539 10.192099500859696
1492.367 10.264904975891113 10.24417495727539 10.20187296402541
1492.382 10.257599830627441 10.24417495727539 10.210052334640373
1492.402 10.235437393188477 10.24417495727539 10.216862067521182
1492.417 10.23902416229248 10.24417495727539 10.222501067446334
1492.432 10.225905418395996 10.24417495727539 10.22714440320075
1492.452 10.183918952941895 10.24417495727539 10.23094519808533
1492.467 10.200469017028809 10.24417495727539 10.234036594378948
1492.482 10.214934349060059 10.24417495727539 10.236533716231303
1492.502 10.220736503601074 10.24417495727539 10.2385355769064
1492.517 10.230005264282227 10.24417495727539 10.240126893165005
1492.532 10.24878215789795 10.24417495727539 10.241379782697175
1492.552 10.22056770324707 10.24417495727539 10.242355330589765
1492.572 10.220003128051758 10.24417495727539 10.24310501842269
1492.587 10.246048927307129 12.219648361206055 10.286910266302216
1492.602 10.250571250915527 12.219648361206055 10.371991201538126
1492.622 10.430427551269531 12.219648361206055 10.484289685877554
1492.642 10.7763090133667 12.219648361206055 10.612974677337505
1492.652 10.92724895477295 12.219648361206055 10.749828748522717
1492.667 11.078065872192383 12.219648361206055 10.888735824349759
1492.682 11.307049751281738 12.219648361206055 11.025255689853214
1492.707 11.42996597290039 12.219648361206055 11.15627250244494
1492.717 11.536205291748047 12.219648361206055 11.279706104246307
1492.732 11.620272636413574 12.219648361206055 11.39427636024118
1492.757 11.670675277709961 12.219648361206055 11.499312044429445
1492.767 11.684639930725098 12.219648361206055 11.594596960765411
1492.782 11.73061466217041 12.219648361206055 11.68024702344368
1492.802 11.750907897949219 12.219648361206055 11.756612939153744
1492.822 11.75161361694336 12.219648361206055 11.824203940682795
1492.837 11.755721092224121 12.219648361206055 11.883628725829027
1492.852 11.83271598815918 13.605778694152832 11.974053991748987
1492.867 11.888900756835938 13.605778694152832 12.0841844552278
1492.882 12.067525863647461 13.605778694152832 12.205377796805768
1492.902 12.314591407775879 13.605778694152832 12.331133052129669
1492.917 12.690301895141602 13.605778694152832 12.456664477002933
1492.932 12.775472640991211 13.605778694152832 12.57854850566857
1492.952 12.966033935546875 13.605778694152832 12.694432899289884
1492.967 13.103528022766113 13.605778694152832 12.80279854328173
1492.982 13.161992073059082 13.605778694152832 12.902765593058692
1493.007 13.2302827835083 13.605778694152832 12.99393678765564
1493.017 13.21737289428711 13.605778694152832 13.076271752722809
1493.032 13.194845199584961 13.605778694152832 13.149987004156003
1493.052 13.201163291931152 13.605778694152832 13.215477148192159
1493.067 13.15449047088623 13.605778694152832 13.27325346119122
1493.082 13.174267768859863 13.605778694152832 13.323896630976975
1493.102 13.246665000915527 13.605778694152832 13.368020960035592
1493.117 13.27827262878418 13.605778694152832 13.406247777401056
1493.132 13.328062057495117 13.605778694152832 13.43918618865822
1493.152 13.405906677246094 13.605778694152832 13.467419619652222
1493.167 13.460314750671387 13.605778694152832 13.491496886139958
1493.187 13.561365127563477 13.605778694152832 13.511926755098528
1493.202 13.626896858215332 13.605778694152832 13.529175159462607
1493.217 13.63886547088623 13.605778694152832 13.543664391854223
1493.232 13.661867141723633 13.605778694152832 13.55577373898682
1493.252 13.642602920532227 13.605778694152832 13.565841130930185
1493.267 13.623753547668457 13.605778694152832 13.574165471879398
1493.282 13.581217765808105 13.605778694152832 13.581009394591408
1493.302 13.54672622680664 15.778499603271484 13.630908877350018
1493.317 13.609686851501465 15.778499603271484 13.723863920155228
1493.332 13.66646671295166 15.778499603271484 13.847554918831795
1493.352 13.991775512695312 15.778499603271484 13.98983749066258
1493.367 14.239006042480469 15.778499603271484 14.141491728904938
1493.382 14.485511779785156 15.778499603271484 14.29564970976874
1493.402 14.869470596313477 15.778499603271484 14.447319872892477
1493.422 14.93994426727295 15.778499603271484 14.592994039479702
1493.432 15.020322799682617 15.778499603271484 14.730324570254856
1493.452 15.174956321716309 15.778499603271484 14.857860758124103
1493.467 15.200255393981934 15.778499603271484 14.974834994800727
1493.487 15.276982307434082 15.778499603271484 15.080990548587655
1493.507 15.243013381958008 17.650089263916016 15.228432554547025
1493.517 15.243946075439453 17.650089263916016 15.401367572249365
1493.532 15.389050483703613 17.650089263916016 15.587768830331322
1493.552 15.687198638916016 17.650089263916016 15.778643080555096
1493.567 15.923001289367676 17.650089263916016 15.96742091202181
1493.582 16.20383071899414 17.650089263916016 16.149452480878114
1493.602 16.62148094177246 17.650089263916016 16.32159279530099
1493.617 16.739810943603516 17.650089263916016 16.48186270162667
1493.632 16.894378662109375 17.650089263916016 16.629173540018016
1493.657 16.894378662109375 17.650089263916016 16.763105078421333
1493.667 17.18614959716797 17.650089263916016 16.883727797798336
1493.682 17.21873664855957 19.52824592590332 17.04363292279024
1493.702 17.283954620361328 19.52824592590332 17.22724862840148
1493.717 17.346540451049805 19.52824592590332 17.42275647964054
1493.732 17.56224250793457 19.52824592590332 17.621356260858477
1493.752 17.859352111816406 19.52824592590332 17.816655264017427
1493.767 18.082141876220703 19.52824592590332 18.004163736740377
1493.782 18.303546905517578 19.52824592590332 18.180880426869265
1493.802 18.583215713500977 19.52824592590332 18.344954208838498
1493.817 18.68918228149414 19.52824592590332 18.495409634616703
1493.832 18.859132766723633 19.52824592590332 18.63192592084058
1493.852 18.95238494873047 21.554973602294922 18.810958368015726
1493.867 19.126201629638672 21.554973602294922 19.01548760585964
1493.882 19.21778678894043 21.554973602294922 19.232608174995573
1493.902 19.499752044677734 21.554973602294922 19.45272140382185
1493.917 19.732709884643555 21.554973602294922 19.668865115054604
1493.932 19.970439910888672 21.554973602294922 19.876160012799037
1493.952 20.358936309814453 21.554973602294922 20.07135506880296
1493.967 20.500450134277344 21.554973602294922 20.252456486283748
1493.982 20.59119987487793 21.554973602294922 20.418426867576468
1494.002 20.739585876464844 18.720569610595703 20.541341688822587
1494.017 20.784191131591797 18.720569610595703 20.621200950022107
1494.037 20.739267349243164 18.720569610595703 20.658004651175027
1494.052 20.710988998413086 18.720569610595703 20.651752792281346
1494.072 20.47988510131836 18.720569610595703 20.602445373341066
1494.082 20.44043731689453 18.720569610595703 20.51483405830025
1494.102 20.150217056274414 18.720569610595703 20.4022052661806
1494.117 19.881946563720703 18.720569610595703 20.27477586040936
1494.132 19.717329025268555 18.720569610595703 20.140279054491604
1494.152 19.57859992980957 14.79170036315918 19.962726688527248
1494.167 19.474815368652344 14.79170036315918 19.74211876251629
1494.182 19.312625885009766 14.79170036315918 19.47845527645873
1494.202 19.055011749267578 14.79170036315918 19.171736230354572
1494.217 18.640483856201172 14.79170036315918 18.83025324284373
1494.232 18.28049659729004 14.79170036315918 18.483586558096988
1494.252 17.773643493652344 14.79170036315918 18.136919873350244
1494.272 17.152099609375 14.79170036315918 17.7902531886035
1494.282 17.06088638305664 14.79170036315918 17.456318519256435
1494.302 16.894622802734375 14.79170036315918 17.14298149910229
1494.317 16.478418350219727 11.701061248779297 16.796314814355547
1494.332 16.213655471801758 11.701061248779297 16.449648129608804
1494.352 15.804024696350098 11.701061248779297 16.10298144486206
1494.367 15.448148727416992 11.701061248779297 15.756314760115318
1494.382 15.09999942779541 11.701061248779297 15.409648075368576
1494.402 14.65893840789795 11.701061248779297 15.062981390621834
1494.417 14.360466003417969 11.701061248779297 14.716314705875092
1494.432 14.199599266052246 11.701061248779297 14.36964802112835
1494.452 13.825782775878906 11.701061248779297 14.040363373373335
1494.467 13.63628101348877 11.701061248779297 13.739395425998012
1494.482 13.438213348388672 11.701061248779297 13.467081335108832
1494.502 13.219353675842285 11.701061248779297 13.222866788702795
1494.517 13.020304679870605 9.916250228881836 12.955995897811446
1494.532 12.747493743896484 9.916250228881836 12.680301041449532
1494.552 12.478289604187012 9.916250228881836 12.405940534550748
1494.567 12.16226577758789 9.916250228881836 12.140157437400733
1494.582 11.843804359436035 9.916250228881836 11.88790434835707
1494.602 11.440592765808105 9.916250228881836 11.65235479590513
1494.617 11.1639404296875 9.916250228881836 11.435319154903253
1494.632 10.945005416870117 9.916250228881836 11.237580585268134
1494.652 10.681928634643555 9.916250228881836 11.059164321779061
1494.667 10.643148422241211 9.916250228881836 10.899551718578557
1494.682 10.613913536071777 9.916250228881836 10.757848755525037
1494.702 10.578347206115723 9.916250228881836 10.632917228140936
1494.717 10.584634780883789 9.916250228881836 10.523475549972517
1494.732 10.534550666809082 9.916250228881836 10.428174977112667
1494.752 10.492496490478516 9.916250228881836 10.345656101259452
1494.767 10.467655181884766 9.916250228881836 10.27458963264047
1494.782 10.38278865814209 9.916250228881836 10.213704791148782
1494.802 10.289615631103516 9.916250228881836 10.161808028054603
1494.817 10.1485595703125 9.916250228881836 10.117794297915474
1494.832 10.103209495544434 9.916250228881836 10.080652678353479
1494.852 10.018474578857422 9.916250228881836 10.04946778303233
1494.867 9.960402488708496 9.916250228881836 10.02341812051171
1494.882 9.935629844665527 9.916250228881836 10.00177230990108
1494.902 9.917586326599121 9.916250228881836 9.98388386567388
1494.917 9.89944839477539 9.916250228881836 9.96918510191298
1494.937 9.911065101623535 9.916250228881836 9.95718057480841
1494.952 9.97082805633545 9.916250228881836 9.947440376388748
1494.967 9.957868576049805 9.916250228881836 9.939593507921913
1494.982 9.964465141296387 9.916250228881836 9.933321494484552
1495.002 9.981091499328613 9.916250228881836 9.928352349742031
1495.017 9.955461502075195 9.916250228881836 9.924454959357693
1495.032 9.96340274810791 9.916250228881836 9.921433920436185
1495.052 9.957494735717773 9.916250228881836 9.919124851139994
1495.067 9.933112144470215 9.916250228881836 9.9173901675519
1495.082 9.909025192260742 9.916250228881836 9.916115312706374
1495.102 9.903348922729492 12.951306343078613 9.957896017907448
1495.117 9.943643569946289 12.951306343078613 10.042732283155122
1495.132 10.031891822814941 12.951306343078613 10.170624108449395
1495.152 10.463326454162598 12.951306343078613 10.339521095928129
1495.172 10.80053997039795 12.951306343078613 10.533113532224904
1495.182 10.871943473815918 12.951306343078613 10.739026804907184
1495.202 11.236126899719238 12.951306343078613 10.948050196423655
1495.217 11.509939193725586 12.951306343078613 11.15349630046647
1495.237 11.78351879119873 12.951306343078613 11.350671845054013
1495.252 11.90999698638916 12.951306343078613 11.536443056455418
1495.267 12.009078979492188 12.951306343078613 11.708880850609203
1495.282 12.082357406616211 12.951306343078613 11.866973090039762
1495.302 12.125314712524414 12.951306343078613 12.010392897243971
1495.317 12.15904712677002 12.951306343078613 12.13931357762044
1495.332 12.187037467956543 12.951306343078613 12.25426208693395
1495.352 12.260849952697754 12.951306343078613 12.356004192711486
1495.367 12.324426651000977 12.951306343078613 12.445455539583667
1495.382 12.372196197509766 15.5440034866333 12.577962446502449
1495.402 12.588143348693848 15.5440034866333 12.75352491346783
1495.417 12.846309661865234 15.5440034866333 12.95685798064971
1495.432 13.156407356262207 15.5440034866333 13.174445169565516
1495.457 13.579194068908691 15.5440034866333 13.396203722968561
1495.467 13.884870529174805 15.5440034866333 13.614791793733202
1495.482 14.272300720214844 15.5440034866333 13.825035793832582
1495.512 14.635882377624512 15.5440034866333 14.023459765022116
1495.522 14.635882377624512 15.5440034866333 14.20790093811518
1495.532 14.774648666381836 15.5440034866333 14.37719773965874
1495.552 14.83109188079834 15.5440034866333 14.530938385726646
1495.567 14.812546730041504 15.5440034866333 14.6692598799862
1495.582 14.772282600402832 15.5440034866333 14.792688718214071
1495.602 14.742841720581055 16.562034606933594 14.930294552488936
1495.617 14.82206916809082 16.562034606933594 15.074238182370536
1495.632 14.914453506469727 16.562034606933594 15.218725464429527
1495.652 15.243206977844238 16.562034606933594 15.359588827842888
1495.667 15.395271301269531 16.562034606933594 15.493942177999694
1495.682 15.588825225830078 16.562034606933594 15.619897980858529
1495.702 15.874181747436523 16.562034606933594 15.736336768944657
1495.717 16.038681030273438 16.562034606933594 15.842720618800099
1495.732 16.17116355895996 16.562034606933594 15.938943322490129
1495.752 16.27126121520996 16.562034606933594 16.025211018419352
1495.767 16.29803466796875 16.562034606933594 16.101947967130222
1495.782 16.291059494018555 13.566715240478516 16.135629355794492
1495.802 16.24773597717285 13.566715240478516 16.126255184412162
1495.817 16.127336502075195 13.566715240478516 16.07382545298323
1495.832 15.932640075683594 13.566715240478516 15.978340161507697
1495.852 15.635709762573242 13.566715240478516 15.84291944923396
1495.867 15.280265808105469 13.566715240478516 15.68264003948939
1495.882 15.139760971069336 13.566715240478516 15.5089974365487
1495.902 14.892373085021973 13.566715240478516 15.330601284821952
1495.917 14.773014068603516 13.566715240478516 15.153753872378077
1495.932 14.579761505126953 13.566715240478516 14.982928818366554
1495.952 14.474141120910645 13.566715240478516 14.821164928693392
1495.967 14.418213844299316 13.566715240478516 14.670388315177336
1495.982 14.398770332336426 13.566715240478516 14.531674155779383
1496.002 14.366225242614746 13.566715240478516 14.405457926484129
1496.017 14.354829788208008 13.566715240478516 14.291704553646145
1496.032 14.344213485717773 13.566715240478516 14.190042710660135
1496.062 14.26782512664795 13.566715240478516 14.09987040426687
1496.067 14.186128616333008 13.566715240478516 14.02043705214526
1496.082 14.0728178024292 13.566715240478516 13.950906432659847
1496.102 13.948540687561035 13.566715240478516 13.890404177715654
1496.117 13.948540687561035 13.566715240478516 13.838052868927454
1496.132 13.780088424682617 13.566715240478516 13.792997274604181
1496.152 13.654255867004395 15.474258422851562 13.790997240327508
1496.167 13.681737899780273 15.474258422851562 13.832052766097435
1496.182 13.799285888671875 15.474258422851562 13.907092720849471
1496.202 13.95262622833252 15.474258422851562 14.004403739131517
1496.222 14.133825302124023 15.474258422851562 14.114972601824514
1496.232 14.354952812194824 15.474258422851562 14.231971561865388
1496.252 14.627838134765625 15.474258422851562 14.350328786792645
1496.272 14.801814079284668 15.474258422851562 14.466371733833046
1496.282 14.925145149230957 15.474258422851562 14.577532699556938
1496.302 15.00998306274414 15.474258422851562 14.682107107150616
1496.317 15.00998306274414 15.474258422851562 14.779056303223255
1496.332 15.045531272888184 15.474258422851562 14.867847730980017
1496.352 14.994475364685059 17.04850196838379 14.992055321362065
1496.367 15.027244567871094 17.04850196838379 15.138194283231725
1496.382 15.133654594421387 17.04850196838379 15.29599131164584
1496.402 15.427611351013184 17.04850196838379 15.457760036331388
1496.417 15.579327583312988 17.04850196838379 15.61788156713168
1496.432 15.796077728271484 17.04850196838379 15.772374788241262
1496.452 16.09010124206543 17.04850196838379 15.91854290867721
1496.467 16.280046463012695 17.04850196838379 16.054684481095563
1496.482 16.389368057250977 17.04850196838379 16.17985865017672
1496.502 16.53274917602539 17.04850196838379 16.293695786413338
1496.517 16.606210708618164 17.04850196838379 16.396245906275826
1496.532 16.628713607788086 17.04850196838379 16.487858383165882
1496.552 16.643049240112305 19.03685188293457 16.62252642010254
1496.567 16.705324172973633 19.03685188293457 16.786103114435647
1496.582 16.808521270751953 19.03685188293457 16.965853881936937
1496.602 17.13031005859375 19.03685188293457 17.15220299090723
1496.617 17.45889663696289 19.03685188293457 17.33810454648814
1496.632 17.58404541015625 19.03685188293457 17.518521422841825
1496.652 17.9301815032959 19.03685188293457 17.689996032075587
1496.667 18.015512466430664 19.03685188293457 17.850298832585544
1496.682 18.2706298828125 19.03685188293457 17.99814231430767
1496.702 18.465763092041016 19.03685188293457 18.132949853939756
1496.717 18.498693466186523 21.242992401123047 18.31081295361844
1496.732 18.55895233154297 21.242992401123047 18.519730943353075
1496.752 18.8090763092041 21.242992401123047 18.745101659070947
1496.767 19.015291213989258 21.242992401123047 18.976003196521855
1496.782 19.259183883666992 21.242992401123047 19.204454557201494
1496.802 19.593034744262695 21.242992401123047 19.424804086106015
1496.817 19.83275604248047 21.242992401123047 19.63322648147229
1496.832 20.021039962768555 21.242992401123047 19.827311586392774
1496.852 20.26958656311035 21.242992401123047 20.0057303798955
1496.867 20.364078521728516 20.449254989624023 20.1459173086024
1496.882 20.435359954833984 20.449254989624023 20.254810653011422
1496.902 20.43122673034668 20.449254989624023 20.33825211369807
1496.922 20.41078758239746 20.449254989624023 20.40113523949894
1496.932 20.34693145751953 20.449254989624023 20.447538138592133
1496.952 20.3251895904541 20.449254989624023 20.480841239234643
1496.967 20.299406051635742 20.449254989624023 20.503831064955616
1496.982 20.310726165771484 20.449254989624023 20.518791104131918
1497.002 20.360559463500977 20.449254989624023 20.527580906382727
1497.017 20.417667388916016 18.462467193603516 20.493315148586937
1497.032 20.38395118713379 18.462467193603516 20.415993830744547
1497.052 20.282649993896484 18.462467193603516 20.30631558629703
1497.067 20.154813766479492 18.462467193603516 20.17649482981308
1497.082 19.930755615234375 18.462467193603516 20.035844739168038
1497.102 19.746164321899414 18.462467193603516 19.891340573237457
1497.117 19.51911163330078 18.462467193603516 19.748088325103737
1497.132 19.42190933227539 18.462467193603516 19.609712514235824
1497.152 19.247756958007812 18.462467193603516 19.478675256261393
1497.167 19.148771286010742 16.970386505126953 19.315090528516905
1497.182 19.076416015625 16.970386505126953 19.132724135273932
1497.202 18.817516326904297 16.970386505126953 18.941963282375283
1497.217 18.600242614746094 16.970386505126953 18.750485313314016
1497.232 18.382810592651367 16.970386505126953 18.56381224404219
1497.252 18.24590301513672 16.970386505126953 18.38576804979133
1497.267 18.105432510375977 16.970386505126953 18.218853555089723
1497.282 17.968048095703125 16.970386505126953 18.064551859125952
1497.302 17.809898376464844 16.970386505126953 17.92357549407288
1497.317 17.725618362426758 15.389954566955566 17.752164068107092
1497.332 17.543663024902344 15.389954566955566 17.56370227793263
1497.352 17.31134033203125 15.389954566955566 17.36825611060037
1497.367 17.090791702270508 15.389954566955566 17.17323353384486
1497.382 16.872142791748047 15.389954566955566 16.9839318246936
1497.402 16.607006072998047 15.389954566955566 16.803988451932423
1497.417 16.42863655090332 15.389954566955566 16.635750314321708
1497.432 16.3005428314209 15.389954566955566 16.480574210483617
1497.452 16.16093635559082 15.389954566955566 16.339069678434672
1497.467 16.06514549255371 15.389954566955566 16.21129378782173
1497.482 16.020606994628906 15.389954566955566 16.09690608736675
1497.502 15.940862655639648 15.389954566955566 15.995290692782321
1497.517 15.933725357055664 15.389954566955566 15.905651434027043
1497.532 15.864344596862793 15.389954566955566 15.827085052108611
1497.552 15.829870223999023 15.389954566955566 15.758636631485006
1497.567 15.787734031677246 15.389954566955566 15.699340761522162
1497.582 15.753846168518066 15.389954566955566 15.648251327068392
1497.602 15.695497512817383 15.389954566955566 15.604462322379936
1497.617 15.61014175415039 15.389954566955566 15.567121653616965
1497.632 15.581202507019043 15.389954566955566 15.535439533079137
1497.652 15.46408462524414 15.389954566955566 15.508692764348002
1497.667 15.425089836120605 16.067384719848633 15.505043469757501
1497.682 15.402802467346191 16.067384719848633 15.518048733931233
1497.702 15.48216438293457 16.067384719848633 15.542628507597383
1497.717 15.588565826416016 16.067384719848633 15.574820574666788
1497.732 15.627479553222656 16.067384719848633 15.611573894384167
1497.752 15.72508430480957 16.067384719848633 15.650575186110997
1497.767 15.800029754638672 16.067384719848633 15.690104155083745
1497.782 15.823060989379883 16.067384719848633 15.72891326571116
1497.802 15.900372505187988 16.067384719848633 15.766128446905181
1497.822 15.926851272583008 16.067384719848633 15.801167556887828
1497.832 15.912609100341797 16.067384719848633 15.833673840488991
1497.852 15.890515327453613 12.630522727966309 15.823124564043555
1497.867 15.85075569152832 12.630522727966309 15.769519727551518
1497.882 15.729589462280273 12.630522727966309 15.672859331012882
1497.902 15.45779800415039 12.630522727966309 15.533143374427645
1497.917 15.222077369689941 12.630522727966309 15.352385247905355
1497.932 14.926997184753418 12.630522727966309 15.147234626461788
1497.952 14.547706604003906 12.630522727966309 14.9303013463196
1497.967 14.266945838928223 12.630522727966309 14.71094975269446
1497.982 14.023296356201172 12.630522727966309 14.495958134900755
1498.002 13.806705474853516 12.630522727966309 14.290063156394568
1498.017 13.67741870880127 12.630522727966309 14.09640674146509
1498.032 13.655457496643066 12.630522727966309 13.916900642338334
1498.052 13.617826461791992 12.630522727966309 13.752521883712504
1498.067 13.597471237182617 12.630523681640625 13.603550489151198
1498.082 13.570784568786621 12.630523681640625 13.469759133333465
1498.102 13.474493980407715 12.630523681640625 13.350563231995793
1498.117 13.406237602233887 12.630523681640625 13.245138403757895
1498.132 13.316277503967285 12.630523681640625 13.152511312127858
1498.152 13.13516902923584 12.630523681640625 13.071628906580226
1498.167 13.107707023620605 12.630523681640625 13.001410259606553
1498.182 13.000493049621582 12.630523681640625 12.940784490961585
1498.202 12.913077354431152 12.630523681640625 12.88871766761512
1498.217 12.772480964660645 12.630523681640625 12.844231055738817
1498.232 12.740689277648926 12.630523681640625 12.806412667985132
1498.252 12.673189163208008 12.630523681640625 12.774423684967967
1498.267 12.66116714477539 12.630523681640625 12.747501024880108
1498.282 12.669466018676758 15.796643257141113 12.76363392483885
1498.302 12.726387023925781 15.796643257141113 12.82282238484419
1498.317 12.85921859741211 15.796643257141113 12.925066404896132
1498.332 13.053641319274902 15.796643257141113 13.070365984994675
1498.357 13.425907135009766 15.796643257141113 13.25022728071041
1498.367 13.806909561157227 15.796643257141113 13.44986165781673
1498.382 14.007048606872559 15.796643257141113 13.658121343018285
1498.402 14.336690902709961 15.796643257141113 13.866777507034952
1498.417 14.51428508758545 15.796643257141113 14.069921809036
1498.432 14.652020454406738 15.796643257141113 14.26347304547423
1498.452 14.783485412597656 15.796643257141113 14.444772827938996
1498.467 14.846161842346191 15.796643257141113 14.612256296310047
1498.482 14.872870445251465 15.796643257141113 14.765185754066962
1498.502 14.925068855285645 13.497088432312012 14.875059651777278
1498.517 14.904985427856445 13.497088432312012 14.941877989440993
1498.532 14.854528427124023 13.497088432312012 14.965640767058108
1498.552 14.798731803894043 13.497088432312012 14.946347984628623
1498.567 14.762007713317871 13.497088432312012 14.892264276853522
1498.582 14.542069435119629 13.497088432312012 14.814749398467512
1498.602 14.460649490356445 13.497088432312012 14.722595372780802
1498.617 14.30536937713623 13.497088432312012 14.622509792725442
1498.632 14.181753158569336 13.497088432312012 14.519520087447951
1498.652 14.130327224731445 13.497088432312012 14.417309917915853
1498.667 14.059069633483887 13.497088432312012 14.318497587328473
1498.682 14.033329010009766 13.497088432312012 14.22486516184833
1498.702 14.047791481018066 10.657233238220215 14.088177176321587
1498.717 14.026289939880371 10.657233238220215 13.908433630748243
1498.732 13.920208930969238 10.657233238220215 13.689306294308563
1498.752 13.581418991088867 10.657233238220215 13.44804077942155
1498.767 13.37222957611084 10.657233238220215 13.197611390864777
1498.787 12.871112823486328 10.657233238220215 12.947570932276719
1498.812 12.345792770385742 10.657233238220215 12.70475477584575
1498.817 12.000105857849121 10.657233238220215 12.473860929791682
1498.832 11.665464401245117 10.657233238220215 12.257925124613168
1498.852 11.458109855651855 10.657233238220215 12.058707465943943
1498.867 11.314980506896973 10.657233238220215 11.877004969788477
1498.882 11.304149627685547 10.657233238220215 11.712902298595397
1498.902 11.362793922424316 10.657233238220215 11.565971243040575
1498.917 11.429708480834961 8.783186912536621 11.383371082598291
1498.937 11.39881420135498 8.783186912536621 11.180280291388433
1498.952 11.3607816696167 8.783186912536621 10.968145959886655
1498.972 11.12222957611084 8.783186912536621 10.755423045576782
1498.982 10.90149211883545 8.783186912536621 10.548187284054764
1499.002 10.658945083618164 8.783186912536621 10.350640531481247
1499.022 10.007981300354004 8.783186912536621 10.165524978877073
1499.032 9.656360626220703 8.783186912536621 9.99446055195371
1499.052 9.312843322753906 8.783186912536621 9.838217888359706
1499.067 9.12233829498291 8.783186912536621 9.696937562707483
1499.082 9.019974708557129 8.783186912536621 9.570304699592128
1499.102 8.969125747680664 8.783186912536621 9.457686764309646
1499.117 9.048791885375977 8.783186912536621 9.358241136739997
1499.147 9.24544620513916 8.783186912536621 9.270998041668305
1499.152 9.24544620513916 8.783186912536621 9.194923514266828
1499.167 9.45346736907959 8.783186912536621 9.128966308401097
1499.182 9.508284568786621 8.783186912536621 9.07209199428497
1499.217 9.431877136230469 7.970732688903809 9.000738752779345
1499.217 9.431877136230469 7.970732688903809 8.920990981551546
1499.232 9.198914527893066 7.970732688903809 8.837442346912072
1499.252 8.81132984161377 7.970732688903809 8.753490555865792
1499.267 8.5538911819458 7.970732688903809 8.671581830506234
1499.282 8.223877906799316 7.970732688903809 8.593412544800396
1499.302 8.015868186950684 7.970732688903809 8.520094560065008
1499.317 7.940001010894775 7.970732688903809 8.452289951852952
1499.332 7.941764831542969 7.970732688903809 8.390320058270163
1499.352 8.030259132385254 7.970732688903809 8.334253096197871
1499.367 8.139848709106445 7.970732688903809 8.283973984063113
1499.382 8.252663612365723 7.970732688903809 8.239239473114152
1499.402 8.392266273498535 7.970732688903809 8.199721218366832
1499.417 8.401963233947754 7.970732688903809 8.165039009899981
1499.432 8.568854331970215 7.970732688903809 8.134786029309462
1499.452 8.449353218078613 7.970732688903809 8.108547689291143
1499.467 8.381174087524414 7.970732688903809 8.085915351144557
1499.482 8.258983612060547 7.970732688903809 8.066495990411296
1499.502 8.086261749267578 7.970732688903809 8.049918690186741
1499.517 7.894223213195801 7.970732688903809 8.035838680561254
1499.532 7.7633819580078125 7.559166431427002 8.012507110013964
1499.552 7.7383856773376465 7.559166431427002 7.983193353525563
1499.567 7.689641952514648 7.559166431427002 7.950406634966265
1499.582 7.698338031768799 7.559166431427002 7.91604170258468
1499.602 7.71623420715332 7.559166431427002 7.881500298541725
1499.617 7.774633884429932 7.559166431427002 7.847791906689781
1499.632 7.807210922241211 7.559166431427002 7.815616851211531
1499.652 7.8490424156188965 7.559166431427002 7.785434438412724
1499.667 7.8713765144348145 7.559166431427002 7.757518486614382
1499.682 7.8673095703125 7.559166431427002 7.7320022750192745
1499.702 7.815732479095459 7.559166431427002 7.708914660930376
1499.722 7.7722859382629395 7.559166431427002 7.688208864365516
1499.732 7.749576091766357 7.559166431427002 7.669785198066706
1499.752 7.665336608886719 7.559166431427002 7.653508826986523
1499.772 7.592676639556885 7.559166431427002 7.639223472247346
1499.782 7.585331439971924 7.559166431427002 7.626761827973949
1499.807 7.5324177742004395 7.559166431427002 7.6159533329955575
1499.817 7.537055492401123 7.559166431427002 7.60662983099043
1499.832 7.515382766723633 7.559166431427002 7.598629560121355
1499.862 7.5276899337768555 7.559166431427002 7.591799834649775
1499.867 7.584928035736084 7.559166431427002 7.585998714645323
1499.882 7.59825325012207 7.559166431427002 7.581095904116268
1499.902 7.599147796630859 7.559166431427002 7.576973071226876
1499.922 7.639801025390625 7.559166431427002 7.57352374544881
1499.932 7.6372246742248535 7.559166431427002 7.570652914372184
1499.952 7.621807098388672 7.559166431427002 7.568276416472377
1499.967 7.615602016448975 7.559166431427002 7.5663202045127536
1499.992 7.559075832366943 7.559166431427002 7.5647195366974875
1500.002 7.566500186920166 7.559166431427002 7.5634181385132635
1500.017 7.530957221984863 7.559166431427002 7.562367366846863
1500.032 7.532971382141113 7.559166431427002 7.561525398952755
1500.052 7.529049396514893 7.559166431427002 7.560856461758536
1500.067 7.528634548187256 7.559166431427002 7.560330111487346
1500.082 7.535584926605225 7.559166431427002 7.559920569351279
1500.102 7.554373741149902 7.559166431427002 7.559606115881957
1500.117 7.561173915863037 7.559166431427002 7.559368544108566
1500.132 7.571344375610352 7.559166431427002 7.5591926700994065
1500.152 7.5901899337768555 7.559166431427002 7.5590658982100205
1500.167 7.590728759765625 7.559166431427002 7.558977837614153
1500.182 7.602220058441162 7.559166431427002 7.558919966239318
1500.202 7.589691162109375 7.559166431427002 7.558885338010803
1500.217 7.5530524253845215 7.559166431427002 7.5588683292654775
1500.232 7.56330680847168 7.559166431427002 7.558864420281373
1500.252 7.5455098152160645 7.559166431427002 7.558870008042187
1500.267 7.529164791107178 7.559166431427002 7.558882246587792
1500.292 7.52178430557251 7.559166431427002 7.558898911569429
1500.307 7.535141468048096 7.559166431427002 7.558918285913953
1500.317 7.5346174240112305 7.559166431427002 7.558939063792213
1500.332 7.533003807067871 11.057500839233398 7.602015401717073
1500.352 7.622314453125 11.057500839233398 7.6881472996885325
1500.367 7.773841857910156 11.057500839233398 7.817334757706592
1500.382 7.963028907775879 11.057500839233398 7.989577775771252
1500.402 8.444772720336914 11.057500839233398 8.198238696824344
1500.417 8.639141082763672 11.057500839233398 8.427202977180496
1500.432 8.96976375579834 11.057500839233398 8.66435787850829
1500.452 9.449997901916504 11.057500839233398 8.900795087909593
1500.467 9.603791236877441 11.057500839233398 9.130150250494633
1500.482 9.807845115661621 11.057500839233398 9.348058968896321
1500.502 9.941637992858887 11.057500839233398 9.551711381882102
1500.522 9.971778869628906 11.057500839233398 9.739489764135248
1500.532 10.116823196411133 11.057500839233398 9.910675691213466
1500.552 10.11994743347168 11.057500839233398 10.065215193857775
1500.567 10.16716480255127 11.057500839233398 10.203531994826987
1500.587 10.173613548278809 11.057500839233398 10.32638039274108
1500.602 10.210712432861328 11.057500839233398 10.434730646174023
1500.622 10.310790061950684 11.057500839233398 10.52968083336708
1500.632 10.432682037353516 11.057500839233398 10.612390134477977
1500.652 10.605822563171387 11.057500839233398 10.684029319918151
1500.667 10.708913803100586 13.36890983581543 10.798724065404926
1500.682 10.853632926940918 13.36890983581543 10.95231602126732
1500.702 11.071976661682129 13.36890983581543 11.129517866994036
1500.717 11.46998119354248 13.36890983581543 11.318717859435456
1500.732 11.801023483276367 13.36890983581543 11.511260967617991
1500.757 12.154816627502441 13.36890983581543 11.700851555135973
1500.767 12.306480407714844 13.36890983581543 11.88305976379649
1500.787 12.468740463256836 13.36890983581543 12.05491592806085
1500.802 12.655791282653809 13.36890983581543 12.214579344488982
1500.817 12.69356918334961 13.36890983581543 12.36106952978459
1500.832 12.664227485656738 13.36890983581543 12.49404972739167
1500.852 12.638008117675781 13.36890983581543 12.613653872591664
1500.872 12.585155487060547 13.36890983581543 12.720349509384357
1500.882 12.6021089553833 13.36890983581543 12.81483028067807
1500.912 12.702996253967285 16.498836517333984 12.952366612018382
1500.917 12.725394248962402 16.498836517333984 13.132958503405295
1500.932 12.935948371887207 16.498836517333984 13.355879310814455
1500.952 13.365838050842285 16.498836517333984 13.602943595451242
1500.967 13.711910247802734 16.498836517333984 13.860447807566405
1500.982 13.90091323852539 16.498836517333984 14.118281072026386
1501.002 14.102181434631348 16.498836517333984 14.369188121457677
1501.017 14.663237571716309 16.498836517333984 14.608161742565118
1501.032 14.965007781982422 16.498836517333984 14.831944916715852
1501.052 15.487654685974121 16.498836517333984 15.03862540417505
1501.072 15.813972473144531 16.498836517333984 15.227307841174218
1501.082 16.135971069335938 16.498836517333984 15.397850496257425
1501.102 16.536373138427734 16.498836517333984 15.550655678100236
1501.117 16.75031280517578 19.30722427368164 15.746516419989648
1501.132 16.832164764404297 19.30722427368164 15.98543272192566
1501.152 16.733922958374023 19.30722427368164 16.2489280652895
1501.167 16.733922958374023 19.30722427368164 16.52271907212318
1501.182 16.672679901123047 19.30722427368164 16.796283331086094
1501.202 16.7796688079834 19.30722427368164 17.06208607942559
1501.217 16.867809295654297 19.30722427368164 17.31494300148675
1501.232 17.210298538208008 19.30722427368164 17.55149827744984
1501.252 17.415193557739258 19.30722427368164 17.769799726710268
1501.267 17.940156936645508 19.30722427368164 17.968955337324882
1501.282 18.164716720581055 19.30722427368164 18.14885766298769
1501.302 18.67729949951172 17.532644271850586 18.2857044286039
1501.317 18.876123428344727 17.532644271850586 18.37949563417351
1501.332 18.91364097595215 17.532644271850586 18.430231279696518
1501.352 18.81537628173828 17.532644271850586 18.441658849864076
1501.367 18.636512756347656 17.532644271850586 18.424598200736654
1501.382 18.433330535888672 17.532644271850586 18.387594901838437
1501.402 18.11517906188965 17.532644271850586 18.33732724042023
1501.417 17.8712158203125 17.532644271850586 18.2789497767993
1501.432 17.758577346801758 17.532644271850586 18.2163818847671
1501.452 17.693193435668945 17.532644271850586 18.152548849617588
1501.467 17.658151626586914 15.125027656555176 18.045660254421477
1501.482 17.634742736816406 15.125027656555176 17.895716099178767
1501.502 17.55423355102539 15.125027656555176 17.711292547591967
1501.517 17.430776596069336 15.125027656555176 17.507281639435394
1501.532 17.298519134521484 15.125027656555176 17.294900096288718
1501.552 17.1455078125 15.125027656555176 17.08241908611449
1501.567 16.74662208557129 15.125027656555176 16.875769042136923
1501.582 16.42499351501465 15.125027656555176 16.679038136778935
1501.602 16.269533157348633 15.125027656555176 16.49488069522614
1501.617 16.091903686523438 15.125027656555176 16.324849720902435
1501.632 15.931572914123535 15.125027656555176 16.16966579766359
1501.652 15.75233268737793 15.125027656555176 16.02943292580022
1501.667 15.710043907165527 15.125027656555176 15.903810331826413
1501.682 15.716706275939941 15.125027656555176 15.792147953654158
1501.707 15.733545303344727 15.125027656555176 15.693592129650602
1501.717 15.74191951751709 15.125027656555176 15.607166998004375
1501.732 15.742157936096191 15.125027656555176 15.531836227386675
1501.752 15.654892921447754 15.125027656555176 15.466548936966458
1501.767 15.586756706237793 15.125027656555176 15.410273009906865
1501.782 15.507758140563965 15.125027656555176 15.362018446815048
1501.802 15.36789321899414 15.125027656555176 15.32085293245175
1501.817 15.271232604980469 15.125027656555176 15.285911389535167
1501.832 15.218252182006836 17.88343620300293 15.294025406665185
1501.857 15.193979263305664 17.88343620300293 15.345194983841802
1501.867 15.250394821166992 17.88343620300293 15.43942012106502
1501.882 15.416685104370117 17.88343620300293 15.574837477373425
1501.902 15.890543937683105 17.88343620300293 15.736014329794363
1501.917 16.046411514282227 17.88343620300293 15.911175018792166
1501.937 16.458965301513672 17.88343620300293 16.091491881928178
1501.952 16.692495346069336 17.88343620300293 16.270495200844145
1501.967 16.881929397583008 17.88343620300293 16.443584831488838
1501.982 16.977155685424805 17.88343620300293 16.607628273162632
1502.002 17.103670120239258 17.88343620300293 16.76063185013027
1502.017 17.13530921936035 19.413772583007812 16.943982772741194
1502.032 17.167217254638672 19.413772583007812 17.14398954423314
1502.052 17.406593322753906 19.413772583007812 17.35037726294497
1502.067 17.495681762695312 19.413772583007812 17.55560500095232
1502.082 17.679630279541016 19.413772583007812 17.75430064837709
1502.102 17.968198776245117 19.413772583007812 17.94279564019892
1502.117 18.218765258789062 19.413772583007812 18.118744189781502
1502.137 18.37436866760254 19.413772583007812 18.280813662390926
1502.152 18.59881019592285 19.413772583007812 18.428434533110387
1502.167 18.719797134399414 21.552968978881836 18.619110963876448
1502.187 18.908056259155273 21.552968978881836 18.83725846758091
1502.202 19.183359146118164 21.552968978881836 19.0690339196392
1502.217 19.423675537109375 21.552968978881836 19.30413786014318
1502.232 19.673763275146484 21.552968978881836 19.535096551622182
1502.252 20.040895462036133 21.552968978881836 19.756668961484266
1502.267 20.24911880493164 21.552968978881836 19.96535974652143
1502.282 20.380537033081055 21.552968978881836 20.15902173376871
1502.302 20.58213233947754 21.552968978881836 20.33653358261511
1502.317 20.6867733001709 24.08243179321289 20.55710099150811
1502.332 20.812742233276367 24.08243179321289 20.813100163772813
1502.352 21.134166717529297 24.08243179321289 21.08738101040345
1502.367 21.415773391723633 24.08243179321289 21.367144810191743
1502.382 21.706331253051758 24.08243179321289 21.64306684219061
1502.402 22.198707580566406 24.08243179321289 21.908571105642167
1502.417 22.28911590576172 24.08243179321289 22.159234182590264
1502.432 22.633771896362305 24.08243179321289 22.392298212122018
1502.452 22.9132022857666 24.70672607421875 22.62361709938441
1502.467 23.15007972717285 24.70672607421875 22.84725977606314
1502.482 23.311298370361328 24.70672607421875 23.059188871381274
1502.502 23.423707962036133 24.70672607421875 23.256836313635624
1502.517 23.55767822265625 24.70672607421875 23.438758364103343
1502.532 23.61848258972168 24.70672607421875 23.604357159871803
1502.552 23.757415771484375 24.70672607421875 23.753657656318065
1502.567 23.867677688598633 24.70672607421875 23.887130468712606
1502.592 24.02937126159668 26.13385772705078 24.04519507930887
1502.602 24.08055305480957 26.13385772705078 24.21649312750065
1502.617 24.304784774780273 26.13385772705078 24.39251685949424
1502.632 24.599607467651367 26.13385772705078 24.567037782855003
1502.652 24.812944412231445 26.13385772705078 24.735633889452096
1502.667 25.05235481262207 26.13385772705078 24.89530065178436
1502.682 25.229522705078125 26.13385772705078 25.04413286255359
1502.702 25.3819580078125 26.13385772705078 25.181066083021257
1502.717 25.489774703979492 27.788034439086914 25.351617350888336
1502.732 25.740489959716797 27.788034439086914 25.54152401651553
1502.752 25.941524505615234 27.788034439086914 25.7400268645449
1502.767 26.003677368164062 27.788034439086914 25.939176341259508
1502.782 26.314495086669922 27.788034439086914 26.13325730470321
1502.802 26.535741806030273 27.788034439086914 26.318314695275223
1502.817 26.703420639038086 27.788034439086914 26.491764708481558
1502.832 26.859333038330078 27.19113540649414 26.635497514576436
1502.852 26.88817024230957 27.19113540649414 26.753940410983695
1502.867 26.901187896728516 27.19113540649414 26.8509687916896
1502.882 26.92058563232422 27.19113540649414 26.92995487004745
1502.902 26.92595672607422 27.19113540649414 26.99381657402812
1502.917 26.92560577392578 27.19113540649414 27.045065206855252
1502.932 26.93124008178711 24.67778205871582 27.053258279635784
1502.952 26.922733306884766 24.67778205871582 27.018395792369716
1502.967 26.84902572631836 24.67778205871582 26.94047774505705
1502.982 26.772384643554688 24.67778205871582 26.821783814457728
1503.002 26.521364212036133 24.67778205871582 26.677164222077188
1503.017 26.26600456237793 24.67778205871582 26.51798178378837
1503.032 26.15414810180664 24.67778205871582 26.352784374338608
1503.052 25.92806625366211 21.86894989013672 26.144531404842247
1503.067 25.686473846435547 21.86894989013672 25.893222875299287
1503.082 25.420928955078125 21.86894989013672 25.60133306048133
1503.102 25.011327743530273 21.86894989013672 25.28846804307331
1503.117 24.649972915649414 21.86894989013672 24.96926149328687
1503.132 24.30954360961914 21.86894989013672 24.654377028253002
1503.152 23.917482376098633 21.86894989013672 24.35133684883569
1503.167 23.670345306396484 18.832393646240234 24.005241109371777
1503.182 23.42520523071289 18.832393646240234 23.658574424625034
1503.202 22.836589813232422 18.832393646240234 23.31190773987829
1503.217 22.64006996154785 18.832393646240234 22.965241055131546
1503.232 22.306285858154297 18.832393646240234 22.618574370384803
1503.252 21.753009796142578 18.832393646240234 22.27190768563806
1503.267 21.616798400878906 18.832393646240234 21.925241000891315
1503.282 21.38510513305664 18.832393646240234 21.57857431614457
1503.302 21.10136604309082 16.291866302490234 21.231907631397828
1503.317 20.819475173950195 16.291866302490234 20.885240946651084
1503.332 20.47117042541504 16.291866302490234 20.53857426190434
1503.352 19.972583770751953 16.291866302490234 20.191907577157597
1503.367 19.589765548706055 16.291866302490234 19.845240892410853
1503.382 19.239744186401367 16.291866302490234 19.49857420766411
1503.402 18.73519515991211 16.291866302490234 19.151907522917366
1503.417 18.588762283325195 16.291866302490234 18.805240838170622
1503.432 18.363216400146484 16.291866302490234 18.486758855177687
1503.452 18.10329818725586 14.600948333740234 18.15057424632898
1503.467 17.84239959716797 14.600948333740234 17.811041218209546
1503.482 17.547321319580078 14.600948333740234 17.478539963649332
1503.502 17.10311508178711 14.600948333740234 17.160314293626065
1503.517 16.627147674560547 14.600948333740234 16.861159061843793
1503.532 16.44462776184082 14.600948333740234 16.583980845602056
1503.552 16.115257263183594 14.600948333740234 16.330252219204997
1503.567 15.818014144897461 14.600948333740234 16.100377149985192
1503.582 15.736382484436035 14.600948333740234 15.89398254897876
1503.602 15.549629211425781 14.600948333740234 15.710148800470915
1503.617 15.465781211853027 14.600948333740234 15.547590156133765
1503.632 15.360091209411621 13.588811874389648 15.37667928325925
1503.652 15.198263168334961 13.588811874389648 15.204530171464764
1503.667 15.082688331604004 13.588811874389648 15.036275575400126
1503.682 14.947267532348633 13.588811874389648 14.87548578815141
1503.702 14.667287826538086 13.588811874389648 14.72451216388881
1503.717 14.568512916564941 13.588811874389648 14.584767168510384
1503.732 14.436393737792969 13.588811874389648 14.456951162831771
1503.752 14.261445045471191 13.588811874389648 14.341234711234277
1503.767 14.130331993103027 13.588811874389648 14.237403952762444
1503.782 14.020776748657227 13.588811874389648 14.14497546222454
1503.802 13.945863723754883 13.588811874389648 14.0632860552091
1503.822 13.931581497192383 13.588811874389648 13.99156214165763
1503.832 13.905878067016602 13.588811874389648 13.928972496081215
1503.852 13.892029762268066 13.588811874389648 13.874667677199307
1503.867 13.869010925292969 13.588811874389648 13.827808784674547
1503.882 13.830436706542969 13.588811874389648 13.787587775301619
1503.902 13.804484367370605 13.588811874389648 13.753241165799645
1503.917 13.766684532165527 13.588811874389648 13.724058615370733
1503.937 13.747912406921387 13.588811874389648 13.699387600353232
1503.952 13.713970184326172 13.588811874389648 13.678635158358098
1503.967 13.683096885681152 13.588811874389648 13.661267483753306
1503.982 13.637503623962402 13.588811874389648 13.646807994517587
1504.002 13.629647254943848 14.343828201293945 13.655807035209024
1504.017 13.661611557006836 14.343828201293945 13.681368048622996
1504.032 13.675957679748535 14.343828201293945 13.718088447352265
1504.057 13.837833404541016 14.343828201293945 13.761786394210386
1504.067 13.851120948791504 14.343828201293945 13.809271085140628
1504.082 13.91901969909668 14.343828201293945 13.858150589936509
1504.102 14.017988204956055 14.343828201293945 13.906671947151752
1504.117 14.049613952636719 14.343828201293945 13.953588816320709
1504.132 14.095690727233887 14.343828201293945 13.998052555911793
1504.152 14.127472877502441 14.343828201293945 14.03952311533529
1504.167 14.153183937072754 14.343828201293945 14.077696602245435
1504.182 14.15295696258545 14.343828201293945 14.1124468124894
1504.202 14.172039031982422 14.343828201293945 14.143778390787947
1504.217 14.159968376159668 17.002717971801758 14.218165529133094
1504.232 14.192665100097656 17.002717971801758 14.33560822752484
1504.252 14.371188163757324 17.002717971801758 14.493861882483426
1504.272 14.560028076171875 17.002717971801758 14.67696745372669
1504.282 14.855721473693848 17.002717971801758 14.87279729820833
1504.302 15.273902893066406 17.002717971801758 15.072306486519771
1504.317 15.577434539794922 17.002717971801758 15.26891061537926
1504.332 15.892041206359863 17.002717971801758 15.457971558636475
1504.352 16.16329002380371 17.002717971801758 15.636374858907475
1504.367 16.28289222717285 17.002717971801758 15.802184534115845
1504.382 16.351293563842773 17.002717971801758 15.954362953423658
1504.402 16.356582641601562 17.002717971801758 16.09254512744913
1504.417 16.333473205566406 14.370231628417969 16.187671741428005
1504.432 16.240440368652344 14.370231628417969 16.23974279536028
1504.452 16.147092819213867 14.370231628417969 16.248758289245952
1504.467 16.010459899902344 14.370231628417969 16.214718223085026
1504.482 15.877540588378906 14.370231628417969 16.139087098754313
1504.502 15.657535552978516 14.370231628417969 16.035749914800395
1504.517 15.5034761428833 14.370231628417969 15.915427199490722
1504.532 15.388742446899414 14.370231628417969 15.786273818289875
1504.552 15.276360511779785 14.370231628417969 15.654379387627303
1504.567 15.220640182495117 14.370231628417969 15.524184272791562
1504.582 15.191570281982422 14.370231628417969 15.398823532284831
1504.607 15.136618614196777 11.541003227233887 15.230407231731501
1504.617 15.136618614196777 11.541003227233887 15.01893537113157
1504.632 14.933394432067871 11.541003227233887 14.77077130453003
1504.657 14.424155235290527 11.541003227233887 14.503204604516396
1504.667 14.31387996673584 11.541003227233887 14.22916509328645
1504.682 13.97960090637207 11.541003227233887 13.958098943553086
1504.702 13.450770378112793 11.541003227233887 13.696693318904106
1504.717 13.090402603149414 11.541003227233887 13.449472338531619
1504.732 12.778801918029785 11.541003227233887 13.21928426985211
1504.752 12.528850555419922 11.541003227233887 13.007697234653378
1504.767 12.264301300048828 11.541003227233887 12.815318358098471
1504.782 12.24079418182373 11.541003227233887 12.64204918652729
1504.802 12.263185501098633 11.541003227233887 12.487288336291076
1504.817 12.297157287597656 11.541003227233887 12.350090695693066
1504.832 12.30977725982666 11.506044387817383 12.22831998873862
1504.852 12.326204299926758 11.506044387817383 12.120987770657882
1504.867 12.293046951293945 11.506044387817383 12.02698458686984
1504.882 12.2263822555542 11.506044387817383 11.945145077283307
1504.902 12.047019004821777 11.506044387817383 11.874296187309307
1504.917 11.989810943603516 11.506044387817383 11.813291932821997
1504.932 11.829854965209961 11.506044387817383 11.76103756308941
1504.957 11.68069839477539 11.506044387817383 11.716505454390166
1504.967 11.578409194946289 11.506044387817383 11.67874463579916
1504.982 11.48588752746582 11.506044387817383 11.646885486755933
1505.002 11.455105781555176 11.506044387817383 11.620140843922696
1505.017 11.465728759765625 11.506044387817383 11.597804503953903
1505.032 11.500945091247559 11.506044387817383 11.579247901592224
1505.052 11.53852653503418 11.506044387817383 11.563915572356937
1505.067 11.573978424072266 11.506044387817383 11.551319870226658
1505.082 11.619771003723145 15.27086067199707 11.58177972814298
1505.102 11.723241806030273 15.27086067199707 11.655295146105901
1505.117 11.752274513244629 15.27086067199707 11.771866124115423
1505.132 12.079263687133789 15.27086067199707 11.931492662171545
1505.152 12.290623664855957 15.27086067199707 12.134174760274266
1505.167 12.381300926208496 15.27086067199707 12.366560434222427
1505.182 13.012598991394043 15.27086067199707 12.613778512137893
1505.202 13.309557914733887 15.27086067199707 12.864759309796796
1505.217 13.579324722290039 15.27086067199707 13.111465033665166
1505.232 13.79664421081543 15.27086067199707 13.348254017224553
1505.252 14.029341697692871 15.27086067199707 13.57135853125742
1505.267 14.157676696777344 15.27086067199707 13.778458494073373
1505.282 14.196435928344727 15.27086067199707 13.968335751408754
1505.302 14.240589141845703 15.27086067199707 14.140595701261415
1505.317 14.250590324401855 15.27086067199707 14.295444915238992
1505.332 14.308945655822754 15.27086067199707 14.433515067926436
1505.352 14.448596000671387 15.27086067199707 14.555724944518083
1505.367 14.485248565673828 15.27086067199707 14.663173570993798
1505.382 14.55550765991211 15.27086067199707 14.757058617391127
1505.402 14.751185417175293 15.27086067199707 14.838615180038532
1505.417 14.868354797363281 15.27086067199707 14.90907086920416
1505.432 14.960307121276855 15.27086067199707 14.969613829857584
1505.452 15.07867431640625 15.27086067199707 15.021370919474618
1505.467 15.161004066467285 15.27086067199707 15.065393771228297
1505.482 15.198257446289062 15.27086067199707 15.102650895506816
1505.502 15.204858779907227 15.27086067199707 15.134024328301315
1505.517 15.234301567077637 15.529258728027344 15.167487355811328
1505.532 15.21364688873291 15.529258728027344 15.201518397531014
1505.557 15.230979919433594 15.529258728027344 15.235011209279532
1505.567 15.227516174316406 15.529258728027344 15.26718793357772
1505.582 15.243337631225586 15.529258728027344 15.297527663898883
1505.602 15.280622482299805 15.529258728027344 15.325708111522385
1505.617 15.321732521057129 15.529258728027344 15.351558282951054
1505.632 15.350977897644043 15.529258728027344 15.375020362748831
1505.657 15.443641662597656 15.529258728027344 15.396119252406285
1505.667 15.46310043334961 15.529258728027344 15.4149384421687
1505.682 15.485098838806152 15.529258728027344 15.431601091714315
1505.702 15.48298168182373 12.47964859008789 15.40520818121333
1505.717 15.429524421691895 12.47964859008789 15.335759710665746
1505.732 15.227693557739258 12.47964859008789 15.223255680071562
1505.752 15.006197929382324 12.47964859008789 15.067696089430777
1505.767 14.770462989807129 12.47964859008789 14.884321502623104
1505.782 14.391876220703125 12.47964859008789 14.686106574693936
1505.802 14.156911849975586 12.47964859008789 14.482762039974896
1505.817 13.97775936126709 12.47964859008789 14.28138974701918
1505.832 13.686163902282715 12.47964859008789 14.087024569352494
1505.852 13.420676231384277 12.47964859008789 13.903080190815528
1505.867 13.329919815063477 10.650083541870117 13.680892361463862
1505.882 13.215327262878418 10.650083541870117 13.437468611052552
1505.902 12.984548568725586 10.650083541870117 13.1855875557457
1505.917 12.813316345214844 10.650083541870117 12.934642128765908
1505.932 12.761777877807617 10.650083541870117 12.691337942438778
1505.952 12.426152229309082 10.650083541870117 12.460268428791636
1505.967 12.207189559936523 10.650083541870117 12.244385695321846
1505.982 12.06381607055664 10.650083541870117 12.045383563976637
1506.002 11.835097312927246 10.650083541870117 11.864007034796343
1506.022 11.365200996398926 10.650083541870117 11.700300424354321
1506.032 11.305846214294434 10.650083541870117 11.553804661733563
1506.052 11.253758430480957 10.650083541870117 11.423712666960983
1506.072 11.177446365356445 10.650083541870117 11.308990372468926
1506.082 11.175267219543457 10.650083541870117 11.20846976035242
1506.102 11.15084171295166 9.707723617553711 11.094742592617129
1506.117 11.098793983459473 9.707723617553711 10.974709815205694
1506.137 10.969465255737305 9.707723617553711 10.853492261784305
1506.152 10.807873725891113 9.707723617553711 10.734792773519553
1506.167 10.743398666381836 9.707723617553711 10.621195106931125
1506.182 10.498781204223633 9.707723617553711 10.514409236869719
1506.207 10.292882919311523 9.707723617553711 10.415471428696465
1506.217 10.126680374145508 9.707723617553711 10.32490633749634
1506.232 10.033692359924316 9.707723617553711 10.242857390576757
1506.252 9.982673645019531 9.707723617553711 10.169190817917887
1506.267 9.98375415802002 9.707723617553711 10.103577907253738
1506.297 9.949909210205078 9.707723617553711 10.045559368608693
1506.302 9.95982837677002 9.707723617553711 9.99459508937336
1506.317 9.97032356262207 9.707723617553711 9.950102037181619
1506.332 9.986980438232422 9.707723617553711 9.911482615854178
1506.352 9.988353729248047 9.707723617553711 9.878145391708129
1506.367 9.964856147766113 9.380523681640625 9.840430888174598
1506.382 9.942795753479004 9.380523681640625 9.800626959685486
1506.402 9.903552055358887 9.380523681640625 9.760431274804663
1506.417 9.764730453491211 9.380523681640625 9.721071378100948
1506.437 9.690945625305176 9.380523681640625 9.683403793489845
1506.452 9.535548210144043 9.380523681640625 9.647995354423998
1506.472 9.449254035949707 9.380523681640625 9.615189537486625
1506.487 9.426627159118652 9.380523681640625 9.585160205823959
1506.502 9.393470764160156 9.380523681640625 9.557954836755885
1506.517 9.431199073791504 9.380523681640625 9.533529012280702
1506.532 9.487419128417969 9.380523681640625 9.511773689917767
1506.552 9.498109817504883 9.380523681640625 9.492536541935598
1506.567 9.532110214233398 9.380523681640625 9.475638450833232
1506.587 9.538213729858398 9.380523681640625 9.460886075261966
1506.602 9.546287536621094 9.380523681640625 9.448081250709338
1506.617 9.503978729248047 9.380523681640625 9.437027860632629
1506.632 9.482468605041504 9.380523681640625 9.42753670388305
1506.652 9.462496757507324 9.380523681640625 9.419428790932038
1506.667 9.422393798828125 9.380523681640625 9.412537422510582
1506.682 9.415252685546875 9.380523681640625 9.406709337904559
1506.702 9.356544494628906 9.380523681640625 9.401805164606495
1506.717 9.33747673034668 9.380523681640625 9.397699354782414
1506.732 9.331932067871094 9.380523681640625 9.394279755721014
1506.752 9.338744163513184 9.380523681640625 9.391446929902116
1506.767 9.362998008728027 9.380523681640625 9.389113314512633
1506.782 9.384719848632812 9.380523681640625 9.387202289246654
1506.802 9.390323638916016 9.380523681640625 9.385647204270311
1506.817 9.390323638916016 9.380523681640625 9.384390406639021
1506.832 9.405908584594727 9.380523681640625 9.383382292649564
1506.852 9.394857406616211 9.089292526245117 9.374490649942006
1506.867 9.421257019042969 9.089292526245117 9.360196135203942
1506.882 9.411825180053711 9.089292526245117 9.342426632152442
1506.902 9.337698936462402 9.089292526245117 9.322660318219466
1506.922 9.28109073638916 9.089292526245117 9.302012020850794
1506.932 9.23077392578125 9.089292526245117 9.281305199241865
1506.952 9.207430839538574 9.089292526245117 9.26113162481075
1506.967 9.177058219909668 9.089292526245117 9.24190058797517
1506.982 9.166655540466309 9.089292526245117 9.223879231925839
1507.002 9.1635103225708 9.089292526245117 9.207225407031252
1507.017 9.154052734375 9.089292526245117 9.192014252406018
1507.032 9.16930866241455 9.089292526245117 9.178259543569498
1507.052 9.148292541503906 9.089292526245117 9.165930696145345
1507.067 9.163853645324707 9.089292526245117 9.15496618406538
1507.082 9.148236274719238 9.089292526245117 9.145284015440355
1507.102 9.175271987915039 9.089292526245117 9.136789808762282
1507.117 9.156462669372559 9.089292526245117 9.129382925005418
1507.132 9.147706985473633 9.089292526245117 9.122961036118504
1507.152 9.143672943115234 9.089292526245117 9.117423446028187
1507.172 9.108434677124023 9.089292526245117 9.112673425358697
1507.182 9.108434677124023 9.089292526245117 9.10861977446152
1507.202 9.11230754852295 9.089292526245117 9.105177789983099
1507.222 9.091710090637207 9.089292526245117 9.10226977711901
1507.232 9.083741188049316 9.089292526245117 9.09982522204751
1507.252 9.085665702819824 9.089292526245117 9.09778071603514
1507.267 9.099117279052734 9.089292526245117 9.09607970368217
1507.282 9.093363761901855 9.089292526245117 9.094672112128093
1507.302 9.107834815979004 9.089292526245117 9.093513905245024
1507.317 9.099467277526855 9.089292526245117 9.092566596455933
1507.332 9.102676391601562 9.089292526245117 9.091796745433518
1507.352 9.067609786987305 10.244174003601074 9.123255501611327
1507.367 9.066853523254395 10.244174003601074 9.176937571376964
1507.382 9.156730651855469 10.244174003601074 9.245055180125345
1507.402 9.344033241271973 10.244174003601074 9.321626102268777
1507.417 9.550935745239258 10.244174003601074 9.402128261939014
1507.432 9.593533515930176 10.244174003601074 9.483211637110168
1507.452 9.775351524353027 10.244174003601074 9.56245923383648
1507.467 9.891021728515625 10.244174003601074 9.638189867010212
1507.482 9.935081481933594 10.244174003601074 9.709296380771203
1507.502 9.931233406066895 10.244174003601074 9.775113761210894
1507.517 9.94038200378418 10.244174003601074 9.83531233542334
1507.532 9.929560661315918 10.244174003601074 9.889811915797855
1507.552 9.920486450195312 10.244174003601074 9.938713339948864
1507.572 9.92298412322998 10.244174003601074 9.982244379187645
1507.582 9.927145957946777 10.244174003601074 10.02071744699148
1507.607 9.94555377960205 10.244174003601074 10.054496938902322
1507.622 9.981609344482422 10.244174003601074 10.083974382174922
1507.632 9.998364448547363 10.244174003601074 10.109549872699596
1507.657 10.071706771850586 10.244174003601074 10.131618533446122
1507.667 10.149056434631348 10.24417495727539 10.150560974309743
1507.682 10.199567794799805 10.24417495727539 10.166736778669046
1507.702 10.245141983032227 10.24417495727539 10.180480498962066
1507.717 10.28518009185791 10.24417495727539 10.192099455662227
1507.732 10.291876792907715 10.24417495727539 10.201872916321346
1507.752 10.286865234375 10.24417495727539 10.210052286465029
1507.767 10.25955581665039 10.24417495727539 10.21686202034629
1507.782 10.253676414489746 10.24417495727539 10.222501022298848
1507.802 10.211968421936035 10.24417495727539 10.227144360760335
1507.817 10.212241172790527 10.24417495727539 10.230945158763882
1507.832 10.173423767089844 10.24417495727539 10.234036558385023
1507.852 10.156938552856445 10.24417495727539 10.236533683621934
1507.867 10.150472640991211 10.24417495727539 10.238535547628445
1507.882 10.195371627807617 10.24417495727539 10.24012686708784
1507.902 10.251051902770996 10.24417495727539 10.241379759638274
1507.917 10.241484642028809 10.24417495727539 10.24235531033448
1507.932 10.255019187927246 10.24417495727539 10.243105000739309
1507.952 10.282196044921875 12.219648361206055 10.286910251190738
1507.967 10.307134628295898 12.219648361206055 10.37199118868961
1507.987 10.472480773925781 12.219648361206055 10.48428967500773
1508.007 10.711234092712402 12.219648361206055 10.612974668187682
1508.017 10.854997634887695 12.219648361206055 10.749828740859725
1508.032 10.990884780883789 12.219648361206055 10.888735817965188
1508.052 11.18870735168457 12.219648361206055 11.025255684562195
1508.067 11.464417457580566 12.219648361206055 11.156272498084606
1508.082 11.708988189697266 12.219648361206055 11.279706100674085
1508.102 11.750611305236816 12.219648361206055 11.394276357333002
1508.117 11.778188705444336 12.219648361206055 11.499312042077946
1508.132 11.769845962524414 12.219648361206055 11.594596958878185
1508.152 11.721452713012695 12.219648361206055 11.680247021941605
1508.167 11.693538665771484 12.219648361206055 11.756612937969418
1508.182 11.679381370544434 12.219648361206055 11.824203939759087
1508.202 11.682577133178711 12.219648361206055 11.883628725117754
1508.217 11.720288276672363 13.605778694152832 11.974053991209717
1508.232 11.797813415527344 13.605778694152832 12.08418445482678
1508.252 12.096626281738281 13.605778694152832 12.205377796514965
1508.267 12.2464599609375 13.605778694152832 12.331133051925931
1508.282 12.587053298950195 13.605778694152832 12.456664476867253
1508.302 12.86414909362793 13.605778694152832 12.578548505585433
1508.317 13.103837013244629 13.605778694152832 12.694432899246713
1508.332 13.218193054199219 13.605778694152832 12.8027985432684
1508.352 13.291814804077148 13.605778694152832 12.90276559306712
1508.367 13.282858848571777 13.605778694152832 12.993936787679425
1508.387 13.206199645996094 13.605778694152832 13.07627175275694
1508.402 13.172924995422363 13.605778694152832 13.1499870041966
1508.417 13.100325584411621 13.605778694152832 13.215477148236262
1508.432 13.086621284484863 13.605778694152832 13.273253461236612
1508.452 13.130489349365234 13.605778694152832 13.323896631022029
1508.467 13.167290687561035 13.605778694152832 13.368020960079152
1508.492 13.222670555114746 13.605778694152832 13.406247777442337
1508.502 13.303451538085938 13.605778694152832 13.43918618869672
1508.517 13.354013442993164 13.605778694152832 13.467419619687659
1508.542 13.509390830993652 13.605778694152832 13.491496886172214
1508.562 13.509390830993652 13.605778694152832 13.511926755127611
1508.567 13.775376319885254 13.605778694152832 13.529175159488608
1508.587 13.775228500366211 13.605778694152832 13.543664391877291
1508.602 13.783226013183594 13.605778694152832 13.555773739007146
1508.622 13.747659683227539 13.605778694152832 13.56584113094798
1508.632 13.699882507324219 13.605778694152832 13.574165471894887
1508.652 13.555041313171387 13.605778694152832 13.581009394604813
1508.667 13.489771842956543 13.605778694152832 13.586602241949452
1508.682 13.429213523864746 15.778499603271484 13.63525064934069
1508.702 13.450101852416992 15.778499603271484 13.72695461677853
1508.717 13.524558067321777 15.778499603271484 13.849663158767367
1508.732 13.800694465637207 15.778499603271484 13.991183074426589
1508.767 14.312948226928711 15.778499603271484 14.142253365093254
1508.767 14.412667274475098 15.778499603271484 14.29597169364011
1508.782 14.744232177734375 15.778499603271484 14.447317828612507
1508.802 15.160844802856445 15.778499603271484 14.592759831814952
1508.817 15.352282524108887 15.778499603271484 14.729930484603589
1508.837 15.370774269104004 15.778499603271484 14.857363040076315
1508.852 15.385954856872559 15.778499603271484 14.974276832373066
1508.867 15.288348197937012 15.778499603271484 15.080404572202143
1508.882 15.162398338317871 17.650089263916016 15.22784292194898
1508.902 15.050651550292969 17.650089263916016 15.400791698050714
1508.917 15.0908784866333 17.650089263916016 15.587218812825888
1508.932 15.375311851501465 17.650089263916016 15.778126871945052
1508.952 15.812498092651367 17.650089263916016 15.96694327224918
1508.967 15.812498092651367 17.650089263916016 16.149015749877908
1508.982 16.436124801635742 17.650089263916016 16.321197513671688
1509.002 16.86880874633789 17.650089263916016 16.48150810542564
1509.022 17.097219467163086 17.650089263916016 16.628857951602146
1509.042 17.32851791381836 17.650089263916016 16.76282621193005
1509.052 17.525510787963867 17.650089263916016 16.88348299497803
1509.067 17.5456600189209 19.52824592590332 17.04341933234602
1509.087 17.50035285949707 19.52824592590332 17.227063339894837
1509.102 17.47278594970703 19.52824592590332 17.422596621092243
1509.117 17.524383544921875 19.52824592590332 17.621219067628978
1509.132 17.6676082611084 19.52824592590332 17.816538125189506
1509.157 17.90472984313965 19.52824592590332 18.00406422408996
1509.167 18.090364456176758 19.52824592590332 18.180796310553045
1509.187 18.31673812866211 19.52824592590332 18.34488346312614
1509.207 18.59860610961914 19.52824592590332 18.495350436329133
1509.217 18.828367233276367 21.554973602294922 18.68817463948753
1509.232 19.013731002807617 21.554973602294922 18.905998628397185
1509.257 19.342361450195312 21.554973602294922 19.135688463069418
1509.267 19.421510696411133 21.554973602294922 19.3675018798453
1509.282 19.840970993041992 21.554973602294922 19.594397934848644
1509.302 20.315805435180664 21.554973602294922 19.811467211802373
1509.317 20.39095687866211 21.554973602294922 20.015464261865873
1509.337 20.529010772705078 21.554973602294922 20.204426297536152
1509.352 20.641368865966797 21.554973602294922 20.37736429379734
1509.367 20.675569534301758 21.554973602294922 20.534014561654903
1509.382 20.694910049438477 18.720569610595703 20.647609269465867
1509.402 20.673017501831055 18.720569610595703 20.718148417230232
1509.417 20.63701057434082 18.720569610595703 20.745632004947996
1509.432 20.57916831970215 18.720569610595703 20.73006003261916
1509.452 20.48689079284668 18.720569610595703 20.671432500243725
1509.467 20.328754425048828 18.720569610595703 20.575225461431586
1509.482 20.17829132080078 18.720569610595703 20.454758861585326
1509.507 19.981409072875977 18.720569610595703 20.32025253814565
1509.517 19.836362838745117 14.79170036315918 20.142690654659372
1509.532 19.719959259033203 14.79170036315918 19.922073211126495
1509.552 19.392166137695312 14.79170036315918 19.658400207547018
1509.567 19.178991317749023 14.79170036315918 19.35167164392094
1509.582 18.82571792602539 14.79170036315918 19.00518362906578
1509.602 18.216310501098633 14.79170036315918 18.658516944319036
1509.617 18.216310501098633 14.79170036315918 18.311850259572292
1509.632 17.579753875732422 14.79170036315918 17.96518357482555
1509.652 17.091623306274414 14.79170036315918 17.618516890078805
1509.667 16.799537658691406 14.79170036315918 17.290679561869517
1509.682 16.57367706298828 11.701061248779297 16.944012877122773
1509.707 16.21516990661621 11.701061248779297 16.59734619237603
1509.717 15.952260971069336 11.701061248779297 16.250679507629286
1509.742 15.618319511413574 11.701061248779297 15.904012822882544
1509.752 15.165579795837402 11.701061248779297 15.557346138135802
1509.772 14.940320014953613 11.701061248779297 15.21067945338906
1509.787 14.48405647277832 11.701061248779297 14.864012768642318
1509.802 14.239677429199219 11.701061248779297 14.517346083895577
1509.817 14.041078567504883 11.701061248779297 14.17357983407146
1509.832 13.839936256408691 11.701061248779297 13.858532947799672
1509.852 13.582443237304688 11.701061248779297 13.572819574958606
1509.867 13.395331382751465 11.701061248779297 13.316065036382854
1509.882 13.185708045959473 11.701061248779297 13.087196399862579
1509.902 12.935209274291992 9.916250228881836 12.835092033134586
1509.917 12.684895515441895 9.916250228881836 12.573338293240655
1509.932 12.397310256958008 9.916250228881836 12.311940107364748
1509.952 11.95638370513916 9.916250228881836 12.058057796672669
1509.967 11.627608299255371 9.916250228881836 11.816614150228327
1509.982 11.338919639587402 9.916250228881836 11.59079164830075
1510.002 11.00986099243164 9.916250228881836 11.382437147642761
1510.017 10.850648880004883 9.916250228881836 11.192389006591828
1510.032 10.767244338989258 9.916250228881836 11.02073953856862
1510.052 10.656827926635742 9.916250228881836 10.86704382721917
1510.067 10.60139274597168 9.916250228881836 10.730484300314535
1510.082 10.582901954650879 9.916250228881836 10.609999025929596
1510.102 10.570222854614258 9.916250228881836 10.504380445806039
1510.117 10.534000396728516 9.916250228881836 10.412350179437352
1510.132 10.499468803405762 9.916250228881836 10.332614600946869
1510.152 10.433762550354004 9.916250228881836 10.263905092665407
1510.167 10.358482360839844 9.916250228881836 10.20500619885549
1510.182 10.274620056152344 9.916250228881836 10.15477432582614
1510.202 10.11497688293457 9.916250228881836 10.112149147513373
1510.217 10.082415580749512 9.916250228881836 10.0761594664895
1510.232 10.038663864135742 9.916250228881836 10.045924938557336
1510.252 9.951900482177734 9.916250228881836 10.020654785008237
1510.267 9.905284881591797 9.916250228881836 9.999644381809892
1510.282 9.90082836151123 9.916250228881836 9.98227042200525
1510.302 9.923295021057129 9.916250228881836 9.967985189957274
1510.317 9.927094459533691 9.916250228881836 9.956310358131988
1510.332 9.93982219696045 9.916250228881836 9.946830614012255
1510.352 9.965047836303711 9.916250228881836 9.939187342302077
1510.367 9.981796264648438 9.916250228881836 9.93307252225015
1510.382 9.987860679626465 9.916250228881836 9.928222948660988
1510.402 9.990775108337402 9.916250228881836 9.92441484540964
1510.417 9.97904109954834 9.916250228881836 9.92145890987524
1510.432 9.965865135192871 9.916250228881836 9.919195803854358
1510.452 9.925904273986816 9.916250228881836 9.91749208970395
1510.467 9.904937744140625 9.916250228881836 9.916236598450455
1510.482 9.898741722106934 12.951306343078613 9.95803666724356
1510.502 10.005012512207031 12.951306343078613 10.042892296083265
1510.517 10.07957935333252 12.951306343078613 10.17080348496957
1510.532 10.286953926086426 12.951306343078613 10.33970936700734
1510.552 10.630823135375977 12.951306343078613 10.533302947985211
1510.567 10.941276550292969 12.951306343078613 10.739211779472813
1510.582 11.248285293579102 12.951306343078613 10.94822684995025
1510.602 11.615779876708984 12.951306343078613 11.153662083538965
1510.617 11.918743133544922 12.951306343078613 11.350825232548734
1510.632 11.95974349975586 12.951306343078613 11.536583299688733
1510.652 12.064617156982422 12.951306343078613 11.709007778142926
1510.667 12.090133666992188 12.951306343078613 11.86708694889045
1510.682 12.084816932678223 12.951306343078613 12.010494227459159
1510.702 12.091696739196777 12.951306343078613 12.139403114251879
1510.717 12.119845390319824 12.951306343078613 12.2543406843683
1510.732 12.182406425476074 12.951306343078613 12.356072767125792
1510.752 12.253212928771973 15.5440034866333 12.500860409929883
1510.767 12.439676284790039 15.5440034866333 12.688703612780575
1510.782 12.67210578918457 15.5440034866333 12.902638465705696
1510.802 13.120865821838379 15.5440034866333 13.129329698708593
1510.817 13.433629989624023 15.5440034866333 13.358866024560713
1510.832 13.760965347290039 15.5440034866333 13.584065323862884
1510.852 14.18032169342041 15.5440034866333 13.799900884124114
1510.872 14.475234031677246 15.5440034866333 14.003030332022854
1510.882 14.694148063659668 15.5440034866333 14.191411247663824
1510.902 14.876961708068848 15.5440034866333 14.363989578313257
1510.917 14.929229736328125 15.5440034866333 14.520448880267526
1510.932 14.928500175476074 15.5440034866333 14.661010119720835
1510.952 14.927778244018555 15.5440034866333 14.786273268669076
1510.967 14.874324798583984 16.562034606933594 14.925371899216827
1510.987 14.841615676879883 16.562034606933594 15.070522106788202
1511.002 14.889415740966797 16.562034606933594 15.215977327172867
1511.022 14.97607421875 16.562034606933594 15.357610716859305
1511.032 15.217569351196289 16.562034606933594 15.492570866700158
1511.057 15.51067066192627 16.562034606933594 15.618999634641442
1511.067 15.887213706970215 16.562034606933594 15.73580233509386
1511.082 16.104591369628906 16.562034606933594 15.842461834192724
1511.112 16.344654083251953 16.562034606933594 15.938889274965199
1511.117 16.43731689453125 16.562034606933594 16.025305200454106
1511.132 16.494966506958008 16.562034606933594 16.102145764179323
1511.152 16.375267028808594 13.566715240478516 16.13593076785794
1511.167 16.284650802612305 13.566715240478516 16.126660211489956
1511.182 16.094804763793945 13.566715240478516 16.074334095075372
1511.202 15.792719841003418 13.566715240478516 15.978952418614186
1511.217 15.526374816894531 13.566715240478516 15.843588956622245
1511.232 15.285181045532227 13.566715240478516 15.683331978816058
1511.252 14.987529754638672 13.566715240478516 15.509686231558687
1511.272 14.745214462280273 13.566715240478516 15.331268693208314
1511.282 14.636804580688477 13.566715240478516 15.154387414560711
1511.302 14.569690704345703 13.566715240478516 14.983520491374554
1511.317 14.571117401123047 13.566715240478516 14.82171016009714
1511.332 14.548916816711426 13.566715240478516 14.670885118113707
1511.352 14.523233413696289 13.566715240478516 14.53212245156518
1511.367 14.483153343200684 13.566715240478516 14.405859006150713
1511.382 14.444708824157715 13.566715240478516 14.292060653991648
1511.402 14.31971549987793 13.566715240478516 14.190356684148899
1511.417 14.24827766418457 13.566715240478516 14.10014546535555
1511.432 14.157133102416992 13.566715240478516 14.02067658542786
1511.462 14.038749694824219 13.566715240478516 13.951113850645628
1511.467 13.91161060333252 13.566715240478516 13.890582818127871
1511.487 13.818663597106934 13.566715240478516 13.838205923178185
1511.502 13.714354515075684 13.566715240478516 13.793127740598816
1511.517 13.646940231323242 13.566715240478516 13.754532473645918
1511.537 13.61949634552002 15.474258422851562 13.75899276673962
1511.557 13.605305671691895 15.474258422851562 13.806508619879923
1511.572 13.570279121398926 15.474258422851562 13.886888035509761
1511.582 13.876923561096191 15.474258422851562 13.988586908659975
1511.602 14.149497985839844 15.474258422851562 14.102739757058139
1511.617 14.443924903869629 15.474258422851562 14.222647041413708
1511.632 14.7932710647583 15.474258422851562 14.343347579874196
1511.657 15.05656909942627 15.474258422851562 14.461263824013416
1511.667 15.06262493133545 15.474258422851562 14.573909205695792
1511.682 15.068741798400879 15.474258422851562 14.679648097322199
1511.702 15.054089546203613 15.474258422851562 14.777500146103446
1511.717 15.009088516235352 15.474258422851562 14.866981844879206
1511.732 15.002771377563477 17.04850196838379 14.991708181875532
1511.752 14.918548583984375 17.04850196838379 15.138228554908949
1511.767 15.044092178344727 17.04850196838379 15.296297975993653
1511.782 15.24453353881836 17.04850196838379 15.458253396967436
1511.802 15.548850059509277 17.04850196838379 15.618495022307997
1511.817 15.810876846313477 17.04850196838379 15.77305727074632
1511.832 16.07127571105957 17.04850196838379 15.919255902917506
1511.852 16.33987045288086 17.04850196838379 16.055399536681367
1511.867 16.500423431396484 17.04850196838379 16.18055532040287
1511.882 16.571807861328125 17.04850196838379 16.294359928512602
1511.902 16.64160919189453 17.04850196838379 16.39686828815773
1511.917 16.659198760986328 19.03685188293457 16.54243220784946
1511.932 16.73834991455078 19.03685188293457 16.71604245745735
1511.952 16.921228408813477 19.03685188293457 16.904930068987472
1511.967 17.0347957611084 19.03685188293457 17.099519577690756
1511.982 17.257112503051758 19.03685188293457 17.29279018125609
1512.002 17.5884952545166 19.03685188293457 17.479746941055243
1512.017 17.828960418701172 19.03685188293457 17.65698553571248
1512.037 17.95792579650879 19.03685188293457 17.822336150685373
1512.067 18.2498836517334 19.03685188293457 17.974573973942928
1512.067 18.2498836517334 19.03685188293457 18.113185467799997
1512.082 18.568645477294922 19.03685188293457 18.238181106112652
1512.102 18.628158569335938 21.242992401123047 18.406232304471907
1512.117 18.6732177734375 21.242992401123047 18.60546789393909
1512.132 18.810993194580078 21.242992401123047 18.82151797406589
1512.152 19.062267303466797 21.242992401123047 19.043617047176326
1512.167 19.271825790405273 21.242992401123047 19.263881812494613
1512.182 19.53247833251953 21.242992401123047 19.476713524247476
1512.202 19.75918960571289 21.242992401123047 19.67830622177848
1512.217 20.05887222290039 21.242992401123047 19.866244494878828
1512.232 20.270416259765625 21.242992401123047 20.03917658920831
1512.252 20.43770408630371 20.449254989624023 20.174502322122084
1512.267 20.516721725463867 20.449254989624023 20.279117781381718
1512.282 20.52128028869629 20.449254989624023 20.358818226360473
1512.302 20.476987838745117 20.449254989624023 20.418449009992425
1512.317 20.446922302246094 20.449254989624023 20.462040125793187
1512.332 20.36479377746582 20.449254989624023 20.492925282097847
1512.352 20.310440063476562 20.449254989624023 20.513846579853436
1512.367 20.282955169677734 20.449254989624023 20.527045965242262
1512.382 20.274614334106445 20.449254989624023 20.534344663916638
1512.402 20.376230239868164 18.462467193603516 20.498587802544414
1512.417 20.373205184936523 18.462467193603516 20.41977538112559
1512.432 20.308025360107422 18.462467193603516 20.308923469393232
1512.452 20.14146614074707 18.462467193603516 20.17818914350115
1512.472 19.968189239501953 18.462467193603516 20.03683726385309
1512.482 19.799089431762695 18.462467193603516 19.89180257901437
1512.502 19.54680633544922 18.462467193603516 19.748157292175847
1512.517 19.392839431762695 18.462467193603516 19.609497887823096
1512.532 19.239269256591797 18.462467193603516 19.47826334970081
1512.552 19.110363006591797 16.970386505126953 19.314548679703375
1512.567 18.996599197387695 16.970386505126953 19.132104212538543
1512.582 18.83945655822754 16.970386505126953 18.941304626741495
1512.602 18.613731384277344 16.970386505126953 18.74981719509535
1512.617 18.41832160949707 16.970386505126953 18.563155903145844
1512.632 18.270593643188477 16.970386505126953 18.38513838100261
1512.652 18.076231002807617 16.970386505126953 18.21826049211258
1512.667 17.95728874206543 16.970386505126953 18.06400150428654
1512.682 17.817649841308594 16.970386505126953 17.923071034367567
1512.702 17.67055892944336 15.389954566955566 17.751706512684923
1512.717 17.541990280151367 15.389954566955566 17.563291047120188
1512.732 17.37395668029785 15.389954566955566 17.367889502170193
1512.752 17.079444885253906 15.389954566955566 17.17290908835655
1512.767 16.87546157836914 15.389954566955566 16.983646608355283
1512.782 16.59322738647461 15.389954566955566 16.80373927249458
1512.802 16.443368911743164 15.389954566955566 16.63553388298045
1512.817 16.30924415588379 15.389954566955566 16.48038726059342
1512.832 16.208354949951172 15.389954566955566 16.338909049970347
1512.852 16.08546257019043 15.389954566955566 16.21115648494781
1512.867 15.998442649841309 15.389954566955566 16.096789315134725
1512.882 15.949042320251465 15.389954566955566 15.995191877850134
1512.902 15.890395164489746 15.389954566955566 15.905568233352321
1512.917 15.861457824707031 15.389954566955566 15.827015352781604
1512.932 15.814684867858887 15.389954566955566 15.758578544216281
1512.952 15.768881797790527 15.389954566955566 15.699292609763779
1512.967 15.703400611877441 15.389954566955566 15.648211633307922
1512.982 15.672104835510254 15.389954566955566 15.604429792789084
1513.002 15.597026824951172 15.389954566955566 15.567095161947408
1513.017 15.543591499328613 15.389954566955566 15.535418104466205
1513.032 15.509989738464355 15.389954566955566 15.50867555949822
1513.052 15.485063552856445 16.067384719848633 15.50502976985046
1513.067 15.474381446838379 16.067384719848633 15.51803792645278
1513.082 15.519683837890625 16.067384719848633 15.542620073233811
1513.102 15.587264060974121 16.067384719848633 15.574814075323413
1513.117 15.640214920043945 16.067384719848633 15.611568962342574
1513.132 15.67971134185791 16.067384719848633 15.650571514303493
1513.152 15.777483940124512 16.067384719848633 15.69010148843865
1513.167 15.838560104370117 16.067384719848633 15.728911393505925
1513.182 15.866232872009277 16.067384719848633 15.766127196054207
1513.202 15.894397735595703 16.067384719848633 15.801166786086595
1513.217 15.911731719970703 16.067384719848633 15.833673435134548
1513.232 15.882885932922363 12.630522727966309 15.8231245241359
1513.252 15.81528377532959 12.630522727966309 15.769520053090654
1513.267 15.706015586853027 12.630522727966309 15.672860021998806
1513.282 15.54488754272461 12.630522727966309 15.533144430860359
1513.302 15.114903450012207 12.630522727966309 15.352386536896239
1513.317 14.943415641784668 12.630522727966309 15.147236046314053
1513.332 14.672737121582031 12.630522727966309 14.930302820515507
1513.352 14.282672882080078 12.630522727966309 14.710951224886754
1513.367 14.065678596496582 12.630522727966309 14.49595956476289
1513.382 13.87743854522705 12.630522727966309 14.290064516201692
1513.402 13.708244323730469 12.630522727966309 14.0964080132937
1513.422 13.58950138092041 12.630522727966309 13.916901815787101
1513.432 13.554611206054688 12.630522727966309 13.752522954059916
1513.452 13.507405281066895 12.630523681640625 13.603551455877431
1513.467 13.4849853515625 12.630523681640625 13.469759998944348
1513.482 13.473916053771973 12.630523681640625 13.350564001095924
1513.502 13.41473388671875 12.630523681640625 13.245139082328095
1513.517 13.354047775268555 12.630523681640625 13.152511906969101
1513.537 13.198624610900879 12.630523681640625 13.071629424892349
1513.552 13.124918937683105 12.630523681640625 13.001410708675246
1513.567 12.9717378616333 12.630523681640625 12.940784877931689
1513.582 12.896062850952148 12.630523681640625 12.888717999332068
1513.602 12.788394927978516 12.630523681640625 12.844231338643308
1513.617 12.754140853881836 12.630523681640625 12.806412908048905
1513.632 12.68981647491455 12.630523681640625 12.774423887660788
1513.652 12.669756889343262 12.630523681640625 12.747501195160057
1513.667 12.65999698638916 15.796643257141113 12.763634062705925
1513.682 12.697734832763672 15.796643257141113 12.822822490298394
1513.702 12.948343276977539 15.796643257141113 12.925066477937463
1513.717 13.057476043701172 15.796643257141113 13.070366025623132
1513.732 13.301363945007324 15.796643257141113 13.250227296981075
1513.752 13.613872528076172 15.796643257141113 13.449861656179014
1513.767 14.029590606689453 15.796643257141113 13.658121328591722
1513.782 14.300788879394531 15.796643257141113 13.866777483843787
1513.802 14.624945640563965 15.796643257141113 14.069921780207736
1513.817 14.764618873596191 15.796643257141113 14.263473013406829
1513.832 14.8342924118042 15.796643257141113 14.444772794440976
1513.852 14.900002479553223 15.796643257141113 14.612256262717251
1513.867 14.939157485961914 15.796643257141113 14.765185721339376
1513.882 14.929778099060059 13.497088432312012 14.875059619914902
1513.902 14.898738861083984 13.497088432312012 14.941877958443827
1513.917 14.832290649414062 13.497088432312012 14.965640736926153
1513.932 14.742106437683105 13.497088432312012 14.946347955361878
1513.952 14.63087272644043 13.497088432312012 14.892264249019808
1513.967 14.51878547668457 13.497088432312012 14.814749372433965
1513.982 14.413423538208008 13.497088432312012 14.722595348760528
1514.002 14.297578811645508 13.497088432312012 14.622509770815244
1514.017 14.193761825561523 13.497088432312012 14.519520067658592
1514.032 14.171429634094238 13.497088432312012 14.41730990019613
1514.052 14.141222953796387 13.497088432312012 14.318497571584206
1514.067 14.106180191040039 10.657233238220215 14.176629682925682
1514.082 14.080062866210938 10.657233238220215 13.991706234220558
1514.107 14.052801132202148 10.657233238220215 13.766553505830803
1514.122 13.690805435180664 10.657233238220215 13.518824037369168
1514.132 13.208245277404785 10.657233238220215 13.261795947031354
1514.152 12.716736793518066 10.657233238220215 13.005243514407127
1514.167 12.203579902648926 10.657233238220215 12.75615842700907
1514.182 12.024646759033203 10.657233238220215 12.519343967839974
1514.202 11.742975234985352 10.657233238220215 12.29790163882783
1514.217 11.609983444213867 10.657233238220215 12.09362717931519
1514.232 11.516111373901367 10.657233238220215 11.907330650490733
1514.257 11.553277015686035 10.657233238220215 11.739093209178723
1514.267 11.539213180541992 10.657233238220215 11.588471376396566
1514.282 11.557652473449707 10.657233238220215 11.454658003036421
1514.302 11.504623413085938 8.783186912536621 11.284550882740232
1514.317 11.382540702819824 8.783186912536621 11.09315844262174
1514.332 11.199822425842285 8.783186912536621 10.891827980836302
1514.352 10.770339965820312 8.783186912536621 10.688967783747128
1514.367 10.57055950164795 8.783186912536621 10.490646282442022
1514.382 10.157742500305176 8.783186912536621 10.301086444214864
1514.402 9.733253479003906 8.783186912536621 10.12307134934187
1514.417 9.440343856811523 8.783186912536621 9.958274851297693
1514.432 9.418161392211914 8.783186912536621 9.807529361764221
1514.452 9.315083503723145 8.783186912536621 9.671041136601827
1514.467 9.31682014465332 8.783186912536621 9.548561957344674
1514.482 9.31771469116211 8.783186912536621 9.439524793891284
1514.502 9.374282836914062 8.783186912536621 9.343149885310483
1514.517 9.387075424194336 8.783186912536621 9.258526673607747
1514.532 9.39112377166748 8.783186912536621 9.184676156175348
1514.552 9.322586059570312 8.783186912536621 9.12059747295349
1514.567 9.300128936767578 7.970732688903809 9.042733725813884
1514.582 9.157899856567383 7.970732688903809 8.957153565160855
1514.602 8.919522285461426 7.970732688903809 8.868420535203335
1514.617 8.707213401794434 7.970732688903809 8.779892755602328
1514.632 8.627655029296875 7.970732688903809 8.693971177332545
1514.657 8.428799629211426 7.970732688903809 8.612304087401407
1514.667 8.305339813232422 7.970732688903809 8.53595457789592
1514.682 8.241921424865723 7.970732688903809 8.465536820879944
1514.702 8.185302734375 7.970732688903809 8.401326202070495
1514.717 8.183930397033691 7.970732688903809 8.343347660703643
1514.732 8.205753326416016 7.970732688903809 8.291445956617853
1514.752 8.26199722290039 7.970732688903809 8.245341033313125
1514.767 8.305204391479492 7.970732688903809 8.204671161930106
1514.782 8.287932395935059 7.970732688903809 8.169026129778032
1514.802 8.264369010925293 7.970732688903809 8.137972372219165
1514.817 8.221879959106445 7.970732688903809 8.11107163251753
1514.832 8.161624908447266 7.970732688903809 8.08789446506631
1514.852 8.14590072631836 7.970732688903809 8.068029667946995
1514.867 8.056653022766113 7.970732688903809 8.051090536160803
1514.882 8.035273551940918 7.970732688903809 8.036718662641038
1514.902 7.969355583190918 7.559166431427002 8.013153479024616
1514.917 7.931944847106934 7.559166431427002 7.983654345143511
1514.932 7.8849358558654785 7.559166431427002 7.9507219674647915
1514.952 7.8316264152526855 7.559166431427002 7.916243886812789
1514.967 7.815479278564453 7.559166431427002 7.881615776948562
1514.982 7.785368919372559 7.559166431427002 7.847842038192131
1515.002 7.76057243347168 7.559166431427002 7.815618758224753
1515.017 7.746757984161377 7.559166431427002 7.785401731570189
1515.032 7.74360466003418 7.559166431427002 7.757461881699229
1515.052 7.723172187805176 7.559166431427002 7.731930115511352
1515.067 7.699618816375732 7.559166431427002 7.708833358395516
1515.082 7.693918228149414 7.559166431427002 7.688123267732135
1515.112 7.702839374542236 7.559166431427002 7.669698901680623
1515.117 7.702839374542236 7.559166431427002 7.6534244262331
1515.132 7.682651042938232 7.559166431427002 7.639142774496252
1515.152 7.661181449890137 7.559166431427002 7.626686025645566
1515.167 7.627957344055176 7.559166431427002 7.615883144673831
1515.182 7.613891124725342 7.559166431427002 7.606565615715866
1515.202 7.58359956741333 7.559166431427002 7.598571409288314
1515.217 7.577301025390625 7.559166431427002 7.591747645300822
1515.232 7.527598857879639 7.559166431427002 7.585952247397501
1515.252 7.545856952667236 7.559166431427002 7.5810548284645245
1515.267 7.55043888092041 7.559166431427002 7.576937000542686
1515.282 7.567142009735107 7.559166431427002 7.573492263621515
1515.302 7.569714069366455 7.559166431427002 7.570625595720889
1515.317 7.5800676345825195 7.559166431427002 7.568252840281991
1515.332 7.578641891479492 7.559166431427002 7.566299965313544
1515.352 7.592002868652344 7.559166431427002 7.564702251208607
1515.367 7.591115474700928 7.559166431427002 7.563403450002595
1515.382 7.584349155426025 7.559166431427002 7.562354947518102
1515.402 7.5466532707214355 7.559166431427002 7.561514950852385
1515.417 7.533876419067383 7.559166431427002 7.560847716596857
1515.432 7.558830261230469 7.559166431427002 7.560322829686221
1515.452 7.556438446044922 7.559166431427002 7.559914538564137
1515.467 7.560745716094971 7.559166431427002 7.5596011491767
1515.487 7.5584821701049805 7.559166431427002 7.559364477959361
1515.502 7.568528652191162 7.559166431427002 7.5591893622972925
1515.517 7.5689778327941895 7.559166431427002 7.559063225773379
1515.532 7.597724914550781 7.559166431427002 7.558975694757115
1515.552 7.574801445007324 7.559166431427002 7.558918262438136
1515.567 7.548274993896484 7.559166431427002 7.558883996194126
1515.582 7.554966926574707 7.559166431427002 7.558867284143712
1515.602 7.542296409606934 7.559166431427002 7.558863616822121
1515.617 7.553786754608154 7.559166431427002 7.558869400092714
1515.632 7.5439558029174805 7.559166431427002 7.5588817956411445
1515.652 7.559321403503418 7.559166431427002 7.558898585667769
1515.672 7.540548801422119 7.559166431427002 7.558918058680689
1515.682 7.5566511154174805 7.559166431427002 7.558938913583334
1515.702 7.574103832244873 11.057500839233398 7.602015328532579
1515.717 7.6287641525268555 11.057500839233398 7.688147303528424
1515.732 7.680153846740723 11.057500839233398 7.8173348385708685
1515.752 8.001204490661621 11.057500839233398 7.9895779336599135
1515.767 8.194491386413574 11.057500839233398 8.198238905528017
1515.782 8.576838493347168 11.057500839233398 8.42720321650427
1515.802 9.133265495300293 11.057500839233398 8.664358133128585
1515.817 9.244145393371582 11.057500839233398 8.900795346419606
1515.832 9.610360145568848 11.057500839233398 9.130150504611445
1515.852 9.970669746398926 11.057500839233398 9.34805921280587
1515.867 10.045485496520996 11.057500839233398 9.55171161170118
1515.882 10.099909782409668 11.057500839233398 9.73948997747229
1515.902 10.132712364196777 11.057500839233398 9.910675886812355
1515.917 10.132712364196777 11.057500839233398 10.065215371311018
1515.932 10.135367393493652 11.057500839233398 10.203532154346593
1515.952 10.174942970275879 11.057500839233398 10.326380534977147
1515.967 10.188207626342773 11.057500839233398 10.43473077207255
1515.982 10.263555526733398 11.057500839233398 10.529680944059855
1516.002 10.452081680297852 11.057500839233398 10.612390231198498
1516.017 10.532488822937012 11.057500839233398 10.684029403938542
1516.032 10.758232116699219 13.36890983581543 10.798724136725186
1516.052 10.9237699508667 13.36890983581543 10.952316081504701
1516.067 11.111475944519043 13.36890983581543 11.129517917615427
1516.082 11.344176292419434 13.36890983581543 11.318717901759237
1516.102 11.772500038146973 13.36890983581543 11.511261002819493
1516.117 12.051013946533203 13.36890983581543 11.700851584255354
1516.132 12.210912704467773 13.36890983581543 11.883059787748147
1516.152 12.564961433410645 13.36890983581543 12.054915947643646
1516.167 12.644426345825195 13.36890983581543 12.214579360396796
1516.182 12.708749771118164 13.36890983581543 12.361069542616784
1516.202 12.698368072509766 13.36890983581543 12.49404973766322
1516.217 12.66879653930664 13.36890983581543 12.613653880742763
1516.232 12.663385391235352 13.36890983581543 12.720349515789382
1516.252 12.67990779876709 13.36890983581543 12.814830285653823
1516.267 12.691670417785645 13.36890983581543 12.897932602881548
1516.282 12.759839057922363 16.498836517333984 13.024090480155873
1516.307 13.08552360534668 16.498836517333984 13.193303917476799
1516.317 13.08552360534668 16.498836517333984 13.405572914844324
1516.332 13.441629409790039 16.498836517333984 13.643623024408305
1516.352 13.856456756591797 16.498836517333984 13.89353709359893
1516.367 14.169243812561035 16.498836517333984 14.145011608811707
1516.387 14.380343437194824 16.498836517333984 14.390619039721644
1516.402 14.91097354888916 16.498836517333984 14.625199297619888
1516.422 15.358386993408203 16.498836517333984 14.8453606294014
1516.437 15.448623657226562 16.498836517333984 15.049072804491594
1516.457 15.98806381225586 16.498836517333984 15.235337745408886
1516.467 16.262392044067383 16.498836517333984 15.403924808750464
1516.482 16.281879425048828 16.498836517333984 15.555159752287155
1516.502 16.153947830200195 19.30722427368164 15.749450255870446
1516.517 16.064327239990234 19.30722427368164 15.986796319500337
1516.537 16.089242935180664 19.30722427368164 16.249128447720306
1516.552 16.20967674255371 19.30722427368164 16.522080250872182
1516.567 16.52181625366211 19.30722427368164 16.795060825578805
1516.582 16.824708938598633 19.30722427368164 17.060479225366443
1516.612 17.36028289794922 19.30722427368164 17.313105332477416
1516.617 17.578283309936523 19.30722427368164 17.549546237429645
1516.632 17.89035987854004 19.30722427368164 17.767819944140196
1516.652 18.16473388671875 19.30722427368164 17.96701066656049
1516.667 18.540634155273438 17.532644271850586 18.123145828934184
1516.682 18.695981979370117 17.532644271850586 18.23622543126128
1516.702 18.688989639282227 17.532644271850586 18.306249473541772
1516.717 18.6462459564209 17.532644271850586 18.334944333852924
1516.732 18.48458480834961 17.532644271850586 18.33322286816054
1516.752 18.123634338378906 17.532644271850586 18.309750854444857
1516.767 17.963712692260742 17.532644271850586 18.271342948749552
1516.782 17.873924255371094 17.532644271850586 18.223297873736826
1516.807 17.61725425720215 17.532644271850586 18.169680746411913
1516.817 17.562124252319336 17.532644271850586 18.11355967981554
1516.832 17.619321823120117 15.125027656555176 18.01438305317257
1516.852 17.657634735107422 15.125027656555176 17.872150866482997
1516.872 17.644420623779297 15.125027656555176 17.693908815444036
1516.882 17.5789852142334 15.125027656555176 17.49481086408766
1516.902 17.316137313842773 15.125027656555176 17.28629668370432
1516.917 17.118539810180664 15.125027656555176 17.076826267161167
1516.932 16.869901657104492 15.125027656555176 16.872489171339623
1516.952 16.763004302978516 15.125027656555176 16.677506986324254
1516.967 16.190671920776367 15.125027656555176 16.494645326286008
1516.982 15.982617378234863 15.125027656555176 16.325549533388713
1517.002 15.821366310119629 15.125027656555176 16.171016384253885
1517.017 15.71977710723877 15.125027656555176 16.031212384190685
1517.032 15.676556587219238 15.125027656555176 15.905847718929108
1517.052 15.669390678405762 15.125027656555176 15.794313595571383
1517.067 15.653768539428711 15.125027656555176 15.695789530790147
1517.082 15.660585403442383 15.125027656555176 15.609326120992538
1517.102 15.660210609436035 15.125027656555176 15.53390794205543
1517.117 15.63824462890625 15.125027656555176 15.468500461371907
1517.132 15.62080192565918 15.125027656555176 15.412084188941803
1517.152 15.510475158691406 15.125027656555176 15.363678734469197
1517.167 15.459818840026855 15.125027656555176 15.322358962178914
1517.182 15.3344144821167 15.125027656555176 15.28726503358682
1517.202 15.246223449707031 17.88343620300293 15.295226665041326
1517.217 15.24014949798584 17.88343620300293 15.346243856542433
1517.232 15.292481422424316 17.88343620300293 15.44031660809014
1517.252 15.536351203918457 17.88343620300293 15.575599852246718
1517.267 15.757757186889648 17.88343620300293 15.736659413878808
1517.282 16.018728256225586 17.88343620300293 15.911718125475453
1517.302 16.39259910583496 17.88343620300293 16.09194681851048
1517.317 16.65342903137207 17.88343620300293 16.27087431172677
1517.332 16.82872772216797 17.88343620300293 16.443899069762203
1517.352 17.009395599365234 17.88343620300293 16.60788729055848
1517.372 17.149616241455078 17.88343620300293 16.7608440976363
1517.382 17.164701461791992 19.413772583007812 16.944155606062207
1517.402 17.227848052978516 19.413772583007812 17.14412932979606
1517.417 17.363265991210938 19.413772583007812 17.350489481349033
1517.432 17.492921829223633 19.413772583007812 17.555694345714727
1517.452 17.761106491088867 19.413772583007812 17.7543711185641
1517.467 17.95480728149414 19.413772583007812 17.942850626101777
1517.482 18.156572341918945 19.413772583007812 18.118786551227927
1517.502 18.410240173339844 19.413772583007812 18.280845799603462
1517.517 18.58635711669922 19.413772583007812 18.42845845025501
1517.532 18.680173873901367 19.413772583007812 18.561617354249826
1517.552 18.818754196166992 21.552968978881836 18.73783181829124
1517.567 18.970821380615234 21.552968978881836 18.9423171108679
1517.582 19.072120666503906 21.552968978881836 19.161383015868555
1517.602 19.613059997558594 21.552968978881836 19.38481319489509
1517.622 19.915069580078125 21.552968978881836 19.605164709066457
1517.632 20.018491744995117 21.552968978881836 19.81718897077167
1517.652 20.23847007751465 21.552968978881836 20.017355804893054
1517.667 20.395606994628906 21.552968978881836 20.20346462567123
1517.682 20.564260482788086 21.552968978881836 20.37432884708921
1517.702 20.658090591430664 24.08243179321289 20.58824862855379
1517.717 20.80870819091797 24.08243179321289 20.838618455695947
1517.732 21.092445373535156 24.08243179321289 21.108156096889036
1517.752 21.460126876831055 24.08243179321289 21.383943513721267
1517.767 21.76388168334961 24.08243179321289 21.656549173958112
1517.782 22.059274673461914 24.08243179321289 21.91930219510773
1517.802 22.558887481689453 24.08243179321289 22.16769546259718
1517.817 22.749094009399414 24.08243179321289 22.398897759803514
1517.832 22.886089324951172 24.70672607421875 22.628699084805483
1517.852 23.111358642578125 24.70672607421875 22.851113008943578
1517.867 23.2666072845459 24.70672607421875 23.06205446403457
1517.882 23.440555572509766 24.70672607421875 23.258914497669835
1517.902 23.527387619018555 24.70672607421875 23.44021451129854
1517.917 23.64010238647461 24.70672607421875 23.60532706547081
1517.932 23.748952865600586 24.70672607421875 23.754252146955317
1517.952 23.89041519165039 24.70672607421875 23.887439398335612
1517.967 23.94400978088379 26.13385772705078 24.045290775496575
1517.982 24.12624168395996 26.13385772705078 24.216433348168497
1518.002 24.321016311645508 26.13385772705078 24.39234731657899
1518.017 24.634681701660156 26.13385772705078 24.566794285566075
1518.032 24.87371253967285 26.13385772705078 24.73534415534408
1518.052 25.140901565551758 26.13385772705078 24.89498582946052
1518.067 25.294191360473633 26.13385772705078 25.043808805407576
1518.082 25.42075538635254 27.788034439086914 25.22669376707949
1518.102 25.620119094848633 27.788034439086914 25.42890967966343
1518.117 25.788497924804688 27.788034439086914 25.63936233084654
1518.132 25.95087242126465 27.788034439086914 25.849872070316923
1518.152 26.230287551879883 27.788034439086914 26.054575229686
1518.167 26.41869354248047 27.788034439086914 26.249430807270468
1518.182 26.582679748535156 27.788034439086914 26.43181629589066
1518.202 26.745023727416992 27.19113540649414 26.583618093090205
1518.217 26.874290466308594 27.19113540649414 26.70928486152818
1518.232 26.883846282958984 27.19113540649414 26.81273078247472
1518.252 26.92466163635254 27.19113540649414 26.897378264943626
1518.267 26.924680709838867 27.19113540649414 26.96620221424528
1518.282 26.914100646972656 27.19113540649414 27.021774188441984
1518.302 26.966642379760742 27.19113540649414 27.06630524789838
1518.317 26.98043441772461 24.67778205871582 27.067780747308177
1518.332 26.982959747314453 24.67778205871582 27.026200686671373
1518.352 26.87483024597168 24.67778205871582 26.94156506598797
1518.367 26.773086547851562 24.67778205871582 26.81802667120988
1518.382 26.591936111450195 24.67778205871582 26.670039578007245
1518.402 26.27943992614746 24.67778205871582 26.50864167097938
1518.417 26.083784103393555 24.67778205871582 26.34211595657113
1518.432 25.887380599975586 21.86894989013672 26.132534682116283
1518.452 25.62529182434082 21.86894989013672 25.879897847614835
1518.467 25.32720375061035 21.86894989013672 25.587426220626103
1518.482 25.04937171936035 21.86894989013672 25.274530538985008
1518.507 24.394710540771484 21.86894989013672 24.955689166097045
1518.517 24.27066993713379 21.86894989013672 24.641443420296287
1518.532 23.941068649291992 18.832393646240234 24.294776735549544
1518.552 23.67311668395996 18.832393646240234 23.9481100508028
1518.567 23.34764289855957 18.832393646240234 23.601443366056056
1518.582 22.991849899291992 18.832393646240234 23.254776681309313
1518.602 22.440343856811523 18.832393646240234 22.90810999656257
1518.617 22.13035774230957 18.832393646240234 22.561443311815825
1518.632 21.75107192993164 18.832393646240234 22.21477662706908
1518.652 21.50848388671875 18.832393646240234 21.868109942322338
1518.667 21.324718475341797 18.832393646240234 21.521443257575594
1518.682 21.117891311645508 16.291866302490234 21.17477657282885
1518.702 20.7650203704834 16.291866302490234 20.828109888082107
1518.717 20.426725387573242 16.291866302490234 20.481443203335363
1518.732 19.94269371032715 16.291866302490234 20.13477651858862
1518.752 19.577150344848633 16.291866302490234 19.788109833841876
1518.767 19.250896453857422 16.291866302490234 19.441443149095132
1518.782 18.92207145690918 16.291866302490234 19.09477646434839
1518.802 18.430435180664062 16.291866302490234 18.75284114334751
1518.817 18.323060989379883 16.291866302490234 18.439427082306405
1518.832 18.09688949584961 14.600948333740234 18.108189255720742
1518.852 17.73963737487793 14.600948333740234 17.773378782456426
1518.867 17.43008804321289 14.600948333740234 17.445308204352642
1518.882 17.100309371948242 14.600948333740234 17.131180956912207
1518.902 16.650074005126953 14.600948333740234 16.835772187357975
1518.917 16.4244384765625 14.600948333740234 16.561984126689136
1518.932 16.07202911376953 14.600948333740234 16.311296131769428
1518.952 15.756609916687012 14.600948333740234 16.084126739769374
1518.967 15.607438087463379 14.600948333740234 15.880122607727971
1518.982 15.502435684204102 14.600948333740234 15.698387027017976
1519.002 15.403464317321777 13.588811874389648 15.5095438809537
1519.017 15.293408393859863 13.588811874389648 15.320852623317279
1519.032 15.229545593261719 13.588811874389648 15.137511643421867
1519.052 15.037914276123047 13.588811874389648 14.963097834690098
1519.067 14.86963939666748 13.588811874389648 14.799926660352705
1519.082 14.678791046142578 13.588811874389648 14.649345240258414
1519.102 14.462759971618652 13.588811874389648 14.511969294846784
1519.117 14.305896759033203 13.588811874389648 14.387873271644285
1519.132 14.17070484161377 13.588811874389648 14.276741637943946
1519.162 13.989367485046387 13.588811874389648 14.177988140008923
1519.167 13.989367485046387 13.588811874389648 14.090848792196015
1519.187 13.883065223693848 13.588811874389648 14.014453456157396
1519.202 13.876299858093262 13.588811874389648 13.947880087954012
1519.217 13.840249061584473 13.588811874389648 13.890195056974838
1519.232 13.859785079956055 13.588811874389648 13.840482363013786
1519.252 13.890595436096191 13.588811874389648 13.797864085440875
1519.267 13.898706436157227 13.588811874389648 13.76151398067514
1519.282 13.856743812561035 13.588811874389648 13.730665791566294
1519.302 13.843454360961914 13.588811874389648 13.704617536161543
1519.317 13.804142951965332 13.588811874389648 13.682732795899403
1519.332 13.751861572265625 13.588811874389648 13.664439817609747
1519.357 13.684359550476074 13.588811874389648 13.649229073686122
1519.372 13.566532135009766 13.588811874389648 13.636649785054558
1519.382 13.530709266662598 14.343828201293945 13.647278475332373
1519.402 13.480888366699219 14.343828201293945 13.674244308724896
1519.417 13.521484375 14.343828201293945 13.712169376769177
1519.432 13.623517990112305 14.343828201293945 13.75689508859638
1519.452 13.784881591796875 14.343828201293945 13.805252214020506
1519.467 13.985745429992676 14.343828201293945 13.854868598844648
1519.482 14.155580520629883 14.343828201293945 13.904009219831318
1519.502 14.259293556213379 14.343828201293945 13.951443859349485
1519.517 14.238663673400879 14.343828201293945 13.99633824982749
1519.532 14.254432678222656 14.343828201293945 14.03816506199867
1519.552 14.211880683898926 14.343828201293945 14.076631587080454
1519.567 14.19304084777832 14.343828201293945 14.111621391767432
1519.582 14.131110191345215 17.002717971801758 14.18966675650101
1519.602 14.137776374816895 17.002717971801758 14.310767681281188
1519.617 14.227585792541504 17.002717971801758 14.472333080342834
1519.632 14.424447059631348 17.002717971801758 14.658410090488415
1519.652 14.823224067687988 17.002717971801758 14.856884948505416
1519.672 14.929759979248047 17.002717971801758 15.058731739571522
1519.682 15.465230941772461 17.002717971801758 15.257388226714095
1519.702 15.87360668182373 17.002717971801758 15.448240093095722
1519.717 16.190753936767578 17.002717971801758 15.628197206761525
1519.737 16.48448944091797 17.002717971801758 15.79534760524096
1519.752 16.563995361328125 17.002717971801758 15.948676790917334
1519.767 16.553457260131836 17.002717971801758 16.087841629798255
1519.782 16.469745635986328 14.370231628417969 16.18395090863258
1519.802 16.343490600585938 14.370231628417969 16.2370046274203
1519.817 16.18569564819336 14.370231628417969 16.247002786161424
1519.842 15.927586555480957 14.370231628417969 16.213945384855947
1519.852 15.927586555480957 14.370231628417969 16.139039971387945
1519.867 15.433691024780273 14.370231628417969 16.03622418930189
1519.882 15.249678611755371 14.370231628417969 15.916261971030067
1519.902 15.135973930358887 14.370231628417969 15.787343757933618
1519.917 15.11168098449707 14.370231628417969 15.655588143860296
1519.932 15.138567924499512 14.370231628417969 15.52545893767927
1519.952 15.194271087646484 14.370231628417969 15.40011002434576
1519.967 15.236817359924316 14.370231628417969 15.281668902104789
1519.982 15.265074729919434 11.541003227233887 15.120172219817217
1520.002 15.247213363647461 11.541003227233887 14.915619977483045
1520.022 15.071722030639648 11.541003227233887 14.675284842881522
1520.032 14.684876441955566 11.541003227233887 14.415981279341342
1520.052 14.178078651428223 11.541003227233887 14.150286552858407
1520.067 13.694395065307617 11.541003227233887 13.887391902866415
1520.082 13.31548023223877 11.541003227233887 13.633806604246391
1520.102 12.958990097045898 11.541003227233887 13.393937044112908
1520.117 12.655163764953613 11.541003227233887 13.170560140390819
1520.132 12.453991889953613 11.541003227233887 12.965207888159355
1520.152 12.270809173583984 11.541003227233887 12.778477532386804
1520.167 12.201371192932129 11.541003227233887 12.610279823669355
1520.182 12.181609153747559 11.541003227233887 12.46003600413037
1520.202 12.256235122680664 11.506044387817383 12.3258614991303
1520.217 12.2730712890625 11.506044387817383 12.206930405951097
1520.232 12.304271697998047 11.506044387817383 12.102227399506727
1520.252 12.286505699157715 11.506044387817383 12.010629605494454
1520.267 12.204139709472656 11.506044387817383 11.930968263630604
1520.282 12.1569185256958 11.506044387817383 11.862074194245992
1520.302 11.982048034667969 11.506044387817383 11.80281039432825
1520.317 11.847508430480957 11.506044387817383 11.75209450422222
1520.332 11.715324401855469 11.506044387817383 11.708913390893718
1520.352 11.55057144165039 11.506044387817383 11.672331676306456
1520.367 11.4686861038208 11.506044387817383 11.641495689564092
1520.392 11.456575393676758 11.506044387817383 11.615634029635633
1520.407 11.458255767822266 11.506044387817383 11.59405568336769
1520.417 11.4332275390625 11.506044387817383 11.576146443729789
1520.432 11.489034652709961 11.506044387817383 11.561364209386587
1520.452 11.572596549987793 15.27086067199707 11.589637535089986
1520.467 11.6386079788208 15.27086067199707 11.660966420839985
1520.482 11.810391426086426 15.27086067199707 11.775350866636584
1520.502 12.055883407592773 15.27086067199707 11.932790872479783
1520.517 12.33275032043457 15.27086067199707 12.133286438369582
1520.532 12.61835765838623 15.27086067199707 12.364129773208496
1520.552 13.047121047973633 15.27086067199707 12.610310026487001
1520.567 13.415385246276855 15.27086067199707 12.860643396671769
1520.582 13.544055938720703 15.27086067199707 13.106999461791974
1520.607 13.908656120300293 15.27086067199707 13.343661900263093
1520.622 13.9488525390625 15.27086067199707 13.56680328246903
1520.632 13.997565269470215 15.27086067199707 13.7740562021769
1520.652 14.088799476623535 15.27086067199707 13.964165364514665
1520.667 14.129107475280762 15.27086067199707 14.136707357041416
1520.682 14.227673530578613 15.27086067199707 14.291866711170856
1520.702 14.31122875213623 15.27086067199707 14.430258525530368
1520.717 14.388646125793457 15.27086067199707 14.552789385836014
1520.732 14.431312561035156 15.27086067199707 14.660549593940583
1520.752 14.653573036193848 15.27086067199707 14.754730828759733
1520.767 14.772543907165527 15.27086067199707 14.836564320573794
1520.782 14.882464408874512 15.27086067199707 14.907275443962506
1520.802 15.014424324035645 15.27086067199707 14.968051338733948
1520.817 15.131914138793945 15.27086067199707 15.020018767001192
1520.832 15.186354637145996 15.27086067199707 15.064229921245925
1520.852 15.194051742553711 15.27086067199707 15.1016543248098
1520.867 15.243927955627441 15.27086067199707 15.133175323611914
1520.882 15.233673095703125 15.529258728027344 15.166767690224592
1520.902 15.197501182556152 15.529258728027344 15.200911415678771
1520.917 15.186066627502441 15.529258728027344 15.234501844710776
1520.932 15.209474563598633 15.529258728027344 15.266762677077962
1520.952 15.258155822753906 15.529258728027344 15.297174497529111
1520.967 15.272202491760254 15.529258728027344 15.325416419922666
1520.982 15.299729347229004 15.529258728027344 15.351318750814247
1521.002 15.342147827148438 15.529258728027344 15.374824865230835
1521.017 15.408133506774902 15.529258728027344 15.395960743518296
1521.032 15.435423851013184 15.529258728027344 15.41481084482346
1521.052 15.481532096862793 12.47964859008789 15.390605386082024
1521.067 15.474302291870117 12.47964859008789 15.323344367293988
1521.082 15.428478240966797 12.47964859008789 15.213027788459351
1521.102 15.144498825073242 12.47964859008789 15.059655649578115
1521.117 14.894332885742188 12.47964859008789 14.878072082073887
1521.132 14.584455490112305 12.47964859008789 14.681314312985752
1521.152 14.090600967407227 12.47964859008789 14.479147193809254
1521.172 13.844940185546875 12.47964859008789 14.27871912771226
1521.187 13.480350494384766 12.47964859008789 14.085104829824411
1521.202 13.229910850524902 12.47964859008789 13.901751907888082
1521.222 13.229910850524902 12.47964859008789 13.730846109150418
1521.232 12.969106674194336 12.47964859008789 13.573608132314659
1521.252 13.06706714630127 10.650083541870117 13.37971189303387
1521.267 13.097010612487793 10.650083541870117 13.164929906751
1521.282 13.116907119750977 10.650083541870117 12.94114596899989
1521.302 12.961104393005371 10.650083541870117 12.717126853971052
1521.317 12.68974494934082 10.650083541870117 12.499161949074313
1521.332 12.558401107788086 10.650083541870117 12.2915904760059
1521.352 12.166543006896973 10.650083541870117 12.097233503780865
1521.367 11.786948204040527 10.650083541870117 11.917745728978815
1521.382 11.672502517700195 10.650083541870117 11.753899984152518
1521.402 11.35050106048584 10.650083541870117 11.605815631742056
1521.417 11.180719375610352 10.650083541870117 11.473140398326061
1521.432 11.079277038574219 10.650083541870117 11.355193790163263
1521.452 11.042113304138184 10.650083541870117 11.251078991560545
1521.467 11.011209487915039 9.707723617553711 11.133592400350674
1521.482 11.026451110839844 9.707723617553711 11.009786208066178
1521.502 10.924314498901367 9.707723617553711 10.884890029693766
1521.517 10.919784545898438 9.707723617553711 10.762682033291124
1521.532 10.747295379638672 9.707723617553711 10.645795234181259
1521.562 10.45931339263916 9.707723617553711 10.535968815588756
1521.567 10.415215492248535 9.707723617553711 10.434253070430705
1521.582 10.253642082214355 9.707723617553711 10.341175412107711
1521.602 10.17111873626709 9.707723617553711 10.256873873334191
1521.617 10.135366439819336 9.707723617553711 10.181203596429409
1521.632 10.038148880004883 9.707723617553711 10.113821009425175
1521.652 9.993958473205566 9.707723617553711 10.054249672116999
1521.667 9.967449188232422 9.707723617553711 10.001931156517847
1521.682 9.919364929199219 9.707723617553711 9.95626378862122
1521.702 9.89330768585205 9.707723617553711 9.916631614609233
1521.717 9.876837730407715 9.707723617553711 9.882425556629446
1521.732 9.8765869140625 9.707723617553711 9.853058383435544
1521.752 9.866969108581543 9.380523681640625 9.818885944439312
1521.767 9.85632610321045 9.380523681640625 9.782218966204661
1521.782 9.82918930053711 9.380523681640625 9.74478276216543
1521.802 9.7200288772583 9.380523681640625 9.707835174309398
1521.817 9.67012882232666 9.380523681640625 9.672264083369381
1521.837 9.61568832397461 9.380523681640625 9.638667567828012
1521.852 9.52933406829834 9.380523681640625 9.607419401266656
1521.867 9.497111320495605 9.380523681640625 9.578722222823519
1521.882 9.468819618225098 9.380523681640625 9.552650396422866
1521.902 9.488775253295898 9.380523681640625 9.529184289756094
1521.917 9.473898887634277 9.380523681640625 9.508237451891054
1521.937 9.471238136291504 9.380523681640625 9.489677946631417
1521.952 9.480546951293945 9.380523681640625 9.473344904903586
1521.972 9.496040344238281 9.380523681640625 9.459061190991521
1521.982 9.481253623962402 9.380523681640625 9.446642931856085
1522.007 9.474852561950684 9.380523681640625 9.435906533628296
1522.017 9.448654174804688 9.380523681640625 9.426673702341352
1522.032 9.424332618713379 9.380523681640625 9.418774894902294
1522.057 9.404214859008789 9.380523681640625 9.412051549208478
1522.067 9.405364990234375 9.380523681640625 9.406357377370137
1522.082 9.399386405944824 9.380523681640625 9.401558951569463
1522.102 9.394449234008789 9.380523681640625 9.397535766702026
1522.117 9.384385108947754 9.380523681640625 9.394179926305483
1522.132 9.38297176361084 9.380523681640625 9.391395567235069
1522.152 9.372159957885742 9.380523681640625 9.389098113088847
1522.167 9.373076438903809 9.380523681640625 9.387213425641821
1522.182 9.388364791870117 9.380523681640625 9.385676906757665
1522.202 9.392378807067871 9.380523681640625 9.384432589756319
1522.217 9.39219856262207 9.380523681640625 9.383432248464757
1522.232 9.40007495880127 9.089292526245117 9.374544788528897
1522.252 9.362070083618164 9.089292526245117 9.36025176759403
1522.267 9.373050689697266 9.089292526245117 9.342481789757136
1522.282 9.357324600219727 9.089292526245117 9.322713603405456
1522.307 9.3341703414917 9.089292526245117 9.30206248399253
1522.317 9.249833106994629 9.089292526245117 9.28135223816451
1522.332 9.192866325378418 9.089292526245117 9.261174903072888
1522.352 9.165295600891113 9.089292526245117 9.24193996892326
1522.367 9.137897491455078 9.089292526245117 9.22391472588358
1522.382 9.129509925842285 9.089292526245117 9.20725712936926
1522.402 9.130712509155273 9.089292526245117 9.192042390573791
1522.417 9.154545783996582 9.089292526245117 9.178284331466136
1522.432 9.151622772216797 9.089292526245117 9.16595239446163
1522.452 9.198953628540039 9.089292526245117 9.154985065451386
1522.467 9.20340633392334 9.089292526245117 9.145300353543371
1522.482 9.194636344909668 9.089292526245117 9.136803870342952
1522.502 9.166817665100098 9.089292526245117 9.129394964478935
1522.517 9.134660720825195 9.089292526245117 9.122971291985404
1522.532 9.138260841369629 9.089292526245117 9.117432138758483
1522.552 9.11197566986084 9.089292526245117 9.11268075637636
1522.567 9.09875774383545 9.089292526245117 9.108625925945748
1522.582 9.10418701171875 9.089292526245117 9.105182925260472
1522.602 9.064775466918945 9.089292526245117 9.10227404146821
1522.622 9.072429656982422 9.089292526245117 9.099828743777374
1522.632 9.089961051940918 9.089292526245117 9.097783607728653
1522.652 9.11177921295166 9.089292526245117 9.096082063524811
1522.672 9.08287525177002 9.089292526245117 9.09467402525976
1522.682 9.084234237670898 9.089292526245117 9.093515445091281
1522.702 9.077913284301758 9.089292526245117 9.092567826007473
1522.722 9.075679779052734 9.089292526245117 9.09179771845297
1522.732 9.119275093078613 10.244174003601074 9.123256263754463
1522.757 9.176433563232422 10.244174003601074 9.176938161221434
1522.772 9.217782020568848 10.244174003601074 9.245055630104535
1522.782 9.336522102355957 10.244174003601074 9.32162643951176
1522.802 9.49671459197998 10.244174003601074 9.402128509019857
1522.817 9.619187355041504 10.244174003601074 9.483211812711454
1522.832 9.72036075592041 10.244174003601074 9.562459353332937
1522.852 9.832256317138672 10.244174003601074 9.638189942978864
1522.867 9.916899681091309 10.244174003601074 9.709296423434687
1522.887 9.93095874786377 10.244174003601074 9.775113778820579
1522.902 9.958590507507324 10.244174003601074 9.835312334588645
1522.922 9.932744979858398 10.244174003601074 9.889811901767873
1522.932 9.927845001220703 10.244174003601074 9.938713316851981
1522.952 9.912229537963867 10.244174003601074 9.982244350234398
1522.967 9.92961311340332 10.244174003601074 10.020717414645429
1522.982 9.950895309448242 10.244174003601074 10.054496905023262
1523.007 10.05047607421875 10.244174003601074 10.083974348138291
1523.017 10.079826354980469 10.244174003601074 10.1095498394955
1523.032 10.098422050476074 10.24417495727539 10.131618528251972
1523.052 10.116362571716309 10.24417495727539 10.150560989333666
1523.067 10.173013687133789 10.24417495727539 10.166736807765258
1523.082 10.198908805847168 10.24417495727539 10.180480537335189
1523.102 10.23828125 10.24417495727539 10.192099499617884
1523.117 10.242807388305664 10.24417495727539 10.201872963056827
1523.132 10.261284828186035 10.24417495727539 10.21005233389451
1523.157 10.267311096191406 10.24417495727539 10.216862066955652
1523.167 10.23538589477539 10.24417495727539 10.222501067025753
1523.182 10.227682113647461 10.24417495727539 10.22714440289573
1523.207 10.200154304504395 10.24417495727539 10.230945197871602
1523.217 10.211437225341797 10.24417495727539 10.234036594236583
1523.232 10.193622589111328 10.24417495727539 10.236533716144036
1523.252 10.198946952819824 10.24417495727539 10.238535576861045
1523.267 10.224089622497559 10.24417495727539 10.240126893150947
1523.282 10.241436004638672 10.24417495727539 10.241379782705936
1523.302 10.263351440429688 10.24417495727539 10.242355330614636
1523.317 10.251291275024414 10.24417495727539 10.243105018458415
1523.332 10.254313468933105 12.219648361206055 10.286910266348794
1523.352 10.317055702209473 12.219648361206055 10.37199120159119
1523.367 10.399269104003906 12.219648361206055 10.484289685933792
1523.382 10.561747550964355 12.219648361206055 10.612974677394455
1523.402 10.871333122253418 12.219648361206055 10.749828748578595
1523.417 11.10378360748291 12.219648361206055 10.888735824403318
1523.432 11.309078216552734 12.219648361206055 11.025255689903622
1523.452 11.579446792602539 12.219648361206055 11.15627250249169
1523.467 11.60586929321289 12.219648361206055 11.279706104289136
1523.482 11.682819366455078 12.219648361206055 11.394276360280012
1523.502 11.700276374816895 12.219648361206055 11.499312044464332
1523.517 11.673983573913574 12.219648361206055 11.594596960796503
1523.532 11.668578147888184 12.219648361206055 11.680247023471187
1523.552 11.696416854858398 12.219648361206055 11.756612939177916
1523.567 11.6821870803833 12.219648361206055 11.824203940703907
1523.582 11.733141899108887 12.219648361206055 11.883628725847359
1523.602 11.798529624938965 13.605778694152832 11.974053991764817
1523.617 11.914651870727539 13.605778694152832 12.084184455241399
1523.632 12.10750675201416 13.605778694152832 12.205377796817388
1523.652 12.316303253173828 13.605778694152832 12.331133052139547
1523.667 12.626785278320312 13.605778694152832 12.456664477011289
1523.682 12.816670417785645 13.605778694152832 12.578548505675604
1523.707 13.102072715759277 13.605778694152832 12.694432899295776
1523.717 13.221402168273926 13.605778694152832 12.80279854328664
1523.742 13.230490684509277 13.605778694152832 12.902765593062762
1523.752 13.208544731140137 13.605778694152832 12.993936787658996
1523.767 13.18731689453125 13.605778694152832 13.076271752725559
1523.782 13.152453422546387 13.605778694152832 13.149987004158243
1523.802 13.120477676391602 13.605778694152832 13.21547714819397
1523.817 13.081842422485352 13.605778694152832 13.273253461192676
1523.832 13.106447219848633 13.605778694152832 13.323896630978133
1523.852 13.182109832763672 13.605778694152832 13.368020960036505
1523.867 13.237394332885742 13.605778694152832 13.406247777401768
1523.882 13.331001281738281 13.605778694152832 13.439186188658768
1523.902 13.373559951782227 13.605778694152832 13.467419619652638
1523.917 13.533177375793457 13.605778694152832 13.491496886140267
1523.942 13.593677520751953 13.605778694152832 13.511926755098752
1523.952 13.697646141052246 13.605778694152832 13.529175159462763
1523.967 13.719708442687988 13.605778694152832 13.543664391854326
1523.982 13.684250831604004 13.605778694152832 13.555773738986883
1524.002 13.63805866241455 13.605778694152832 13.565841130930215
1524.017 13.622275352478027 13.605778694152832 13.574165471879406
1524.032 13.577248573303223 13.605778694152832 13.5810093945914
1524.052 13.521788597106934 13.605778694152832 13.586602241937891
1524.067 13.516913414001465 15.778499603271484 13.635250649330983
1524.082 13.520883560180664 15.778499603271484 13.726954616770675
1524.102 13.73500919342041 15.778499603271484 13.849663158761057
1524.122 13.956677436828613 15.778499603271484 13.991183074421564
1524.132 14.108150482177734 15.778499603271484 14.142253365089287
1524.152 14.504781723022461 15.778499603271484 14.295971693637014
1524.167 14.852638244628906 15.778499603271484 14.44731782861012
1524.182 14.966120719909668 15.778499603271484 14.59275983181314
1524.202 15.14835262298584 15.778499603271484 14.729930484602239
1524.217 15.24105167388916 15.778499603271484 14.857363040075334
1524.232 15.263559341430664 15.778499603271484 14.974276832372377
1524.252 15.234110832214355 15.778499603271484 15.080404572201683
1524.267 15.208937644958496 17.650089263916016 15.227842921948696
1524.282 15.26041316986084 17.650089263916016 15.400791698050565
1524.302 15.458314895629883 17.650089263916016 15.587218812825839
1524.317 15.626399040222168 17.650089263916016 15.778126871945075
1524.332 15.882857322692871 17.650089263916016 15.966943272249255
1524.352 16.235759735107422 17.650089263916016 16.149015749878018
1524.367 16.583049774169922 17.650089263916016 16.32119751367182
1524.382 16.78679084777832 17.650089263916016 16.481508105425785
1524.402 16.84771156311035 17.650089263916016 16.628857951602296
1524.417 17.00783348083496 17.650089263916016 16.7628262119302
1524.432 17.110435485839844 17.650089263916016 16.883482994978177
1524.452 17.125736236572266 19.52824592590332 17.043419332346158
1524.467 17.213768005371094 19.52824592590332 17.227063339894965
1524.482 17.393539428710938 19.52824592590332 17.42259662109236
1524.502 17.586544036865234 19.52824592590332 17.621219067629085
1524.517 17.650772094726562 19.52824592590332 17.816538125189602
1524.532 18.096662521362305 19.52824592590332 18.004064224090044
1524.557 18.442596435546875 19.52824592590332 18.18079631055312
1524.567 18.7137508392334 19.52824592590332 18.344883463126205
1524.582 18.81598472595215 19.52824592590332 18.495350436329186
1524.602 18.915613174438477 21.554973602294922 18.688174639487578
1524.617 19.002321243286133 21.554973602294922 18.905998628397224
1524.632 19.159442901611328 21.554973602294922 19.13568846306945
1524.652 19.41531753540039 21.554973602294922 19.367501879845324
1524.667 19.75551986694336 21.554973602294922 19.59439793484866
1524.682 19.87394142150879 21.554973602294922 19.811467211802388
1524.702 20.169700622558594 21.554973602294922 20.015464261865883
1524.717 20.375812530517578 21.554973602294922 20.204426297536163
1524.737 20.594459533691406 21.554973602294922 20.377364293797346
1524.752 20.725242614746094 18.720569610595703 20.50724673001193
1524.767 20.79509925842285 18.720569610595703 20.59407360617991
1524.782 20.783451080322266 18.720569610595703 20.637844922301294
1524.802 20.711772918701172 18.720569610595703 20.638560678376077
1524.822 20.46684455871582 18.720569610595703 20.59622087440426
1524.832 20.3998966217041 18.720569610595703 20.513775919420826
1524.852 20.14742660522461 18.720569610595703 20.40487907801568
1524.867 19.959781646728516 18.720569610595703 20.280049964309292
1524.882 19.767179489135742 18.720569610595703 20.147270198098198
1524.902 19.56436538696289 14.79170036315918 19.971434871840504
1524.917 19.426931381225586 14.79170036315918 19.75254398553621
1524.932 19.255695343017578 14.79170036315918 19.490597539185316
1524.952 18.931909561157227 14.79170036315918 19.185595532787822
1524.967 18.638086318969727 14.79170036315918 18.844958109711417
1524.982 18.289508819580078 14.79170036315918 18.498291424964673
1525.002 17.798200607299805 14.79170036315918 18.15162474021793
1525.017 17.424009323120117 14.79170036315918 17.804958055471186
1525.032 17.0073299407959 14.79170036315918 17.470185092231134
1525.052 16.665634155273438 14.79170036315918 17.155862112176596
1525.067 16.526596069335938 11.701061248779297 16.809195427429852
1525.082 16.30515480041504 11.701061248779297 16.46252874268311
1525.102 16.109067916870117 11.701061248779297 16.115862057936365
1525.117 15.519668579101562 11.701061248779297 15.769195373189623
1525.132 15.111983299255371 11.701061248779297 15.422528688442881
1525.152 14.636727333068848 11.701061248779297 15.07586200369614
1525.167 14.202259063720703 11.701061248779297 14.729195318949397
1525.182 14.082809448242188 11.701061248779297 14.382528634202655
1525.202 13.818827629089355 11.701061248779297 14.052000446436566
1525.217 13.559017181396484 11.701061248779297 13.749818043341763
1525.232 13.465398788452148 11.701061248779297 13.476344075359599
1525.252 13.279928207397461 11.701061248779297 13.23104098535359
1525.267 13.118162155151367 11.701061248779297 13.012740999580691
1525.282 12.9674654006958 9.916250228881836 12.770279038177929
1525.302 12.5633544921875 9.916250228881836 12.517236049783403
1525.317 12.288118362426758 9.916250228881836 12.263638964834163
1525.332 12.088543891906738 9.916250228881836 12.016689141567829
1525.352 11.661288261413574 9.916250228881836 11.781362907104494
1525.367 11.374730110168457 9.916250228881836 11.560903751639598
1525.382 11.133721351623535 9.916250228881836 11.357223201972241
1525.402 10.869478225708008 9.916250228881836 11.171225113181652
1525.417 10.686042785644531 9.916250228881836 11.003066068541225
1525.432 10.612324714660645 9.916250228881836 10.852362757005382
1525.452 10.539592742919922 9.916250228881836 10.718355590804755
1525.467 10.524748802185059 9.916250228881836 10.60003641685261
1525.482 10.497385025024414 9.916250228881836 10.496246947843773
1525.502 10.487248420715332 9.916250228881836 10.405753474936125
1525.517 10.446528434753418 9.916250228881836 10.327302506880825
1525.532 10.415994644165039 9.916250228881836 10.25966119424282
1525.552 10.357195854187012 9.916250228881836 10.201645726707854
1525.572 10.293848037719727 9.916250228881836 10.152140322287448
1525.582 10.212496757507324 9.916250228881836 10.11010894657295
1525.602 10.107315063476562 9.916250228881836 10.07460149632332
1525.617 10.010207176208496 9.916250228881836 10.044755844059145
1525.632 9.958833694458008 9.916250228881836 10.019796859583584
1525.652 9.92480754852295 9.916250228881836 9.999033292147626
1525.667 9.914112091064453 9.916250228881836 9.981853206016991
1525.682 9.908699989318848 9.916250228881836 9.96771850610007
1525.702 9.92691421508789 9.916250228881836 9.956158963518845
1525.717 9.950862884521484 9.916250228881836 9.94676604876201
1525.732 9.937018394470215 9.916250228881836 9.939186798239987
1525.752 9.951004981994629 9.916250228881836 9.933117875151463
1525.767 9.959986686706543 9.916250228881836 9.92829993458245
1525.782 9.955599784851074 9.916250228881836 9.924512363163698
1525.802 9.957524299621582 9.916250228881836 9.921568433282237
1525.817 9.959120750427246 9.916250228881836 9.919310888995273
1525.832 9.941208839416504 9.916250228881836 9.91760796394429
1525.852 9.929952621459961 9.916250228881836 9.916349819482802
1525.867 9.917491912841797 12.951306343078613 9.958147235067914
1525.882 9.938775062561035 12.951306343078613 10.043000210699626
1525.902 10.088608741760254 12.951306343078613 10.170908746377938
1525.917 10.343637466430664 12.951306343078613 10.339809803021703
1525.932 10.600095748901367 12.951306343078613 10.53339713591103
1525.952 10.892047882080078 12.951306343078613 10.73929887327039
1525.967 11.307585716247559 12.951306343078613 10.948306440350283
1525.997 11.795108795166016 12.951306343078613 11.153734085659526
1526.002 11.967623710632324 12.951306343078613 11.35088979634334
1526.017 12.069838523864746 12.951306343078613 11.536640739244255
1526.032 12.085442543029785 12.951306343078613 11.709058516450503
1526.052 12.058453559875488 12.951306343078613 11.867131475239516
1526.067 12.016154289245605 12.951306343078613 12.01053306506156
1526.082 11.986612319946289 12.951306343078613 12.139436796096852
1526.102 12.038046836853027 12.951306343078613 12.254369735646959
1526.117 12.08151912689209 12.951306343078613 12.356097692851945
1526.132 12.169838905334473 12.951306343078613 12.445536302687612
1526.152 12.342405319213867 15.5440034866333 12.57803047256988
1526.167 12.636330604553223 15.5440034866333 12.753580202498748
1526.182 12.805215835571289 15.5440034866333 12.956902605664741
1526.202 13.231868743896484 15.5440034866333 13.174480912452106
1526.217 13.553863525390625 15.5440034866333 13.396232107471834
1526.232 13.873026847839355 15.5440034866333 13.614814116270033
1526.252 14.195517539978027 15.5440034866333 13.825053151889687
1526.267 14.585572242736816 15.5440034866333 14.023473083033855
1526.282 14.759272575378418 15.5440034866333 14.207910990816325
1526.302 14.853073120117188 15.5440034866333 14.377205172978945
1526.317 14.883157730102539 15.5440034866333 14.530943735342746
1526.332 14.879706382751465 15.5440034866333 14.669263587680591
1526.352 14.83637523651123 16.562034606933594 14.820969791386664
1526.367 14.832225799560547 16.562034606933594 14.978055485055204
1526.382 14.909770011901855 16.562034606933594 15.13463298783808
1526.402 15.100946426391602 16.562034606933594 15.286496911629428
1526.417 15.257844924926758 16.562034606933594 15.430764327778945
1526.432 15.462709426879883 16.562034606933594 15.565580151586355
1526.452 15.726400375366211 16.562034606933594 15.689877449969648
1526.467 15.918203353881836 16.562034606933594 15.803183768861409
1526.482 16.05451011657715 16.562034606933594 15.905465821204691
1526.502 16.23246192932129 16.562034606933594 15.997005980934134
1526.517 16.251432418823242 16.562034606933594 16.078305001969117
1526.532 16.290205001831055 13.566715240478516 16.1165484629575
1526.552 16.239091873168945 13.566715240478516 16.111736363899283
1526.567 16.140039443969727 13.566715240478516 16.063868704794466
1526.582 16.0051212310791 13.566715240478516 15.972945485643049
1526.602 15.676090240478516 13.566715240478516 15.840944110590495
1526.617 15.44199275970459 13.566715240478516 15.68317009632751
1526.632 15.152763366699219 13.566715240478516 15.51130830297567
1526.652 14.850223541259766 13.566715240478516 15.33412420735384
1526.667 14.67544937133789 13.566715240478516 15.158047576131152
1526.682 14.553051948547363 13.566715240478516 14.98765564575562
1526.702 14.481493949890137 13.566715240478516 14.826070860574013
1526.717 14.413780212402344 13.566715240478516 14.675286329374472
1526.732 14.386567115783691 13.566715240478516 14.536430439672694
1526.752 14.391637802124023 13.566715240478516 14.409980517984309
1526.767 14.367688179016113 13.566715240478516 14.295934038046592
1526.782 14.362363815307617 13.566715240478516 14.193944649286728
1526.802 14.293916702270508 13.566715240478516 14.103429214564994
1526.817 14.151217460632324 13.566715240478516 14.023651097961126
1526.832 14.05866813659668 13.566715240478516 13.95378411820877
1526.852 13.924148559570312 13.566715240478516 13.892960869360207
1526.867 13.887622833251953 13.566715240478516 13.840308495725528
1526.882 13.794120788574219 13.566715240478516 13.794974481960246
1526.902 13.698437690734863 13.566715240478516 13.756144570951387
1526.917 13.661818504333496 15.474258422851562 13.760370219989127
1526.932 13.637898445129395 15.474258422851562 13.807651429073468
1526.952 13.814050674438477 15.474258422851562 13.887830938430204
1526.967 13.940773963928223 15.474258422851562 13.98936035367046
1526.982 14.203103065490723 15.474258422851562 14.10337027264979
1527.002 14.42247486114502 15.474258422851562 14.223157609933493
1527.017 14.605900764465332 15.474258422851562 14.343758003867219
1527.032 14.764690399169922 15.474258422851562 14.461591077096077
1527.052 14.929033279418945 15.474258422851562 14.574167762596234
1527.067 14.975226402282715 15.474258422851562 14.67985023982286
1527.082 14.994818687438965 15.474258422851562 14.77765624321505
1527.107 14.996699333190918 17.04850196838379 14.910829598701854
1527.117 15.037683486938477 17.04850196838379 15.06565029574001
1527.132 15.135763168334961 17.04850196838379 15.231684345203776
1527.152 15.367890357971191 17.04850196838379 15.401142572996239
1527.167 15.575652122497559 17.04850196838379 15.56834762172177
1527.182 15.782499313354492 17.04850196838379 15.729293306978008
1527.202 16.11610984802246 17.04850196838379 15.881282401228074
1527.217 16.218599319458008 17.04850196838379 16.022630685664296
1527.232 16.340885162353516 17.04850196838379 16.15242671491395
1527.252 16.435598373413086 17.04850196838379 16.270338182484256
1527.267 16.51455307006836 17.04850196838379 16.376457062141387
1527.282 16.520021438598633 17.04850196838379 16.47117684033705
1527.302 16.58448600769043 19.03685188293457 16.608952178579315
1527.317 16.689491271972656 19.03685188293457 16.775132834439393
1527.332 16.86488151550293 19.03685188293457 16.957054504361547
1527.352 17.169710159301758 19.03685188293457 17.14520385388175
1527.367 17.513017654418945 19.03685188293457 17.332590002323364
1527.382 17.73072052001953 19.03685188293457 17.514224018670287
1527.402 17.90765380859375 19.03685188293457 17.686690283898432
1527.417 18.07802963256836 19.03685188293457 17.847795597537544
1527.432 18.21454620361328 19.03685188293457 17.99628374797118
1527.452 18.34383201599121 19.03685188293457 18.131604927018387
1527.467 18.418785095214844 19.03685188293457 18.25373085473427
1527.482 18.45934295654297 21.242992401123047 18.41891234249675
1527.502 18.576311111450195 21.242992401123047 18.615739082763444
1527.517 18.732219696044922 21.242992401123047 18.829777510168388
1527.532 18.992130279541016 21.242992401123047 19.05020546727555
1527.552 19.360637664794922 21.242992401123047 19.26908958779434
1527.567 19.671558380126953 21.242992401123047 19.480787177021213
1527.582 19.898693084716797 21.242992401123047 19.681453929725393
1527.602 20.176929473876953 21.242992401123047 19.868641172705882
1527.617 20.339054107666016 21.242992401123047 20.04096845440287
1527.632 20.463960647583008 20.449254989624023 20.17581096423392
1527.652 20.504987716674805 20.449254989624023 20.28004376245118
1527.667 20.502836227416992 20.449254989624023 20.359444245322827
1527.682 20.461814880371094 20.449254989624023 20.418842666698353
1527.702 20.34037208557129 20.449254989624023 20.462256321309138
1527.717 20.294490814208984 20.449254989624023 20.49300829166531
1527.737 20.268735885620117 20.449254989624023 20.513831833671556
1527.752 20.272842407226562 20.449254989624023 20.52696157039101
1527.767 20.304872512817383 20.449254989624023 20.534212698488364
1527.782 20.350431442260742 18.462467193603516 20.49840826653912
1527.807 20.373355865478516 18.462467193603516 20.419548274543274
1527.817 20.364126205444336 18.462467193603516 20.308668579081587
1527.832 20.241121292114258 18.462467193603516 20.177921421804403
1527.862 19.972675323486328 18.462467193603516 20.03656778304512
1527.872 19.782161712646484 18.462467193603516 19.891539323088825
1527.882 19.540729522705078 18.462467193603516 19.74790581008131
1527.902 19.38304901123047 18.462467193603516 19.609261829255075
1527.917 19.23468017578125 18.462467193603516 19.478044901843028
1527.932 19.139089584350586 16.970386505126953 19.314348920851014
1527.952 18.973876953125 16.970386505126953 19.131923396330716
1527.967 18.82171630859375 16.970386505126953 18.94114240876827
1527.982 18.651477813720703 16.970386505126953 18.749672811911925
1528.002 18.406097412109375 16.970386505126953 18.563028312205915
1528.017 18.24730682373047 16.970386505126953 18.385026368696753
1528.032 18.09455108642578 16.970386505126953 18.21816275594751
1528.052 17.91530418395996 16.970386505126953 18.063916714249245
1528.067 17.793075561523438 16.970386505126953 17.92299787766738
1528.082 17.663715362548828 15.389954566955566 17.751643725340266
1528.102 17.540386199951172 15.389954566955566 17.56323743523993
1528.117 17.370464324951172 15.389954566955566 17.367843955258337
1528.132 17.173128128051758 15.389954566955566 17.172870586530724
1528.152 16.87116050720215 15.389954566955566 16.98361422500295
1528.167 16.637859344482422 15.389954566955566 16.80371217358582
1528.182 16.46746826171875 15.389954566955566 16.635511324003712
1528.202 16.275094985961914 15.389954566955566 16.480368581872874
1528.217 16.165239334106445 15.389954566955566 16.338893670953418
1528.232 16.054779052734375 15.389954566955566 16.21114389791338
1528.252 15.958845138549805 15.389954566955566 16.09677907866093
1528.267 15.929985046386719 15.389954566955566 15.995183610291281
1528.282 15.860957145690918 15.389954566955566 15.905561606503586
1528.302 15.874183654785156 15.389954566955566 15.827010085854246
1528.317 15.846489906311035 15.389954566955566 15.758574398202775
1528.332 15.823591232299805 15.389954566955566 15.699289382238904
1528.352 15.741167068481445 15.389954566955566 15.648209153686699
1528.367 15.70173168182373 15.389954566955566 15.604427918043841
1528.382 15.628933906555176 15.389954566955566 15.567093772772871
1528.402 15.57328987121582 15.389954566955566 15.535417101872184
1528.417 15.494150161743164 15.389954566955566 15.508674861803401
1528.432 15.449939727783203 16.067384719848633 15.505029310047144
1528.452 15.41140079498291 16.067384719848633 15.518037649910688
1528.467 15.452417373657227 16.067384719848633 15.542619935710652
1528.482 15.518340110778809 16.067384719848633 15.574814041250574
1528.502 15.635212898254395 16.067384719848633 15.611569003355598
1528.517 15.713361740112305 16.067384719848633 15.650571607988802
1528.532 15.80004596710205 16.067384719848633 15.690101617270058
1528.552 15.874974250793457 16.067384719848633 15.728911543946719
1528.567 15.878401756286621 16.067384719848633 15.766127357802818
1528.582 15.912117004394531 16.067384719848633 15.801166951446122
1528.602 15.91070556640625 16.067384719848633 15.833673598488577
1528.617 15.91552734375 12.630522727966309 15.823124685484432
1528.632 15.873825073242188 12.630522727966309 15.769520212433687
1528.652 15.674969673156738 12.630522727966309 15.672860179336341
1528.667 15.499126434326172 12.630522727966309 15.533144586192396
1528.682 15.272549629211426 12.630522727966309 15.352386686476223
1528.702 14.852005958557129 12.630522727966309 15.147236187616732
1528.717 14.545594215393066 12.630522727966309 14.930302951961044
1528.732 14.292644500732422 12.630522727966309 14.71095134561674
1528.752 13.990081787109375 12.630522727966309 14.495959674459787
1528.767 13.848190307617188 12.630522727966309 14.290064614944407
1528.782 13.757050514221191 12.630522727966309 14.096408101443066
1528.802 13.605035781860352 12.630522727966309 13.916901893895972
1528.817 13.588603973388672 12.630523681640625 13.752523049294362
1528.832 13.583353996276855 12.630523681640625 13.603551560739806
1528.852 13.523746490478516 12.630523681640625 13.469760107793892
1528.867 13.464219093322754 12.630523681640625 13.350564109779341
1528.882 13.424039840698242 12.630523681640625 13.245139187873471
1528.902 13.32645320892334 12.630523681640625 13.152512007333732
1528.917 13.216777801513672 12.630523681640625 13.071629518756204
1528.932 13.076238632202148 12.630523681640625 13.001410795272884
1528.952 12.986078262329102 12.630523681640625 12.94078495691638
1528.967 12.933298110961914 12.630523681640625 12.888718070666794
1528.982 12.790631294250488 12.630523681640625 12.844231402514039
1529.002 12.732022285461426 12.630523681640625 12.806412964796253
1529.017 12.69432258605957 12.630523681640625 12.774423937726729
1529.032 12.610211372375488 12.630523681640625 12.747501239046937
1529.052 12.613465309143066 15.796643257141113 12.763634100413745
1529.067 12.702203750610352 15.796643257141113 12.822822521827153
1529.082 12.853248596191406 15.796643257141113 12.92506650328716
1529.102 13.142422676086426 15.796643257141113 13.070366044793769
1529.117 13.39148998260498 15.796643257141113 13.250227311190866
1529.132 13.780488967895508 15.796643257141113 13.449861666438816
1529.152 14.151151657104492 15.796643257141113 13.658121335735705
1529.172 14.281266212463379 15.796643257141113 13.866777488556322
1529.182 14.415051460266113 15.796643257141113 14.069921783046828
1529.202 14.689535140991211 15.796643257141113 14.263473014824426
1529.217 14.792830467224121 15.796643257141113 14.444772794800455
1529.232 14.896822929382324 15.796643257141113 14.612256262308428
1529.252 14.901433944702148 15.796643257141113 14.765185720391292
1529.267 14.920742988586426 13.497088432312012 14.875059618427557
1529.282 14.92579460144043 13.497088432312012 14.94187795641722
1529.302 14.853154182434082 13.497088432312012 14.965640734360285
1529.317 14.780508995056152 13.497088432312012 14.94634795225675
1529.332 14.660689353942871 13.497088432312012 14.892264245614463
1529.352 14.550722122192383 13.497088432312012 14.814749368908057
1529.367 14.396324157714844 13.497088432312012 14.722595345246157
1529.382 14.289742469787598 13.497088432312012 14.622509767406763
1529.402 14.20189380645752 13.497088432312012 14.519520064420679
1529.417 14.149750709533691 13.497088432312012 14.417309897170401
1529.432 14.108041763305664 13.497088432312012 14.318497568794589
1529.452 14.072978019714355 13.497088432312012 14.224865145414233
1529.467 14.06107234954834 10.657233238220215 14.088177161987277
1529.482 14.053625106811523 10.657233238220215 13.90843361851372
1529.502 13.772466659545898 10.657233238220215 13.689306283918736
1529.517 13.570920944213867 10.657233238220215 13.44804077064236
1529.532 13.2276029586792 10.657233238220215 13.197611383483743
1529.552 12.743975639343262 10.657233238220215 12.947570926102724
1529.567 12.234455108642578 10.657233238220215 12.704754770708302
1529.582 12.067078590393066 10.657233238220215 12.4738609255398
1529.602 11.841328620910645 10.657233238220215 12.257925121114049
1529.617 11.597308158874512 10.657233238220215 12.0587074630815
1529.637 11.531698226928711 10.657233238220215 11.877004967461833
1529.652 11.460412979125977 10.657233238220215 11.71290229671737
1529.667 11.45242977142334 8.783186912536621 11.513914393726173
1529.687 11.323020935058594 8.783186912536621 11.295452850466628
1529.702 11.221248626708984 8.783186912536621 11.069103575470496
1529.717 10.951533317565918 8.783186912536621 10.843388906696541
1529.732 10.70796012878418 8.783186912536621 10.624398891603484
1529.752 10.429121017456055 8.783186912536621 10.416311268158355
1529.767 10.16218090057373 8.783186912536621 10.221817237598422
1529.782 9.899221420288086 8.783186912536621 10.042467894262211
1529.802 9.70432186126709 8.783186912536621 9.878954169935978
1529.817 9.434163093566895 8.783186912536621 9.731331354037952
1529.832 9.285572052001953 8.783186912536621 9.599197656481328
1529.852 9.22963809967041 8.783186912536621 9.481834874377695
1529.867 9.21189022064209 8.783186912536621 9.378317992417811
1529.882 9.211973190307617 8.783186912536621 9.287599474599611
1529.902 9.238788604736328 8.783186912536621 9.208573076651634
1529.917 9.248822212219238 8.783186912536621 9.140121209054293
1529.932 9.242219924926758 8.783186912536621 9.081149195683576
1529.952 9.195131301879883 7.970732688903809 9.008041014122512
1529.967 9.16357421875 7.970732688903809 8.92683269526689
1529.982 8.997187614440918 7.970732688903809 8.842075065006707
1530.002 8.799884796142578 7.970732688903809 8.757128140489622
1530.017 8.617535591125488 7.970732688903809 8.67440519212949
1530.032 8.455724716186523 7.970732688903809 8.595573953232002
1530.052 8.325718879699707 7.970732688903809 8.521721529589684
1530.067 8.242207527160645 7.970732688903809 8.453488713232936
1530.082 8.1726655960083 7.970732688903809 8.391178638222083
1530.102 8.153045654296875 7.970732688903809 8.334844030019111
1530.117 8.159317016601562 7.970732688903809 8.284356689997907
1530.132 8.188216209411621 7.970732688903809 8.239462318345215
1530.152 8.222867965698242 7.970732688903809 8.199823306616631
1530.167 8.241881370544434 7.970732688903809 8.165051719863312
1530.182 8.24850082397461 7.970732688903809 8.134734331780905
1530.202 8.248907089233398 7.970732688903809 8.108451269103629
1530.217 8.206117630004883 7.970732688903809 8.085789558057604
1530.232 8.172142028808594 7.970732688903809 8.066352640999625
1530.252 8.102117538452148 7.970732688903809 8.049766740671133
1530.267 8.042037010192871 7.970732688903809 8.03568478845827
1530.282 7.992998123168945 7.559166431427002 8.012356100504473
1530.302 7.922979831695557 7.559166431427002 7.983048604583734
1530.317 7.882898330688477 7.559166431427002 7.950270393568862
1530.332 7.848842620849609 7.559166431427002 7.915915342744311
1530.352 7.78847599029541 7.559166431427002 7.881384530479683
1530.367 7.782083034515381 7.559166431427002 7.847686945181887
1530.387 7.7543768882751465 7.559166431427002 7.815522549998362
1530.402 7.721336364746094 7.559166431427002 7.785350396555701
1530.417 7.711388111114502 7.559166431427002 7.75744413179205
1530.432 7.716385364532471 7.559166431427002 7.731936927983608
1530.452 7.7082695960998535 7.559166431427002 7.708857584670645
1530.467 7.710648059844971 7.559166431427002 7.688159300946908
1530.482 7.700138092041016 7.559166431427002 7.6697423956125625
1530.502 7.704531192779541 7.559166431427002 7.6534720588473295
1530.517 7.676726818084717 7.559166431427002 7.639192050037751
1530.532 7.650974273681641 7.559166431427002 7.626735109853067
1530.552 7.638385772705078 7.559166431427002 7.615930728308285
1530.567 7.607778072357178 7.559166431427002 7.606610802171896
1530.582 7.57818603515625 7.559166431427002 7.598613622587045
1530.607 7.586254119873047 7.559166431427002 7.591786555245112
1530.617 7.565682888031006 7.559166431427002 7.585987709105925
1530.632 7.575013160705566 7.559166431427002 7.581086833889737
1530.652 7.547018051147461 7.559166431427002 7.576965639925299
1530.667 7.547082424163818 7.559166431427002 7.573517695135159
1530.682 7.547762870788574 7.559166431427002 7.570648021830811
1530.702 7.542801856994629 7.559166431427002 7.5682724895717275
1530.717 7.584668159484863 7.559166431427002 7.566317078735194
1530.732 7.572112560272217 7.559166431427002 7.564717071885294
1530.752 7.602654933929443 7.559166431427002 7.5634162158599185
1530.767 7.602654933929443 7.559166431427002 7.562365886147727
1530.782 7.591578483581543 7.559166431427002 7.561524276117998
1530.802 7.579493045806885 7.559166431427002 7.560855626583103
1530.817 7.574557304382324 7.559166431427002 7.560329505667078
1530.832 7.56588077545166 7.559166431427002 7.559920144730552
1530.852 7.531476020812988 7.559166431427002 7.559605832915919
1530.867 7.536675930023193 7.559166431427002 7.559368370521889
1530.882 7.534711837768555 7.559166431427002 7.559192579723122
1530.907 7.564554214477539 7.559166431427002 7.559065869978302
1530.917 7.525091648101807 7.559166431427002 7.558977854703587
1530.932 7.556449890136719 7.559166431427002 7.558920015334205
1530.952 7.566983222961426 7.559166431427002 7.558885408679183
1530.967 7.571080207824707 7.559166431427002 7.558868413431849
1530.982 7.573638916015625 7.559166431427002 7.558864511783351
1531.002 7.583179950714111 7.559166431427002 7.558870102259627
1531.017 7.578695297241211 7.559166431427002 7.558882340134162
1531.032 7.570431709289551 7.559166431427002 7.558899002036355
1531.052 7.560297966003418 7.559166431427002 7.558918371660974
1531.067 7.550927639007568 7.559166431427002 7.558939143774773
1531.082 7.5286030769348145 7.559166431427002 7.558960344002576
1531.102 7.549026966094971 11.057500839233398 7.602037104276978
1531.117 7.597201347351074 11.057500839233398 7.688169424597981
1531.132 7.694979190826416 11.057500839233398 7.817357304965584
1531.152 7.997262954711914 11.057500839233398 7.989600745379787
1531.167 8.27715015411377 11.057500839233398 8.198261331071963
1531.182 8.485957145690918 11.057500839233398 8.427224742356964
1531.202 9.021726608276367 11.057500839233398 8.66437841626215
1531.217 9.44052791595459 11.057500839233398 8.900814175517377
1531.232 9.688299179077148 11.057500839233398 9.130167768619703
1531.252 9.836078643798828 11.057500839233398 9.348074875610832
1531.267 9.965822219848633 11.057500839233398 9.551725691899176
1531.292 10.07044792175293 11.057500839233398 9.739502532351999
1531.302 10.105961799621582 11.057500839233398 9.910686999800618
1531.322 10.138708114624023 11.057500839233398 10.065225142249615
1531.332 10.158065795898438 11.057500839233398 10.20354069206796
1531.352 10.21268367767334 11.057500839233398 10.326387951733901
1531.367 10.261021614074707 11.057500839233398 10.434737179450304
1531.382 10.305874824523926 11.057500839233398 10.529686450066608
1531.402 10.408554077148438 11.057500839233398 10.612394938278065
1531.417 10.580381393432617 11.057500839233398 10.684033407701413
1531.432 10.692848205566406 13.36890983581543 10.798727437171362
1531.457 10.911468505859375 13.36890983581543 10.952318786228187
1531.467 11.12111759185791 13.36890983581543 11.12952012027311
1531.482 11.392885208129883 13.36890983581543 11.318719683418161
1531.502 11.91600227355957 13.36890983581543 11.511262433272114
1531.517 12.0909423828125 13.36890983581543 11.70085272327533
1531.532 12.301076889038086 13.36890983581543 11.88306068626862
1531.552 12.453804969787598 13.36890983581543 12.054916648847241
1531.567 12.56294059753418 13.36890983581543 12.214579900712083
1531.582 12.571322441101074 13.36890983581543 12.361069952620028
1531.607 12.627869606018066 13.36890983581543 12.494050042887187
1531.622 12.639081001281738 13.36890983581543 12.613654102396474
1531.632 12.628315925598145 13.36890983581543 12.720349671394027
1531.657 12.726930618286133 13.36890983581543 12.814830389600955
1531.672 12.718703269958496 13.36890983581543 12.897932666920042
1531.682 12.78381633758545 16.498836517333984 13.024090504285729
1531.702 12.939626693725586 16.498836517333984 13.193303901698016
1531.717 13.226799964904785 16.498836517333984 13.405572859156903
1531.732 13.519608497619629 16.498836517333984 13.643622941666568
1531.752 13.934026718139648 16.498836517333984 13.893536993766649
1531.767 14.265089988708496 16.498836517333984 14.14501149950432
1531.782 14.605803489685059 16.498836517333984 14.390618926660082
1531.807 15.137454986572266 16.498836517333984 14.625199185008434
1531.817 15.328394889831543 16.498836517333984 14.845360520240618
1531.837 15.664093971252441 16.498836517333984 15.049072700836039
1531.852 15.76504135131836 16.498836517333984 15.235337648578064
1531.867 15.916707038879395 16.498836517333984 15.403924719500445
1531.897 15.910714149475098 16.498836517333984 15.555159670949214
1531.907 15.870676040649414 19.30722427368164 15.749450182444583
1531.917 15.881002426147461 19.30722427368164 15.986796253986553
1531.937 16.064720153808594 19.30722427368164 16.24912838969667
1531.952 16.305999755859375 19.30722427368164 16.522080199828252
1531.967 16.730287551879883 19.30722427368164 16.795060780954888
1531.982 16.933788299560547 19.30722427368164 17.060479186583088
1532.002 17.32516098022461 19.30722427368164 17.31310529895711
1532.017 17.67096519470215 19.30722427368164 17.549546208612313
1532.032 17.977548599243164 19.30722427368164 17.767819919493807
1532.057 18.46119499206543 19.30722427368164 17.9670106455879
1532.067 18.607627868652344 17.532644271850586 18.123145811635396
1532.082 18.65294075012207 17.532644271850586 18.23622541763629
1532.102 18.660871505737305 17.532644271850586 18.306249463590586
1532.117 18.57103729248047 17.532644271850586 18.33494432681105
1532.132 18.382108688354492 17.532644271850586 18.33322286339928
1532.152 18.09190559387207 17.532644271850586 18.309750851450293
1532.167 17.97197151184082 17.532644271850586 18.2713429471043
1532.182 17.75481605529785 17.532644271850586 18.223297873104283
1532.202 17.61333465576172 17.532644271850586 18.16968074652272
1532.217 17.632923126220703 17.532644271850586 18.113559680456003
1532.232 17.675891876220703 15.125027656555176 18.014383054342687
1532.252 17.69805908203125 15.125027656555176 17.87215086818277
1532.267 17.663742065429688 15.125027656555176 17.69390881747618
1532.282 17.53376579284668 15.125027656555176 17.494810866301556
1532.302 17.269264221191406 15.125027656555176 17.286296685986972
1532.317 17.030942916870117 15.125027656555176 17.076826269429684
1532.337 16.719818115234375 15.125027656555176 16.872489173534998
1532.352 16.513526916503906 15.125027656555176 16.67750698840623
1532.367 16.304912567138672 15.125027656555176 16.49464532822888
1532.382 16.1250057220459 15.125027656555176 16.325549535177927
1532.402 15.92396354675293 15.125027656555176 16.171016385883277
1532.417 15.886886596679688 15.125027656555176 16.031212385660275
1532.432 15.799764633178711 15.125027656555176 15.905847720243353
1532.452 15.757427215576172 15.125027656555176 15.79431359673779
1532.467 15.694159507751465 15.125027656555176 15.695789531818205
1532.482 15.666544914245605 15.125027656555176 15.609326121892886
1532.502 15.573290824890137 15.125027656555176 15.533907942839244
1532.517 15.536331176757812 15.125027656555176 15.46850046205043
1532.532 15.498263359069824 15.125027656555176 15.412084189526022
1532.552 15.440580368041992 15.125027656555176 15.363678734969604
1532.567 15.361443519592285 15.125027656555176 15.322358962605355
1532.582 15.334938049316406 15.125027656555176 15.287265033948406
1532.602 15.27135944366455 17.88343620300293 15.295226665338058
1532.617 15.241761207580566 17.88343620300293 15.34624385677431
1532.632 15.348971366882324 17.88343620300293 15.440316608257161
1532.652 15.566788673400879 17.88343620300293 15.575599852362622
1532.667 15.807352066040039 17.88343620300293 15.736659413954857
1532.682 16.067068099975586 17.88343620300293 15.911718125520828
1532.702 16.417085647583008 17.88343620300293 16.09194681853261
1532.717 16.720781326293945 17.88343620300293 16.270874311731628
1532.732 16.824953079223633 17.88343620300293 16.443899069754544
1532.752 16.963428497314453 17.88343620300293 16.607887290542067
1532.767 17.07050132751465 17.88343620300293 16.76084409761407
1532.782 17.104053497314453 19.413772583007812 16.94415560603642
1532.802 17.23221206665039 19.413772583007812 17.144129329768443
1532.817 17.326183319091797 19.413772583007812 17.35048948132087
1532.832 17.48992156982422 19.413772583007812 17.555694345686955
1532.852 17.729642868041992 19.413772583007812 17.754371118537385
1532.867 17.965187072753906 19.413772583007812 17.942850626076556
1532.882 18.177705764770508 19.413772583007812 18.11878655120448
1532.902 18.44049835205078 19.413772583007812 18.280845799581936
1532.917 18.59494972229004 19.413772583007812 18.42845845023546
1532.932 18.701068878173828 19.413772583007812 18.561617354232233
1532.952 18.873170852661133 21.552968978881836 18.737831818275605
1532.967 18.98198699951172 21.552968978881836 18.942317110854102
1532.982 19.179218292236328 21.552968978881836 19.161383015856458
1533.002 19.483325958251953 21.552968978881836 19.384813194884547
1533.017 19.81766700744629 21.552968978881836 19.60516470905732
1533.032 19.96660804748535 21.552968978881836 19.817188970763794
1533.052 20.179813385009766 21.552968978881836 20.0173558048863
1533.067 20.448928833007812 21.552968978881836 20.203464625665468
1533.082 20.59779167175293 21.552968978881836 20.37432884708432
1533.102 20.742000579833984 24.08243179321289 20.588248628549774
1533.117 20.921634674072266 24.08243179321289 20.83861845569267
1533.132 21.079288482666016 24.08243179321289 21.10815609688638
1533.152 21.42584228515625 24.08243179321289 21.383943513719128
1533.167 21.72773551940918 24.08243179321289 21.656549173956403
1533.182 22.024808883666992 24.08243179321289 21.919302195106376
1533.202 22.429832458496094 24.08243179321289 22.167695462596118
1533.217 22.797210693359375 24.08243179321289 22.39889775980269
1533.232 22.93541717529297 24.70672607421875 22.628699084804854
1533.252 23.148515701293945 24.70672607421875 22.851113008943106
1533.267 23.31470489501953 24.70672607421875 23.062054464034222
1533.282 23.429149627685547 24.70672607421875 23.258914497669586
1533.302 23.546716690063477 24.70672607421875 23.440214511298368
1533.317 23.67754554748535 24.70672607421875 23.6053270654707
1533.332 23.769161224365234 24.70672607421875 23.754252146955253
1533.352 23.89865493774414 26.13385772705078 23.927081948382625
1533.367 24.006725311279297 26.13385772705078 24.112242637097584
1533.382 24.169219970703125 26.13385772705078 24.301097108518967
1533.402 24.4990234375 26.13385772705078 24.487352832738694
1533.417 24.76177215576172 26.13385772705078 24.66657235084542
1533.432 24.95071029663086 26.13385772705078 24.835770934208448
1533.452 25.235069274902344 26.13385772705078 24.993087886680687
1533.467 25.408422470092773 26.13385772705078 25.13751975472117
1533.482 25.506479263305664 27.788034439086914 25.31465467359469
1533.502 25.66812515258789 27.788034439086914 25.510306363488912
1533.517 25.889524459838867 27.788034439086914 25.713793635943727
1533.532 26.008625030517578 27.788034439086914 25.9172439842934
1533.552 26.21474838256836 27.788034439086914 26.115016471213508
1533.572 26.525936126708984 27.788034439086914 26.30322614342774
1533.582 26.612058639526367 27.788034439086914 26.47935441824834
1533.602 26.72306251525879 27.19113540649414 26.625351375447416
1533.617 26.828813552856445 27.19113540649414 26.74569875067332
1533.632 26.885295867919922 27.19113540649414 26.844320942870276
1533.652 26.951967239379883 27.19113540649414 26.92463391525963
1533.667 26.996458053588867 27.19113540649414 26.98959436425835
1533.682 26.987131118774414 27.19113540649414 27.04174771461579
1533.707 27.020036697387695 24.67778205871582 27.050845504926635
1533.717 27.00255012512207 24.67778205871582 27.016887735190878
1533.732 26.925594329833984 24.67778205871582 26.93987440540852
1533.752 26.740516662597656 24.67778205871582 26.821845615128986
1533.767 26.53834342956543 24.67778205871582 26.677700989948974
1533.787 26.238780975341797 24.67778205871582 26.518844034593293
1533.802 26.03791618347168 24.67778205871582 26.353855936493726
1533.817 25.859268188476562 21.86894989013672 26.14581227834756
1533.832 25.631567001342773 21.86894989013672 25.894713060154793
1533.852 25.3227481842041 21.86894989013672 25.602931857773303
1533.867 25.004968643188477 21.86894989013672 25.290100268235957
1533.882 24.7246150970459 21.86894989013672 24.970872335497095
1533.902 24.405717849731445 21.86894989013672 24.65592780039269
1533.917 23.976171493530273 21.86894989013672 24.352801493750672
1533.932 23.80344009399414 21.86894989013672 24.066565093394857
1533.952 23.312421798706055 18.832393646240234 23.737273132992442
1533.967 23.168088912963867 18.832393646240234 23.3906064482457
1533.982 22.772357940673828 18.832393646240234 23.043939763498955
1534.002 22.419584274291992 18.832393646240234 22.69727307875221
1534.017 22.076278686523438 18.832393646240234 22.350606394005467
1534.032 21.762754440307617 18.832393646240234 22.003939709258724
1534.052 21.32147216796875 18.832393646240234 21.65727302451198
1534.067 20.976760864257812 16.291866302490234 21.310606339765236
1534.082 20.786283493041992 16.291866302490234 20.963939655018493
1534.102 20.3332576751709 16.291866302490234 20.61727297027175
1534.117 19.974014282226562 16.291866302490234 20.270606285525005
1534.132 19.767486572265625 16.291866302490234 19.92393960077826
1534.152 19.07813835144043 16.291866302490234 19.577272916031518
1534.167 18.956144332885742 16.291866302490234 19.230606231284774
1534.182 18.724138259887695 16.291866302490234 18.88393954653803
1534.202 18.510766983032227 16.291866302490234 18.558379130709703
1534.217 18.230850219726562 16.291866302490234 18.262102141270336
1534.232 18.025766372680664 14.600948333740234 17.94807157573303
1534.252 17.552644729614258 14.600948333740234 17.63004068642936
1534.267 17.383434295654297 14.600948333740234 17.317977090776598
1534.282 17.074342727661133 14.600948333740234 17.01885848960224
1534.302 16.596559524536133 14.600948333740234 16.737325985178753
1534.317 16.297386169433594 14.600948333740234 16.47621719799434
1534.332 16.02812957763672 14.600948333740234 16.23699843048558
1534.352 15.722440719604492 14.600948333740234 16.020112476544828
1534.367 15.548036575317383 14.600948333740234 15.825256315791238
1534.382 15.389452934265137 14.600948333740234 15.651600844859544
1534.402 15.385088920593262 13.588811874389648 15.469848060323613
1534.417 15.2903470993042 13.588811874389648 15.287340890143584
1534.432 15.170096397399902 13.588811874389648 15.109362721074682
1534.452 14.960881233215332 13.588811874389648 14.93957417461387
1534.467 14.827577590942383 13.588811874389648 14.780371206572593
1534.482 14.65509033203125 13.588811874389648 14.633176874704654
1534.502 14.442752838134766 13.588811874389648 14.498677463784087
1534.517 14.289481163024902 13.588811874389648 14.377012174492377
1534.532 14.157470703125 13.588811874389648 14.267924263900095
1534.552 14.045827865600586 13.588811874389648 14.170880361244635
1534.567 13.98703384399414 13.588811874389648 14.085163661676418
1534.582 13.979405403137207 13.588811874389648 14.009945810500824
1534.602 13.927119255065918 13.588811874389648 13.944341518824283
1534.617 13.902143478393555 13.588811874389648 13.887449286272215
1534.632 13.876216888427734 13.588811874389648 13.838381035921905
1534.652 13.822715759277344 13.588811874389648 13.79628297979692
1534.672 13.790811538696289 13.588811874389648 13.760349620000314
1534.682 13.784095764160156 13.588811874389648 13.729832441468638
1534.702 13.758790016174316 13.588811874389648 13.704044558922204
1534.717 13.740842819213867 13.588811874389648 13.682362335240764
1534.732 13.692879676818848 13.588811874389648 13.664224784405876
1534.752 13.63268756866455 13.588811874389648 13.649131403301046
1534.767 13.629953384399414 13.588811874389648 13.63663893775442
1534.782 13.597039222717285 14.343828201293945 13.647330152555746
1534.802 13.666298866271973 14.343828201293945 13.674339359710618
1534.817 13.685059547424316 14.343828201293945 13.712292871978509
1534.832 13.78256607055664 14.343828201293945 13.757035538409372
1534.852 13.830713272094727 14.343828201293945 13.805400913248436
1534.867 13.961188316345215 14.343828201293945 13.855019079618621
1534.882 13.985340118408203 14.343828201293945 13.904156797357995
1534.902 14.048116683959961 14.343828201293945 13.951585256839474
1534.917 14.090914726257324 14.343828201293945 13.99647129058281
1534.932 14.142892837524414 14.343828201293945 14.038288418184013
1534.952 14.180148124694824 14.343828201293945 14.076744576096395
1534.967 14.162581443786621 14.343828201293945 14.111723812394684
1534.982 14.169471740722656 14.343828201293945 14.143239609366839
1535.002 14.165705680847168 17.002717971801758 14.217810966385594
1535.017 14.261344909667969 17.002717971801758 14.335437883450949
1535.032 14.336299896240234 17.002717971801758 14.493828293569887
1535.052 14.692108154296875 17.002717971801758 14.677032805701524
1535.067 14.90970516204834 17.002717971801758 14.872931742485545
1535.082 15.193733215332031 17.002717971801758 15.072486712382359
1535.102 15.592944145202637 17.002717971801758 15.269118645102873
1535.122 15.916845321655273 17.002717971801758 15.458193735856042
1535.132 16.13356590270996 17.002717971801758 15.636601003575525
1535.152 16.256227493286133 17.002717971801758 15.802407240324925
1535.167 16.279178619384766 17.002717971801758 15.954577009119628
1535.182 16.349905014038086 17.002717971801758 16.09274703761866
1535.202 16.318695068359375 14.370231628417969 16.187861506071094
1535.217 16.301971435546875 14.370231628417969 16.239920414476927
1535.237 16.056392669677734 14.370231628417969 16.24892376283616
1535.252 15.940789222717285 14.370231628417969 16.214871551148793
1535.267 15.85716438293457 14.370231628417969 16.139227463410986
1535.282 15.728424072265625 14.370231628417969 16.03587708999686
1535.302 15.513150215148926 14.370231628417969 15.915541389596184
1535.317 15.390209197998047 14.370231628417969 15.786375530465937
1535.332 15.278899192810059 14.370231628417969 15.654469331948963
1535.357 15.18878173828125 14.370231628417969 15.524263285030768
1535.367 15.175046920776367 14.370231628417969 15.398892515080457
1535.382 15.148716926574707 11.541003227233887 15.230466185083545
1535.402 15.063199996948242 11.541003227233887 15.018984295040033
1535.417 14.966703414916992 11.541003227233887 14.77081168167314
1535.432 14.603056907653809 11.541003227233887 14.503237734890373
1535.452 13.995245933532715 11.541003227233887 14.229192109854392
1535.467 13.647939682006836 11.541003227233887 13.958120828099826
1535.482 13.465372085571289 11.541003227233887 13.696710917598255
1535.502 13.084711074829102 11.541003227233887 13.449486376845474
1535.517 12.775130271911621 11.541003227233887 13.21929536660694
1535.532 12.662619590759277 11.541003227233887 13.007705915047724
1535.552 12.515832901000977 11.541003227233887 12.815325065645752
1535.567 12.460637092590332 11.541003227233887 12.64205429388009
1535.582 12.41710090637207 11.541003227233887 12.487292154966932
1535.602 12.371166229248047 11.506044387817383 12.349122405768817
1535.617 12.308283805847168 11.506044387817383 12.226681917943807
1535.632 12.268298149108887 11.506044387817383 12.11891519222033
1535.652 12.211831092834473 11.506044387817383 12.024658182924018
1535.667 12.082304954528809 11.506044387817383 11.942701387398877
1535.687 12.006786346435547 11.506044387817383 11.87183632278559
1535.702 11.884528160095215 11.506044387817383 11.810888806050926
1535.717 11.818367004394531 11.506044387817383 11.758741851901945
1535.732 11.679070472717285 11.506044387817383 11.714350494131224
1535.752 11.580798149108887 11.506044387817383 11.67675040705035
1535.767 11.551661491394043 11.506044387817383 11.645061844169144
1535.782 11.520265579223633 11.506044387817383 11.618490111493307
1535.802 11.518838882446289 11.506044387817383 11.59632354415147
1535.817 11.521507263183594 11.506044387817383 11.577929749946517
1535.832 11.557181358337402 11.506044387817383 11.562750715215122
1535.852 11.575052261352539 15.27086067199707 11.590627240530328
1535.867 11.589434623718262 15.27086067199707 11.661559325892133
1535.887 11.740328788757324 15.27086067199707 11.775546971300539
1535.902 11.904419898986816 15.27086067199707 11.932590176755545
1535.917 12.140860557556152 15.27086067199707 12.13268894225715
1535.937 12.645234107971191 15.27086067199707 12.363264500606356
1535.952 12.741219520568848 15.27086067199707 12.609276882757092
1535.972 13.385409355163574 15.27086067199707 12.85951864374271
1535.982 13.479543685913086 15.27086067199707 13.105840298745054
1536.002 13.945781707763672 15.27086067199707 13.3425102756091
1536.017 14.084718704223633 15.27086067199707 13.565689049906915
1536.032 14.230399131774902 15.27086067199707 13.772999718187812
1536.052 14.325798034667969 15.27086067199707 13.963179613782593
1536.067 14.352494239807129 15.27086067199707 14.135799680443464
1536.082 14.336944580078125 15.27086067199707 14.291040200942664
1536.117 14.359234809875488 15.27086067199707 14.429513143152484
1536.117 14.359234809875488 15.27086067199707 14.552122850151196
1536.132 14.39278507232666 15.27086067199707 14.659958079933363
1536.152 14.502229690551758 15.27086067199707 14.754209511233375
1536.167 14.690505981445312 15.27086067199707 14.83610779156826
1536.182 14.825716972351074 15.27086067199707 14.906878028091858
1536.202 14.93854808807373 15.27086067199707 14.967707326606655
1536.217 15.015581130981445 15.27086067199707 15.01972258344927
1536.232 15.161076545715332 15.27086067199707 15.063976242160722
1536.262 15.298157691955566 15.27086067199707 15.10143815390044
1536.267 15.298157691955566 15.27086067199707 15.132992038309466
1536.282 15.296756744384766 15.529258728027344 15.166613064198875
1536.302 15.278764724731445 15.529258728027344 15.200781623968785
1536.317 15.240859985351562 15.529258728027344 15.23439345625235
1536.332 15.216747283935547 15.529258728027344 15.266672638406996
1536.352 15.212388038635254 15.529258728027344 15.297100110613343
1536.367 15.215635299682617 15.529258728027344 15.325355316401321
1536.382 15.279070854187012 15.529258728027344 15.351268864378923
1536.412 15.314912796020508 15.529258728027344 15.374784403441453
1536.417 15.372781753540039 15.529258728027344 15.395928159997078
1536.432 15.429207801818848 15.529258728027344 15.414784812492217
1536.452 15.455460548400879 15.529258728027344 15.431478577820524
1536.467 15.481700897216797 12.47964859008789 15.405116783102232
1536.482 15.449583053588867 12.47964859008789 15.335699428337339
1536.502 15.358479499816895 12.47964859008789 15.223226513525846
1536.517 15.195640563964844 12.47964859008789 15.067698038667753
1536.532 14.893218994140625 12.47964859008789 14.884345697358405
1536.557 14.188630104064941 12.47964859008789 14.68614603995999
1536.567 14.075217247009277 12.47964859008789 14.482811352863592
1536.582 13.85926342010498 12.47964859008789 14.281444747568019
1536.602 13.588944435119629 12.47964859008789 14.087082118264501
1536.617 13.456229209899902 12.47964859008789 13.903137967473379
1536.632 13.382489204406738 12.47964859008789 13.731769953072687
1536.652 13.354236602783203 10.650083541870117 13.523353802710952
1536.667 13.271936416625977 10.650083541870117 13.294175826905185
1536.682 13.129487991333008 10.650083541870117 13.056484598718852
1536.702 12.89008903503418 10.650083541870117 12.81929474125723
1536.717 12.585541725158691 10.650083541870117 12.589052807313198
1536.732 12.422256469726562 10.650083541870117 12.370185828397442
1536.752 12.048935890197754 10.650083541870117 12.165550539354568
1536.767 11.783727645874023 10.650083541870117 11.976798942021068
1536.782 11.58925724029541 10.650083541870117 11.804673757317401
1536.802 11.399301528930664 10.650083541870117 11.649245423715474
1536.817 11.277318000793457 10.650083541870117 11.510100620651242
1536.832 11.21412467956543 10.650083541870117 11.38649081472002
1536.852 11.144882202148438 10.650083541870117 11.277448029249692
1536.867 11.133476257324219 9.707723617553711 11.155697240845308
1536.882 11.116402626037598 9.707723617553711 11.028221017223304
1536.902 11.01791000366211 9.707723617553711 10.900182571694353
1536.917 10.822113037109375 9.707723617553711 10.775297824331632
1536.932 10.753853797912598 9.707723617553711 10.656142248396698
1536.952 10.533221244812012 9.707723617553711 10.544402456021567
1536.967 10.447279930114746 9.707723617553711 10.44108119186667
1536.982 10.240954399108887 9.707723617553711 10.346663241559991
1537.002 10.103287696838379 9.707723617553711 10.26124872049506
1537.017 10.001683235168457 9.707723617553711 10.184659282752957
1537.047 9.899055480957031 9.707723617553711 10.116521972532114
1537.052 9.905933380126953 9.707723617553711 10.05633472350239
1537.067 9.897128105163574 9.707723617553711 10.003516886411818
1537.097 9.912991523742676 9.707723617553711 9.957447623396513
1537.102 9.912991523742676 9.707723617553711 9.91749454025267
1537.117 10.02229118347168 9.707723617553711 9.88303452724053
1537.132 10.042655944824219 9.707723617553711 9.853468437091792
1537.152 10.017139434814453 9.380523681640625 9.819142050567004
1537.167 9.962007522583008 9.380523681640625 9.782357629212651
1537.182 9.905830383300781 9.380523681640625 9.744833405855411
1537.217 9.7328462600708 9.380523681640625 9.707821330720128
1537.217 9.7328462600708 9.380523681640625 9.672204408441788
1537.232 9.499190330505371 9.380523681640625 9.638576704745681
1537.252 9.417746543884277 9.380523681640625 9.607308710648663
1537.267 9.37584114074707 9.380523681640625 9.578600397211638
1537.282 9.319393157958984 9.380523681640625 9.552523974777325
1537.302 9.368450164794922 9.380523681640625 9.529058085999239
1537.317 9.382610321044922 9.380523681640625 9.508114909948032
1537.332 9.44665813446045 9.380523681640625 9.489561432931472
1537.352 9.50374698638916 9.380523681640625 9.473235947936425
1537.367 9.622140884399414 9.380523681640625 9.458960676265482
1537.382 9.643218040466309 9.380523681640625 9.446551259478738
1537.402 9.634464263916016 9.380523681640625 9.435823744722576
1537.417 9.592710494995117 9.380523681640625 9.426599579615564
1537.432 9.558752059936523 9.380523681640625 9.418709041903481
1537.452 9.4413423538208 9.380523681640625 9.411993452097368
1537.467 9.319694519042969 9.380523681640625 9.40630645245391
1537.487 9.31398868560791 9.380523681640625 9.401514581307284
1537.502 9.265287399291992 9.380523681640625 9.397497326449228
1537.517 9.26838207244873 9.380523681640625 9.394146803677565
1537.532 9.254295349121094 9.380523681640625 9.391367175644662
1537.552 9.318822860717773 9.380523681640625 9.389073900730626
1537.567 9.3339204788208 9.380523681640625 9.387192880965515
1537.582 9.434657096862793 9.380523681640625 9.385659561272188
1537.602 9.443306922912598 9.380523681640625 9.384418018843315
1537.622 9.45694637298584 9.380523681640625 9.383420070742943
1537.632 9.447196006774902 9.089292526245117 9.374534664197487
1537.652 9.42576789855957 9.089292526245117 9.360243396090503
1537.667 9.404114723205566 9.089292526245117 9.342474906988686
1537.682 9.352594375610352 9.089292526245117 9.322707978751822
1537.702 9.29072380065918 9.089292526245117 9.302057917228225
1537.717 9.243603706359863 9.089292526245117 9.281348556408785
1537.732 9.193906784057617 9.089292526245117 9.2611719578443
1537.752 9.175933837890625 9.089292526245117 9.241937633351025
1537.767 9.124872207641602 9.089292526245117 9.223912892108736
1537.782 9.110197067260742 9.089292526245117 9.207255706154069
1537.802 9.124128341674805 9.089292526245117 9.19204130112677
1537.817 9.150983810424805 9.089292526245117 9.178283511482052
1537.832 9.148600578308105 9.089292526245117 9.165951790369984
1537.857 9.177574157714844 9.089292526245117 9.154984632862977
1537.867 9.169880867004395 9.089292526245117 9.14530005588196
1537.882 9.209776878356934 9.089292526245117 9.136803677647592
1537.902 9.190797805786133 9.089292526245117 9.129394852361894
1537.917 9.187742233276367 9.089292526245117 9.12297124073052
1537.932 9.16311264038086 9.089292526245117 9.117432132545224
1537.952 9.118125915527344 9.089292526245117 9.112680782615522
1537.967 9.117819786071777 9.089292526245117 9.108625974713613
1537.982 9.090633392333984 9.089292526245117 9.105182988819243
1538.002 9.069618225097656 9.089292526245117 9.10227411386161
1538.017 9.061128616333008 9.089292526245117 9.099828820491329
1538.032 9.053007125854492 9.089292526245117 9.09778368540806
1538.052 9.044914245605469 9.089292526245117 9.096082139738366
1538.072 9.065601348876953 9.089292526245117 9.094674098305743
1538.082 9.088288307189941 9.089292526245117 9.093515513838117
1538.102 9.110955238342285 9.089292526245117 9.092567889763618
1538.117 9.118886947631836 10.244174003601074 9.123877821245323
1538.132 9.114758491516113 10.244174003601074 9.177435946655983
1538.157 9.280593872070312 10.244174003601074 9.245450884859265
1538.167 9.29393196105957 10.244174003601074 9.321937234647583
1538.182 9.477280616760254 10.244174003601074 9.402370141564258
1538.212 9.79305362701416 10.244174003601074 9.483397166717204
1538.217 9.79305362701416 10.244174003601074 9.562599225663899
1538.242 9.909735679626465 10.244174003601074 9.638293334767301
1538.252 9.957954406738281 10.244174003601074 9.709370798840432
1538.267 9.980534553527832 10.244174003601074 9.775165293168781
1538.282 9.935222625732422 10.244174003601074 9.835346034225012
1538.307 9.849132537841797 10.244174003601074 9.889831898093247
1538.322 9.836121559143066 10.244174003601074 9.938722937017806
1538.332 9.791775703430176 10.244174003601074 9.982246266925841
1538.357 9.851388931274414 10.244174003601074 10.020713757272247
1538.367 9.8389310836792 10.244174003601074 10.054489354497559
1538.382 9.979229927062988 10.244174003601074 10.08396421725685
1538.402 10.044713973999023 10.244174003601074 10.109538140772555
1538.417 10.145028114318848 10.244174003601074 10.131606004382908
1538.432 10.194273948669434 10.24417495727539 10.150548221995185
1538.452 10.261614799499512 10.24417495727539 10.166724220588693
1538.467 10.280220985412598 10.24417495727539 10.180468428918491
1538.482 10.293440818786621 10.24417495727539 10.19208807065736
1538.517 10.290287971496582 10.24417495727539 10.201862338511045
1538.517 10.290287971496582 10.24417495727539 10.210042580972248
1538.537 10.21229076385498 10.24417495727539 10.216853209611436
1538.552 10.213638305664062 10.24417495727539 10.22249309754982
1538.567 10.17730712890625 10.24417495727539 10.227137291099744
1538.582 10.16942310333252 10.24417495727539 10.23093889829614
1538.607 10.155097007751465 10.24417495727539 10.234031051740711
1538.617 10.166132926940918 10.24417495727539 10.236528870180093
1538.632 10.172182083129883 10.24417495727539 10.23853136468843
1538.652 10.202699661254883 10.24417495727539 10.240123252200249
1538.672 10.278420448303223 10.24417495727539 10.241376652268467
1538.682 10.282867431640625 10.24417495727539 10.24235265300158
1538.702 10.28443717956543 10.24417495727539 10.243102739747663
1538.717 10.3021821975708 12.219648361206055 10.286908386540345
1538.732 10.336753845214844 12.219648361206055 10.371989659879626
1538.752 10.448715209960938 12.219648361206055 10.484288429350316
1538.767 10.681933403015137 12.219648361206055 10.612973660057872
1538.787 10.875288009643555 12.219648361206055 10.749827930961635
1538.802 11.093140602111816 12.219648361206055 10.888735172630334
1538.817 11.31502914428711 12.219648361206055 11.025255175090292
1538.837 11.485445976257324 12.219648361206055 11.15627210013315
1538.852 11.553895950317383 12.219648361206055 11.27970579369982
1538.867 11.608785629272461 12.219648361206055 11.39427612408612
1538.882 11.635278701782227 12.219648361206055 11.499311868148103
1538.902 11.65400505065918 12.219648361206055 11.594596832290271
1538.917 11.688119888305664 12.219648361206055 11.680246932798404
1538.932 11.684188842773438 12.219648361206055 11.756612878137794
1538.952 11.731576919555664 12.219648361206055 11.824203902596082
1538.967 11.777118682861328 12.219648361206055 11.883628705232898
1538.982 11.85804271697998 12.219648361206055 11.935550359884017
1539.002 11.884478569030762 13.605778694152832 12.019156114630274
1539.022 12.043966293334961 13.605778694152832 12.123146424991322
1539.032 12.136833190917969 13.605778694152832 12.238857046541526
1539.052 12.428462982177734 13.605778694152832 12.359753040003548
1539.067 12.499690055847168 13.605778694152832 12.481006994201516
1539.082 12.824262619018555 13.605778694152832 12.599149321175908
1539.102 13.091848373413086 13.605778694152832 12.711779917038895
1539.117 13.213059425354004 13.605778694152832 12.817331811030952
1539.137 13.242888450622559 13.605778694152832 12.91487863809228
1539.152 13.24919319152832 13.605778694152832 13.003978866270534
1539.167 13.222530364990234 13.605778694152832 13.084550692110954
1539.182 13.18810749053955 13.605778694152832 13.156772389895151
1539.202 13.121835708618164 13.605778694152832 13.221003670881403
1539.217 13.08334732055664 13.605778694152832 13.277724284178145
1539.232 13.118574142456055 13.605778694152832 13.327486679652468
1539.252 13.170310020446777 13.605778694152832 13.370880063549519
1539.267 13.239919662475586 13.605778694152832 13.408503617342992
1539.282 13.343643188476562 13.605778694152832 13.440947027488663
1539.302 13.451506614685059 13.605778694152832 13.468776795498576
1539.322 13.561117172241211 13.605778694152832 13.492527070854013
1539.332 13.593372344970703 13.605778694152832 13.51269397992756
1539.352 13.649286270141602 13.605778694152832 13.529732617908229
1539.372 13.66430950164795 13.605778694152832 13.54405603276973
1539.382 13.687528610229492 13.605778694152832 13.556035665092738
1539.402 13.638696670532227 13.605778694152832 13.56600281903189
1539.417 13.5856294631958 13.605778694152832 13.574250831409607
1539.432 13.547611236572266 13.605778694152832 13.58103768088153
1539.452 13.529613494873047 15.778499603271484 13.630880090400051
1539.467 13.552071571350098 15.778499603271484 13.723778059965174
1539.482 13.739381790161133 15.778499603271484 13.847430541159383
1539.502 13.965499877929688 15.778499603271484 13.989688963730753
1539.517 14.113673210144043 15.778499603271484 14.141330020752758
1539.537 14.464232444763184 15.778499603271484 14.295483046969087
1539.552 14.836071968078613 15.778499603271484 14.447154288784903
1539.567 15.076329231262207 15.778499603271484 14.592833827993791
1539.582 15.103711128234863 15.778499603271484 14.730172659467243
1539.602 15.213736534118652 15.778499603271484 14.857719015914686
1539.617 15.252643585205078 15.778499603271484 14.974704477356205
1539.632 15.249279975891113 15.778499603271484 15.08087170104276
1539.652 15.186137199401855 17.650089263916016 15.228325371751056
1539.667 15.193395614624023 17.650089263916016 15.401271726490155
1539.682 15.361174583435059 17.650089263916016 15.587683771830767
1539.702 15.591246604919434 17.650089263916016 15.778568115659455
1539.717 15.823336601257324 17.650089263916016 15.967355263234639
1539.732 16.22650146484375 17.650089263916016 16.149395332212823
1539.752 16.6947078704834 17.650089263916016 16.321543325852677
1539.767 16.83416748046875 17.650089263916016 16.481820109768563
1539.782 17.027721405029297 17.650089263916016 16.629137060206748
1539.802 17.119211196899414 17.650089263916016 16.763073992238404
1539.817 17.137449264526367 17.650089263916016 16.883701440554145
1539.837 17.092761993408203 19.52824592590332 17.043610686764488
1539.852 17.153221130371094 19.52824592590332 17.227229963582992
1539.867 17.231557846069336 19.52824592590332 17.422740892654442
1539.882 17.45450782775879 19.52824592590332 17.62134331262409
1539.902 17.732715606689453 19.52824592590332 17.816644566561614
1539.917 18.020959854125977 19.52824592590332 18.004154949494087
1539.937 18.593013763427734 19.52824592590332 18.180873252696642
1539.952 18.73440170288086 19.52824592590332 18.34494838998457
1539.972 18.73440170288086 19.52824592590332 18.495404948709336
1539.982 18.910112380981445 19.52824592590332 18.631922177042338
1540.002 18.96685218811035 21.554973602294922 18.810955403390082
1540.017 19.0194034576416 21.554973602294922 19.015485281991733
1540.032 19.227489471435547 21.554973602294922 19.23260637488926
1540.052 19.416975021362305 21.554973602294922 19.452720029080968
1540.067 19.712249755859375 21.554973602294922 19.66886408334619
1540.082 19.886598587036133 21.554973602294922 19.876159255589123
1540.102 20.210914611816406 21.554973602294922 20.071354529350575
1540.117 20.44221305847168 21.554973602294922 20.252456117875717
1540.132 20.578554153442383 21.554973602294922 20.418426631983774
1540.152 20.876657485961914 18.720569610595703 20.54134158604523
1540.167 20.940265655517578 18.720569610595703 20.621200980060088
1540.182 20.910051345825195 18.720569610595703 20.658004814028345
1540.202 20.78884506225586 18.720569610595703 20.651753087950002
1540.217 20.64191246032715 18.720569610595703 20.60244580182506
1540.232 20.51099967956543 18.720569610595703 20.51483457006623
1540.252 19.951112747192383 18.720569610595703 20.402205823416285
1540.267 19.84204864501953 18.720569610595703 20.27477643475289
1540.282 19.627565383911133 18.720569610595703 20.14027962514177
1540.302 19.45348358154297 14.79170036315918 19.962727255484047
1540.317 19.348726272583008 14.79170036315918 19.742119325779726
1540.332 19.192527770996094 14.79170036315918 19.478455836028804
1540.352 18.939350128173828 14.79170036315918 19.171736786231282
1540.367 18.660831451416016 14.79170036315918 18.83025378063251
1540.382 18.30745506286621 14.79170036315918 18.483587095885767
1540.402 17.844995498657227 14.79170036315918 18.136920411139023
1540.417 17.486103057861328 14.79170036315918 17.79025372639228
1540.432 17.1490478515625 14.79170036315918 17.456319013457794
1540.452 16.752450942993164 14.79170036315918 17.142981948338182
1540.472 16.3172664642334 11.701061248779297 16.79631526359144
1540.482 16.25255012512207 11.701061248779297 16.449648578844695
1540.502 15.881054878234863 11.701061248779297 16.10298189409795
1540.517 15.520471572875977 11.701061248779297 15.756315209351209
1540.532 15.159736633300781 11.701061248779297 15.409648524604467
1540.552 14.690975189208984 11.701061248779297 15.062981839857725
1540.567 14.38398265838623 11.701061248779297 14.716315155110983
1540.582 14.124408721923828 11.701061248779297 14.369648470364242
1540.602 13.814803123474121 11.701061248779297 14.040363778502279
1540.617 13.619721412658691 11.701061248779297 13.739395788263394
1540.632 13.415244102478027 11.701061248779297 13.4670816565924
1540.652 13.161550521850586 11.701061248779297 13.222867072029297
1540.667 13.026021957397461 9.916250228881836 12.95599614592187
1540.682 12.805623054504395 9.916250228881836 12.68030125742981
1540.702 12.330620765686035 9.916250228881836 12.405940721504969
1540.717 12.137548446655273 9.916250228881836 12.140157598359773
1540.737 11.653643608093262 9.916250228881836 11.887904486215145
1540.752 11.415472030639648 9.916250228881836 11.652354913378122
1540.767 11.214455604553223 9.916250228881836 11.4353192545038
1540.782 11.117630958557129 9.916250228881836 11.237580669293411
1540.802 10.923044204711914 9.916250228881836 11.059164392308027
1540.817 10.810784339904785 9.916250228881836 10.899551777476027
1540.832 10.666744232177734 9.916250228881836 10.757848804450562
1540.852 10.591031074523926 9.916250228881836 10.632917268560858
1540.867 10.54916000366211 9.916250228881836 10.52347558317398
1540.882 10.486563682556152 9.916250228881836 10.42817500421864
1540.902 10.389313697814941 9.916250228881836 10.345656123244046
1540.917 10.339045524597168 9.916250228881836 10.274589650344058
1540.932 10.281292915344238 9.916250228881836 10.21370480529255
1540.952 10.193032264709473 9.916250228881836 10.161808039254286
1540.967 10.135348320007324 9.916250228881836 10.117794306694126
1540.982 10.105928421020508 9.916250228881836 10.080652685153208
1541.002 10.047908782958984 9.916250228881836 10.04946778822495
1541.017 10.030818939208984 9.916250228881836 10.023418124408328
1541.037 9.99853229522705 9.916250228881836 10.001772312760657
1541.052 9.9669771194458 9.916250228881836 9.983883867710812
1541.067 9.949450492858887 9.916250228881836 9.969185103303769
1541.082 9.958186149597168 9.916250228881836 9.957180575697494
1541.102 9.936673164367676 9.916250228881836 9.947440376893582
1541.117 9.919817924499512 9.916250228881836 9.939593508137344
1541.132 9.94600772857666 9.916250228881836 9.933321494486593
1541.152 9.941797256469727 9.916250228881836 9.928352349591085
1541.167 9.944372177124023 9.916250228881836 9.9244549591013
1541.182 9.95173168182373 9.916250228881836 9.921433920111344
1541.202 9.962311744689941 9.916250228881836 9.919124850775123
1541.217 9.938616752624512 9.916250228881836 9.917390167168476
1541.232 9.908705711364746 9.916250228881836 9.916115312320303
1541.252 9.913362503051758 12.951306343078613 9.95789601751873
1541.267 9.952256202697754 12.951306343078613 10.042732282763756
1541.282 10.076865196228027 12.951306343078613 10.170624108055383
1541.302 10.387452125549316 12.951306343078613 10.339521095543166
1541.317 10.734688758850098 12.951306343078613 10.533113531857119
1541.332 10.99088191986084 12.951306343078613 10.739026804561924
1541.352 11.258129119873047 12.951306343078613 10.94805019610413
1541.367 11.531867980957031 12.951306343078613 11.153496300174265
1541.382 11.720149993896484 12.951306343078613 11.350671844789503
1541.402 11.92322063446045 12.951306343078613 11.536443056218104
1541.417 12.036702156066895 12.951306343078613 11.708880850397971
1541.432 12.083444595336914 12.951306343078613 11.86697308985309
1541.452 12.135851860046387 12.951306343078613 12.010392897080084
1541.467 12.151132583618164 12.951306343078613 12.139313577477436
1541.482 12.174310684204102 12.951306343078613 12.254262086809886
1541.502 12.22266674041748 12.951306343078613 12.356004192604441
1541.517 12.27089786529541 12.951306343078613 12.445455539491793
1541.532 12.34391975402832 15.5440034866333 12.577962446425744
1541.552 12.598921775817871 15.5440034866333 12.753524913406295
1541.567 12.833491325378418 15.5440034866333 12.956857980600757
1541.582 13.177861213684082 15.5440034866333 13.17444516952694
1541.602 13.502667427062988 15.5440034866333 13.396203722938493
1541.617 14.009355545043945 15.5440034866333 13.614791793710065
1541.637 14.223615646362305 15.5440034866333 13.825035793815056
1541.652 14.532343864440918 15.5440034866333 14.023459765009099
1541.667 14.702362060546875 15.5440034866333 14.207900938105755
1541.682 14.762332916259766 15.5440034866333 14.37719773965215
1541.702 14.789121627807617 15.5440034866333 14.530938385722273
1541.722 14.804959297180176 15.5440034866333 14.669259879983535
1541.732 14.79576301574707 15.5440034866333 14.792688718212705
1541.752 14.8004732131958 16.562034606933594 14.93029455248854
1541.767 14.867924690246582 16.562034606933594 15.074238182370845
1541.782 15.040546417236328 16.562034606933594 15.218725464430333
1541.802 15.200959205627441 16.562034606933594 15.359588827844028
1541.817 15.389154434204102 16.562034606933594 15.493942178001042
1541.832 15.591164588928223 16.562034606933594 15.619897980859989
1541.852 15.871953010559082 16.562034606933594 15.736336768946156
1541.867 16.055124282836914 16.562034606933594 15.842720618801586
1541.882 16.145540237426758 16.562034606933594 15.938943322491564
1541.902 16.256893157958984 16.562034606933594 16.02521101842071
1541.922 16.293514251708984 13.566715240478516 16.068423154303254
1541.932 16.253433227539062 13.566715240478516 16.0685797301392
1541.952 16.140151977539062 13.566715240478516 16.025680745928543
1541.967 15.938041687011719 13.566715240478516 15.939726201671288
1541.982 15.703185081481934 13.566715240478516 15.812208468203817
1542.002 15.299869537353516 13.566715240478516 15.658445942715666
1542.017 15.127448081970215 13.566715240478516 15.49014583170959
1542.032 14.8739013671875 13.566715240478516 15.316102121534968
1542.052 14.588544845581055 13.566715240478516 15.14277671338356
1542.067 14.501686096191406 13.566715240478516 14.974780683511248
1542.082 14.494213104248047 13.566715240478516 14.815270598198971
1542.102 14.420323371887207 13.566715240478516 14.666272942527947
1542.117 14.414658546447754 13.566715240478516 14.528948018811498
1542.132 14.398831367492676 13.566715240478516 14.403803134435577
1542.152 14.338488578796387 13.566715240478516 14.29086352522454
1542.167 14.353246688842773 13.566715240478516 14.18980824139552
1542.182 14.283337593078613 13.566715240478516 14.100077148758274
1542.202 14.175603866577148 13.566715240478516 14.02095425691882
1542.217 14.071861267089844 13.566715240478516 13.951631767163601
1542.232 13.97668170928955 13.566715240478516 13.891258523673542
1542.252 13.82390308380127 13.566715240478516 13.838975941257592
1542.267 13.746788024902344 13.566715240478516 13.793943959932683
1542.282 13.685672760009766 13.566715240478516 13.755359131116492
1542.302 13.6229829788208 15.474258422851562 13.759829862346901
1542.317 13.647726058959961 15.474258422851562 13.80735615362391
1542.332 13.776512145996094 15.474258422851562 13.88771950731178
1542.352 14.021288871765137 15.474258422851562 13.989383772962467
1542.367 14.231822967529297 15.474258422851562 14.10348968419799
1542.382 14.35815715789795 15.474258422851562 14.223342498942749
1542.402 14.684283256530762 15.474258422851562 14.343984682582915
1542.417 14.821953773498535 15.474258422851562 14.461841408469123
1542.432 14.923842430114746 15.474258422851562 14.574428091390054
1542.452 14.973834037780762 15.474258422851562 14.680110502078616
1542.467 14.988630294799805 15.474258422851562 14.777909228277336
1542.482 14.983746528625488 15.474258422851562 14.867341349141501
1542.502 14.964749336242676 17.04850196838379 14.992022169071369
1542.517 15.00253963470459 17.04850196838379 15.1385011996737
1542.532 15.119597434997559 17.04850196838379 15.29653341855026
1542.552 15.394576072692871 17.04850196838379 15.45845563787039
1542.567 15.616698265075684 17.04850196838379 15.618667850889544
1542.582 15.916208267211914 17.04850196838379 15.773204219703528
1542.602 16.09743881225586 17.04850196838379 15.919380222895084
1542.617 16.272592544555664 17.04850196838379 16.055504185890804
1542.632 16.375308990478516 17.04850196838379 16.180642965305978
1542.652 16.518125534057617 17.04850196838379 16.294432952415526
1542.667 16.58109474182129 17.04850196838379 16.396928805235447
1542.682 16.626911163330078 17.04850196838379 16.488483421328276
1542.702 16.605342864990234 19.03685188293457 16.623093597467705
1542.717 16.711118698120117 19.03685188293457 16.78661306996854
1542.732 16.80982208251953 19.03685188293457 16.966308663057927
1542.752 17.146299362182617 19.03685188293457 17.15260559755694
1542.767 17.382509231567383 19.03685188293457 17.338458577914984
1542.782 17.646574020385742 19.03685188293457 17.51883080781901
1542.802 17.933258056640625 19.03685188293457 17.690264826403137
1542.817 18.177534103393555 19.03685188293457 17.850531070438244
1542.832 18.31881332397461 19.03685188293457 17.998341902301796
1542.852 18.411191940307617 19.03685188293457 18.133120498757528
1542.867 18.441328048706055 21.242992401123047 18.31095465525986
1542.882 18.595720291137695 21.242992401123047 18.51984796622808
1542.902 18.72092056274414 21.242992401123047 18.7451977448613
1542.917 18.958881378173828 21.242992401123047 18.97608160835184
1542.932 19.226749420166016 21.242992401123047 19.204518124586862
1542.952 19.572689056396484 21.242992401123047 19.42485524921207
1542.967 19.82549285888672 21.242992401123047 19.633267333647478
1542.982 20.024349212646484 21.242992401123047 19.827343914284903
1543.002 20.278608322143555 21.242992401123047 20.005755700721128
1543.017 20.42033576965332 20.449254989624023 20.145936904340797
1543.032 20.473772048950195 20.449254989624023 20.254825601444598
1543.052 20.47317886352539 20.449254989624023 20.338263316328277
1543.067 20.422502517700195 20.449254989624023 20.401143446452874
1543.082 20.391101837158203 20.449254989624023 20.447543970673813
1543.102 20.31570053100586 20.449254989624023 20.48084520732229
1543.117 20.27458953857422 20.449254989624023 20.503833586956233
1543.132 20.285993576049805 20.449254989624023 20.518792519714605
1543.152 20.32216453552246 20.449254989624023 20.527581489710837
1543.167 20.37343978881836 18.462467193603516 20.49331489966047
1543.182 20.35924530029297 18.462467193603516 20.4159927495635
1543.202 20.271390914916992 18.462467193603516 20.306313938699688
1543.217 20.167675018310547 18.462467193603516 20.17649282205067
1543.232 19.999755859375 18.462467193603516 20.035842529058517
1543.252 19.749774932861328 18.462467193603516 19.89133827950445
1543.267 19.547365188598633 18.462467193603516 19.748086035155374
1543.282 19.41037368774414 18.462467193603516 19.609710290609478
1543.302 19.22353744506836 18.462467193603516 19.47867314193323
1543.317 19.138912200927734 16.970386505126953 19.315088551250447
1543.332 19.049041748046875 16.970386505126953 19.132722311159103
1543.352 18.7641658782959 16.970386505126953 18.94196161868898
1543.367 18.696983337402344 16.970386505126953 18.750483810815
1543.382 18.44182586669922 16.970386505126953 18.563810898796813
1543.402 18.220792770385742 16.970386505126953 18.385766854612328
1543.417 18.048057556152344 16.970386505126953 18.218852500657704
1543.432 17.932819366455078 16.970386505126953 18.064550934852385
1543.452 17.7974853515625 16.970386505126953 17.923574688753803
1543.467 17.694746017456055 15.389954566955566 17.752163370408706
1543.482 17.63260269165039 15.389954566955566 17.56370167674292
1543.502 17.350811004638672 15.389954566955566 17.368255595274924
1543.517 17.114824295043945 15.389954566955566 17.17323309437007
1543.532 16.894376754760742 15.389954566955566 16.983931451786074
1543.552 16.599002838134766 15.389954566955566 16.803988137089984
1543.567 16.411174774169922 15.389954566955566 16.635750049838204
1543.582 16.229732513427734 15.389954566955566 16.480573989437445
1543.602 16.108034133911133 15.389954566955566 16.33906949465876
1543.617 16.076745986938477 15.389954566955566 16.211293635861054
1543.632 16.034147262573242 15.389954566955566 16.096905962428124
1543.652 15.955536842346191 15.389954566955566 15.995290590680014
1543.667 15.953546524047852 15.389954566955566 15.90565135112694
1543.682 15.91504955291748 15.389954566955566 15.827084985272869
1543.702 15.854469299316406 15.389954566955566 15.758636578018605
1543.717 15.818017959594727 15.389954566955566 15.699340719122299
1543.732 15.736310005187988 15.389954566955566 15.64825129377732
1543.752 15.626294136047363 15.389954566955566 15.604462296541584
1543.767 15.581441879272461 15.389954566955566 15.567121633837461
1543.782 15.504618644714355 15.389954566955566 15.535439518191238
1543.802 15.474499702453613 15.389954566955566 15.508692753379306
1543.817 15.443459510803223 16.067384719848633 15.505043461902254
1543.832 15.436955451965332 16.067384719848633 15.51804872852549
1543.852 15.5159912109375 16.067384719848633 15.54262850409728
1543.867 15.565418243408203 16.067384719848633 15.574820572629617
1543.882 15.646588325500488 16.067384719848633 15.61157389345202
1543.902 15.717527389526367 16.067384719848633 15.650575185996678
1543.917 15.814655303955078 16.067384719848633 15.690104155558709
1543.932 15.867347717285156 16.067384719848633 15.728913266595251
1543.957 15.902870178222656 16.067384719848633 15.766128448057922
1543.967 15.919648170471191 16.067384719848633 15.80116755820108
1543.982 15.900351524353027 16.067384719848633 15.833673841880797
1544.002 15.911158561706543 12.630522727966309 15.823124565513915
1544.017 15.862300872802734 12.630522727966309 15.769519729100432
1544.032 15.726093292236328 12.630522727966309 15.67285933264035
1544.052 15.478204727172852 12.630522727966309 15.533143376133667
1544.067 15.217111587524414 12.630522727966309 15.352385249620284
1544.082 14.903019905090332 12.630522727966309 15.147234628135465
1544.102 14.40733814239502 12.630522727966309 14.930301347917222
1544.117 14.196807861328125 12.630522727966309 14.710949754193198
1544.132 14.065110206604004 12.630522727966309 14.495958136286992
1544.152 13.879546165466309 12.630522727966309 14.290063157661674
1544.167 13.758105278015137 12.630522727966309 14.096406742611622
1544.182 13.68647289276123 12.630522727966309 13.916900643366604
1544.202 13.646842956542969 12.630522727966309 13.752521884627457
1544.217 13.58293628692627 12.630523681640625 13.603550489959526
1544.232 13.542136192321777 12.630523681640625 13.469759134042926
1544.252 13.465210914611816 12.630523681640625 13.35056323261469
1544.267 13.398262977600098 12.630523681640625 13.245138404294698
1544.282 13.334563255310059 12.630523681640625 13.152511312590915
1544.302 13.122293472290039 12.630523681640625 13.071628906977569
1544.322 13.028973579406738 12.630523681640625 13.001410259945763
1544.332 12.970763206481934 12.630523681640625 12.94078449124971
1544.352 12.824283599853516 12.630523681640625 12.888717667858632
1544.367 12.822315216064453 12.630523681640625 12.844231055943592
1544.382 12.777355194091797 12.630523681640625 12.806412668156458
1544.402 12.71866512298584 12.630523681640625 12.774423685110563
1544.417 12.702686309814453 12.630523681640625 12.747501024998153
1544.432 12.681073188781738 15.796643257141113 12.763633924932343
1544.452 12.726280212402344 15.796643257141113 12.822822384913133
1544.467 12.852215766906738 15.796643257141113 12.925066404940523
1544.482 13.03206729888916 15.796643257141113 13.070365985014513
1544.502 13.393414497375488 15.796643257141113 13.250227280712103
1544.517 13.69439697265625 15.796643257141113 13.449861657805371
1544.532 13.989482879638672 15.796643257141113 13.65812134299789
1544.552 14.367719650268555 15.796643257141113 13.866777507008646
1544.567 14.639426231384277 15.796643257141113 14.069921809006189
1544.582 14.746603965759277 15.796643257141113 14.263473045442735
1544.602 14.815126419067383 15.796643257141113 14.444772827907169
1544.617 14.879751205444336 15.796643257141113 14.612256296278867
1544.632 14.881242752075195 15.796643257141113 14.76518575403711
1544.652 14.889838218688965 13.497088432312012 14.875059651748755
1544.672 14.869237899780273 13.497088432312012 14.941877989413799
1544.682 14.786863327026367 13.497088432312012 14.965640767032243
1544.702 14.711344718933105 13.497088432312012 14.946347984604087
1544.717 14.63075065612793 13.497088432312012 14.89226427683062
1544.737 14.510101318359375 13.497088432312012 14.814749398446418
1544.752 14.420576095581055 13.497088432312012 14.722595372761589
1544.767 14.345503807067871 13.497088432312012 14.622509792708112
1544.782 14.253884315490723 13.497088432312012 14.519520087432452
1544.802 14.211682319641113 13.497088432312012 14.417309917902097
1544.817 14.174924850463867 13.497088432312012 14.318497587316347
1544.832 14.147820472717285 13.497088432312012 14.224865161837709
1544.852 14.103139877319336 10.657233238220215 14.08817717631247
1544.867 14.02912425994873 10.657233238220215 13.908433630740632
1544.882 13.833123207092285 10.657233238220215 13.689306294302241
1544.902 13.532281875610352 10.657233238220215 13.448040779416328
1544.922 13.088977813720703 10.657233238220215 13.197611390860487
1544.932 12.705146789550781 10.657233238220215 12.947570932273216
1544.952 12.22639274597168 10.657233238220215 12.70475477584291
1544.967 11.909379959106445 10.657233238220215 12.473860929789396
1544.982 11.75970458984375 10.657233238220215 12.257925124611342
1545.007 11.623553276062012 10.657233238220215 12.058707465942497
1545.017 11.566267013549805 10.657233238220215 11.877004969787343
1545.032 11.542054176330566 10.657233238220215 11.71290229859452
1545.052 11.546812057495117 10.657233238220215 11.565971243039906
1545.067 11.52934741973877 8.783186912536621 11.383371082597789
1545.082 11.484365463256836 8.783186912536621 11.180280291388064
1545.102 11.093278884887695 8.783186912536621 10.968145959886392
1545.117 10.924880027770996 8.783186912536621 10.755423045576602
1545.132 10.620667457580566 8.783186912536621 10.548187284054649
1545.152 10.18679141998291 8.783186912536621 10.350640531481181
1545.172 9.917771339416504 8.783186912536621 10.165524978877045
1545.182 9.752615928649902 8.783186912536621 9.99446055195371
1545.202 9.445001602172852 8.783186912536621 9.838217888359726
1545.217 9.331263542175293 8.783186912536621 9.696937562707515
1545.242 9.272165298461914 8.783186912536621 9.57030469959217
1545.252 9.26408863067627 8.783186912536621 9.457686764309692
1545.267 9.284239768981934 8.783186912536621 9.358241136740045
1545.287 9.324320793151855 8.783186912536621 9.270998041668353
1545.302 9.324647903442383 8.783186912536621 9.194923514266875
1545.317 9.333226203918457 8.783186912536621 9.128966308401143
1545.342 9.282145500183105 7.970732688903809 9.049523819052279
1545.352 9.222041130065918 7.970732688903809 8.962623612785205
1545.367 9.074856758117676 7.970732688903809 8.872792604373933
1545.382 8.885621070861816 7.970732688903809 8.78335649385211
1545.402 8.60493278503418 7.970732688903809 8.696687730141079
1545.417 8.359243392944336 7.970732688903809 8.614409697513313
1545.432 8.250295639038086 7.970732688903809 8.537563856575062
1545.452 8.189939498901367 7.970732688903809 8.466745693182745
1545.467 8.165616035461426 7.970732688903809 8.402214536686476
1545.482 8.184651374816895 7.970732688903809 8.343981600684677
1545.507 8.225773811340332 7.970732688903809 8.291879971001846
1545.517 8.26477336883545 7.970732688903809 8.245619711732491
1545.532 8.28541374206543 7.970732688903809 8.204830775175774
1545.552 8.301045417785645 7.970732688903809 8.169095979282577
1545.567 8.258172035217285 7.970732688903809 8.137975950779682
1545.582 8.235932350158691 7.970732688903809 8.111027617498003
1545.602 8.156718254089355 7.970732688903809 8.087817563954678
1545.617 8.153157234191895 7.970732688903809 8.067931334612053
1545.632 8.078669548034668 7.970732688903809 8.050979574547952
1545.652 8.005308151245117 7.970732688903809 8.036601733029883
1545.667 7.9830098152160645 7.970732688903809 8.024467917626707
1545.682 7.939303874969482 7.559166431427002 8.002846974135553
1545.702 7.919302463531494 7.559166431427002 7.975027504147828
1545.717 7.905391216278076 7.559166431427002 7.943538520064977
1545.732 7.849667072296143 7.559166431427002 7.910294411695048
1545.752 7.835882663726807 7.559166431427002 7.8767159118296926
1545.767 7.787049770355225 7.559166431427002 7.843830500935552
1545.782 7.8014068603515625 7.559166431427002 7.812355287525106
1545.802 7.7554826736450195 7.559166431427002 7.782765027198624
1545.817 7.74395751953125 7.559166431427002 7.755347601649268
1545.837 7.719559669494629 7.559166431427002 7.730248969558333
1545.852 7.689050674438477 7.559166431427002 7.7075093237091385
1545.867 7.683645725250244 7.559166431427002 7.687091941526697
1545.882 7.675420761108398 7.559166431427002 7.668905997835339
1545.902 7.661183834075928 7.559166431427002 7.652824416851514
1545.917 7.661013603210449 7.559166431427002 7.638697673073138
1545.932 7.6327080726623535 7.559166431427002 7.626364305520111
1545.952 7.630385875701904 7.559166431427002 7.615658784480958
1545.967 7.603049278259277 7.559166431427002 7.606417262368134
1545.982 7.577110290527344 7.559166431427002 7.598481648438566
1546.002 7.560710430145264 7.559166431427002 7.591702369097629
1546.017 7.5927815437316895 7.559166431427002 7.5859401095294565
1546.032 7.596461296081543 7.559166431427002 7.581066776899216
1546.052 7.591784477233887 7.559166431427002 7.576965878926318
1546.067 7.593217372894287 7.559166431427002 7.573532472957564
1546.082 7.578845024108887 7.559166431427002 7.570672808646552
1546.102 7.583388805389404 7.559166431427002 7.5683037609764785
1546.122 7.554300785064697 7.559166431427002 7.5663521287784175
1546.132 7.569040298461914 7.559166431427002 7.564753856340287
1546.157 7.556015491485596 7.559166431427002 7.563453221519464
1546.167 7.549951553344727 7.559166431427002 7.562402022402105
1546.182 7.557730674743652 7.559166431427002 7.5615587855137365
1546.202 7.5494794845581055 7.559166431427002 7.560888011469081
1546.217 7.550817966461182 7.559166431427002 7.5603594684074995
1546.232 7.567408084869385 7.559166431427002 7.559947539301595
1546.252 7.567736625671387 7.559166431427002 7.559630626005226
1546.267 7.579150676727295 7.559166431427002 7.559390610518993
1546.282 7.5861005783081055 7.559166431427002 7.5592123722264235
1546.302 7.570113658905029 7.559166431427002 7.559083358652599
1546.317 7.563297271728516 7.559166431427002 7.558993206503906
1546.332 7.5448384284973145 7.559166431427002 7.558933409269262
1546.352 7.539165496826172 7.559166431427002 7.558897027423708
1546.367 7.545409202575684 7.559166431427002 7.558878437213582
1546.382 7.538896083831787 7.559166431427002 7.558873114070028
1546.402 7.569248199462891 7.559166431427002 7.558877446855771
1546.417 7.585875511169434 7.559166431427002 7.558888579368861
1546.432 7.583609104156494 7.559166431427002 7.558904275783275
1546.462 7.54340124130249 7.559166431427002 7.5589228069820145
1546.467 7.551152229309082 7.559166431427002 7.55894285502057
1546.482 7.562259197235107 11.057500839233398 7.602018463105726
1546.502 7.605031490325928 11.057500839233398 7.688149631237483
1546.522 7.780448913574219 11.057500839233398 7.817336359415839
1546.532 7.863722801208496 11.057500839233398 7.989578647640796
1546.552 8.24962043762207 11.057500839233398 8.198239021423511
1546.572 8.79561710357666 11.057500839233398 8.42720290055259
1546.582 8.996735572814941 11.057500839233398 8.664357516462875
1546.607 9.277562141418457 11.057500839233398 8.900794531371783
1546.617 9.56179141998291 11.057500839233398 9.130149570029998
1546.632 9.7894868850708 11.057500839233398 9.34805821851926
1546.652 10.012738227844238 11.057500839233398 9.551710602244944
1546.667 10.057356834411621 11.057500839233398 9.739488985184945
1546.682 10.120392799377441 11.057500839233398 9.910674934392919
1546.707 10.181418418884277 11.057500839233398 10.065214473919681
1546.717 10.198249816894531 11.057500839233398 10.2035313213196
1546.732 10.22705364227295 11.057500839233398 10.326379771217574
1546.752 10.267093658447266 11.057500839233398 10.434730079170173
1546.772 10.364415168762207 11.057500839233398 10.529680321185758
1546.782 10.427281379699707 11.057500839233398 10.612389675813393
1546.807 10.569747924804688 11.057500839233398 10.684028912347912
1546.817 10.662391662597656 13.36890983581543 10.798723708929032
1546.832 10.832115173339844 13.36890983581543 10.95231571131115
1546.852 11.177888870239258 13.36890983581543 11.129517598986894
1546.867 11.456286430358887 13.36890983581543 11.318717628936428
1546.882 11.71592903137207 13.36890983581543 11.51126077040253
1546.902 12.079102516174316 13.36890983581543 11.700851387251939
1546.917 12.284880638122559 13.36890983581543 11.88305962159676
1546.932 12.528889656066895 13.36890983581543 12.054915808218196
1546.952 12.600184440612793 13.36890983581543 12.214579243997862
1546.967 12.613436698913574 13.36890983581543 12.361069445953492
1546.982 12.642751693725586 13.36890983581543 12.494049657828894
1547.002 12.613500595092773 13.36890983581543 12.613653815186819
1547.017 12.631295204162598 13.36890983581543 12.720349462287274
1547.032 12.65440559387207 13.36890983581543 12.814830242276468
1547.052 12.743520736694336 13.36890983581543 12.897932567965192
1547.067 12.806763648986816 16.498836517333984 13.024090453700516
1547.082 12.929595947265625 16.498836517333984 13.193303899482443
1547.107 13.350808143615723 16.498836517333984 13.405572905310969
1547.117 13.555401802062988 16.498836517333984 13.643623021203481
1547.132 13.665515899658203 16.498836517333984 13.893537095018578
1547.152 14.213273048400879 16.498836517333984 14.145011613506124
1547.167 14.51497745513916 16.498836517333984 14.390619046632578
1547.182 14.835795402526855 16.498836517333984 14.625199305927357
1547.202 15.38670825958252 16.498836517333984 14.845360638478954
1547.217 15.558256149291992 16.498836517333984 15.04907281386889
1547.232 15.712870597839355 16.498836517333984 15.235337754740515
1547.252 16.057979583740234 16.498836517333984 15.403924817790152
1547.267 16.100067138671875 16.498836517333984 15.555159760866518
1547.282 16.105676651000977 19.30722427368164 15.749450263989484
1547.302 16.060871124267578 19.30722427368164 15.98679632715905
1547.322 16.122644424438477 19.30722427368164 16.249128454836374
1547.332 16.163936614990234 19.30722427368164 16.522080257401687
1547.352 16.596792221069336 19.30722427368164 16.795060831506564
1547.367 16.899330139160156 19.30722427368164 17.06047923069829
1547.382 17.112791061401367 19.30722427368164 17.313105337234088
1547.407 17.646686553955078 19.30722427368164 17.549546241641977
1547.417 17.940969467163086 19.30722427368164 17.767819947845407
1547.432 18.265613555908203 19.30722427368164 17.967010669799343
1547.452 18.630456924438477 17.532644271850586 18.12314583170668
1547.467 18.819055557250977 17.532644271850586 18.236225433567416
1547.482 18.810413360595703 17.532644271850586 18.306249475381552
1547.502 18.68011474609375 17.532644271850586 18.334944335307377
1547.517 18.54749298095703 17.532644271850586 18.33322286929844
1547.532 18.342512130737305 17.532644271850586 18.309750855324285
1547.552 17.999351501464844 17.532644271850586 18.271342949419314
1547.567 17.786161422729492 17.532644271850586 18.22329787423772
1547.582 17.670381546020508 17.532644271850586 18.169680746777875
1547.602 17.58890724182129 17.532644271850586 18.113559680074637
1547.617 17.610748291015625 15.125027656555176 18.0143830533248
1547.632 17.583288192749023 15.125027656555176 17.87215086652836
1547.652 17.506834030151367 15.125027656555176 17.693908815411554
1547.667 17.42973518371582 15.125027656555176 17.49481086400029
1547.682 17.264026641845703 15.125027656555176 17.28629668358004
1547.702 16.983417510986328 15.125027656555176 17.076826267013885
1547.717 16.72895050048828 15.125027656555176 16.872489171179947
1547.732 16.580638885498047 15.125027656555176 16.677506986160132
1547.752 16.35362434387207 15.125027656555176 16.49464532612326
1547.772 16.149211883544922 15.125027656555176 16.325549533231467
1547.782 16.01053810119629 15.125027656555176 16.171016384104952
1547.802 15.88464641571045 15.125027656555176 16.031212384051848
1547.817 15.827239036560059 15.125027656555176 15.905847718801363
1547.832 15.7445650100708 15.125027656555176 15.794313595455137
1547.852 15.653141021728516 15.125027656555176 15.695789530685369
1547.867 15.653146743774414 15.125027656555176 15.609326120898888
1547.882 15.594611167907715 15.125027656555176 15.533907941972357
1547.902 15.534650802612305 15.125027656555176 15.46850046129872
1547.917 15.457725524902344 15.125027656555176 15.412084188877737
1547.932 15.426164627075195 15.125027656555176 15.363678734413446
1547.952 15.358182907104492 15.125027656555176 15.322358962130672
1547.967 15.309810638427734 15.125027656555176 15.2872650335453
1547.982 15.269166946411133 17.88343620300293 15.295226665006528
1548.002 15.296503067016602 17.88343620300293 15.346243856514356
1548.017 15.368185043334961 17.88343620300293 15.440316608068784
1548.032 15.536299705505371 17.88343620300293 15.575599852230773
1548.052 15.851451873779297 17.88343620300293 15.736659413867184
1548.067 16.177536010742188 17.88343620300293 15.911718125467248
1548.082 16.33952522277832 17.88343620300293 16.09194681850495
1548.102 16.6351261138916 17.88343620300293 16.270874311723315
1548.117 16.819866180419922 17.88343620300293 16.443899069760327
1548.132 16.93935203552246 17.88343620300293 16.60788729055779
1548.152 17.058456420898438 17.88343620300293 16.76084409763648
1548.167 17.12302589416504 19.413772583007812 16.944155606063003
1548.182 17.213430404663086 19.413772583007812 17.144129329797273
1548.202 17.408950805664062 19.413772583007812 17.350489481350515
1548.217 17.408950805664062 19.413772583007812 17.555694345716358
1548.232 17.722097396850586 19.413772583007812 17.754371118565796
1548.252 18.02318572998047 19.413772583007812 17.942850626103468
1548.267 18.23042106628418 19.413772583007812 18.118786551229572
1548.282 18.436847686767578 19.413772583007812 18.28084579960503
1548.302 18.62821388244629 19.413772583007812 18.428458450256475
1548.317 18.74028968811035 19.413772583007812 18.561617354251176
1548.332 18.824974060058594 21.552968978881836 18.737831818292477
1548.352 18.988956451416016 21.552968978881836 18.94231711086902
1548.367 19.183439254760742 21.552968978881836 19.16138301586956
1548.382 19.39080810546875 21.552968978881836 19.384813194895987
1548.402 19.820276260375977 21.552968978881836 19.60516470906725
1548.417 20.000930786132812 21.552968978881836 19.817188970772367
1548.432 20.22935676574707 21.552968978881836 20.01735580489366
1548.452 20.455318450927734 21.552968978881836 20.203464625671756
1548.472 20.621816635131836 24.08243179321289 20.43262900649645
1548.482 20.71980857849121 24.08243179321289 20.698246897351698
1548.502 21.08017349243164 24.08243179321289 20.98261152767457
1548.517 21.383934020996094 24.08243179321289 21.272512302672656
1548.532 21.672958374023438 24.08243179321289 21.558327847794025
1548.552 22.077770233154297 24.08243179321289 21.8332763233715
1548.567 22.36077880859375 24.08243179321289 22.092799274151517
1548.582 22.61946678161621 24.08243179321289 22.334058294114346
1548.602 22.93913459777832 24.08243179321289 22.55552652378563
1548.617 22.983421325683594 24.70672607421875 22.774000967744662
1548.632 23.083839416503906 24.70672607421875 22.98426113013338
1548.652 23.222946166992188 24.70672607421875 23.18279383017585
1548.667 23.496627807617188 24.70672607421875 23.367407051244836
1548.682 23.587736129760742 24.70672607421875 23.536916500357243
1548.702 23.784141540527344 24.70672607421875 23.6908929834908
1548.717 23.848482131958008 24.70672607421875 23.829460382924754
1548.732 23.944494247436523 24.70672607421875 23.95313551110481
1548.752 24.05145263671875 26.13385772705078 24.102344974567778
1548.767 24.184186935424805 26.13385772705078 24.265709336855437
1548.782 24.361574172973633 26.13385772705078 24.434680143665847
1548.802 24.737564086914062 26.13385772705078 24.602975268289292
1548.817 24.857301712036133 26.13385772705078 24.766111288961557
1548.832 25.05720329284668 26.13385772705078 24.92101839527592
1548.852 25.338991165161133 26.13385772705078 25.065725137464483
1548.867 25.403602600097656 27.788034439086914 25.24505134460522
1548.882 25.560054779052734 27.788034439086914 25.444206883732164
1548.902 25.798738479614258 27.788034439086914 25.65204134493675
1548.917 26.031648635864258 27.788034439086914 25.86032252008864
1548.932 26.19695472717285 27.788034439086914 26.063138251427347
1548.952 26.47423553466797 27.788034439086914 26.256403310544755
1548.967 26.629234313964844 27.788034439086914 26.437455246953682
1548.982 26.77640724182129 27.19113540649414 26.588144694208996
1549.007 26.887033462524414 27.19113540649414 26.71288853960362
1549.017 26.947359085083008 27.19113540649414 26.815572930203533
1549.032 26.939105987548828 27.19113540649414 26.89959570071235
1549.052 26.94255256652832 27.19113540649414 26.967910344340723
1549.067 26.928409576416016 27.19113540649414 27.02306986808262
1549.082 26.91895294189453 27.19113540649414 27.06726934694761
1549.102 26.958467483520508 24.67778205871582 27.068413265766004
1549.117 26.932132720947266 24.67778205871582 27.026501624537797
1549.132 26.889362335205078 24.67778205871582 26.94153442326299
1549.157 26.699642181396484 24.67778205871582 26.817759246919522
1549.167 26.553173065185547 24.67778205871582 26.669609888718483
1549.182 26.339641571044922 24.67778205871582 26.508107627592317
1549.202 26.064912796020508 21.86894989013672 26.30354980641955
1549.217 25.84746742248535 21.86894989013672 26.055936425200183
1549.232 25.57350730895996 21.86894989013672 25.765267483934217
1549.252 25.120058059692383 21.86894989013672 25.448723691427286
1549.267 24.78003692626953 21.86894989013672 25.122429139955713
1549.282 24.552478790283203 21.86894989013672 24.798210283189864
1549.302 23.987762451171875 21.86894989013672 24.484485087893127
1549.317 23.700742721557617 21.86894989013672 24.186994939494767
1549.332 23.508743286132812 18.832393646240234 23.846449231049807
1549.352 23.174428939819336 18.832393646240234 23.499782546303063
1549.367 22.90488052368164 18.832393646240234 23.15311586155632
1549.382 22.584583282470703 18.832393646240234 22.806449176809576
1549.402 22.117595672607422 18.832393646240234 22.459782492062832
1549.417 21.668834686279297 18.832393646240234 22.11311580731609
1549.432 21.525405883789062 18.832393646240234 21.766449122569345
1549.452 21.193431854248047 16.291866302490234 21.4197824378226
1549.467 20.903573989868164 16.291866302490234 21.073115753075857
1549.482 20.680767059326172 16.291866302490234 20.726449068329114
1549.502 20.043729782104492 16.291866302490234 20.37978238358237
1549.517 19.708045959472656 16.291866302490234 20.033115698835626
1549.532 19.402427673339844 16.291866302490234 19.686449014088883
1549.552 19.0128231048584 16.291866302490234 19.33978232934214
1549.567 18.6564998626709 16.291866302490234 18.993115644595395
1549.582 18.546119689941406 16.291866302490234 18.65684650156534
1549.602 18.29981803894043 14.600948333740234 18.310179816818597
1549.617 18.07932472229004 14.600948333740234 17.963513132071853
1549.632 17.760011672973633 14.600948333740234 17.61684644732511
1549.652 17.26791000366211 14.600948333740234 17.28303524318179
1549.667 16.77733039855957 14.600948333740234 16.969301463222774
1549.682 16.576568603515625 14.600948333740234 16.6786713317626
1549.702 16.180635452270508 14.600948333740234 16.41267187476784
1549.717 15.914485931396484 14.600948333740234 16.171713275352126
1549.732 15.735562324523926 14.600948333740234 15.95539391862441
1549.752 15.526982307434082 14.600948333740234 15.762741557105986
1549.767 15.426291465759277 14.600948333740234 15.59240199684932
1549.782 15.350610733032227 13.588811874389648 15.41467002753108
1549.802 15.23949909210205 13.588811874389648 15.236577164823982
1549.817 15.082892417907715 13.588811874389648 15.063172686340303
1549.832 14.976800918579102 13.588811874389648 14.897945008052215
1549.852 14.784976959228516 13.588811874389648 14.743167027992435
1549.867 14.59924602508545 13.588811874389648 14.60017738695865
1549.882 14.45773983001709 13.588811874389648 14.469607990273431
1549.902 14.283374786376953 13.588811874389648 14.351566696585168
1549.917 14.170554161071777 13.588811874389648 14.245782801692956
1549.932 14.0518159866333 13.588811874389648 14.151721817588074
1549.952 13.940895080566406 13.588811874389648 14.06867505809411
1549.967 13.904414176940918 13.588811874389648 13.995828680746225
1549.982 13.888492584228516 13.588811874389648 13.93231608781192
1550.002 13.851340293884277 13.588811874389648 13.877256945779399
1550.017 13.82803726196289 13.588811874389648 13.829785530873119
1550.032 13.841499328613281 13.588811874389648 13.789070637513465
1550.052 13.815462112426758 13.588811874389648 13.754328887207011
1550.067 13.773558616638184 13.588811874389648 13.724832938054037
1550.082 13.76717758178711 13.588811874389648 13.699915811656588
1550.102 13.724311828613281 13.588811874389648 13.67897231730506
1550.117 13.732939720153809 13.588811874389648 13.661458356320395
1550.132 13.660338401794434 13.588811874389648 13.64688872649829
1550.152 13.64428997039795 13.588811874389648 13.634833912614228
1550.167 13.621257781982422 14.343828201293945 13.645888917359716
1550.182 13.606264114379883 14.343828201293945 13.67319887495104
1550.202 13.691033363342285 14.343828201293945 13.711399605162791
1550.222 13.72274112701416 14.343828201293945 13.75634425741946
1550.232 13.781400680541992 14.343828201293945 13.804873591015754
1550.252 13.991984367370605 14.343828201293945 13.854623909000857
1550.267 13.991984367370605 14.343828201293945 13.903867312358384
1550.282 14.092276573181152 14.343828201293945 13.951379554448806
1550.302 14.125568389892578 14.343828201293945 13.996331346349875
1550.317 14.150090217590332 14.343828201293945 14.038199487970022
1550.332 14.156089782714844 14.343828201293945 14.07669467621254
1550.352 14.151101112365723 14.343828201293945 14.111703270354878
1550.367 14.148792266845703 17.002717971801758 14.189767424543819
1550.382 14.184595108032227 17.002717971801758 14.310887138779359
1550.402 14.40451717376709 17.002717971801758 14.472462685352884
1550.417 14.62647533416748 17.002717971801758 14.658543367742286
1550.432 14.876509666442871 17.002717971801758 14.857017155387645
1550.452 15.318452835083008 17.002717971801758 15.058859506940312
1550.467 15.60074520111084 17.002717971801758 15.257509263337704
1550.487 15.911991119384766 17.002717971801758 15.448352943889933
1550.502 16.07989501953125 17.002717971801758 15.62830105630018
1550.522 16.180206298828125 17.002717971801758 15.795442119170222
1550.532 16.241546630859375 17.002717971801758 15.948761988939472
1550.552 16.251285552978516 17.002717971801758 16.087917784808454
1550.567 16.258316040039062 14.370231628417969 16.184018020630834
1550.582 16.191635131835938 14.370231628417969 16.237062696406614
1550.602 16.070087432861328 14.370231628417969 16.247051812135794
1550.617 16.04084587097168 14.370231628417969 16.213985367818374
1550.632 15.891860961914062 14.370231628417969 16.139072362887322
1550.652 15.742997169494629 14.370231628417969 16.036250240488894
1550.667 15.631254196166992 14.370231628417969 15.91628275468247
1550.682 15.485076904296875 14.370231628417969 15.787360189195898
1550.702 15.33357048034668 14.370231628417969 15.655600999485719
1550.717 15.266481399536133 14.370231628417969 15.525468873664256
1550.732 15.142927169799805 14.370231628417969 15.400117591922196
1550.752 15.087814331054688 14.370231628417969 15.28167456211132
1550.767 15.057048797607422 11.541003227233887 15.120175972253843
1550.782 15.007787704467773 11.541003227233887 14.915621822349767
1550.802 14.865976333618164 11.541003227233887 14.675285269410205
1550.817 14.485489845275879 11.541003227233887 14.415980677546429
1550.832 14.11480712890625 11.541003227233887 14.150285230814795
1550.852 13.615683555603027 11.541003227233887 13.887390101368016
1550.867 13.28530502319336 11.541003227233887 13.633804509180363
1550.882 12.97920036315918 11.541003227233887 13.393934796853035
1550.902 12.679893493652344 11.541003227233887 13.170557846482584
1550.917 12.522910118103027 11.541003227233887 12.965205624539474
1550.932 12.409403800964355 11.541003227233887 12.778475353351913
1550.957 12.39695930480957 11.541003227233887 12.61027776578246
1550.967 12.39695930480957 11.541003227233887 12.460034090229732
1550.982 12.342419624328613 11.506044387817383 12.325859741583724
1551.002 12.336557388305664 11.506044387817383 12.206928809279006
1551.017 12.298505783081055 11.506044387817383 12.102225962480023
1551.032 12.241328239440918 11.506044387817383 12.010628322797688
1551.052 12.11807918548584 11.506044387817383 11.930967127167426
1551.067 12.013997077941895 11.506044387817383 11.862073194151975
1551.082 11.858840942382812 11.506044387817383 11.802809519745855
1551.102 11.773273468017578 11.506044387817383 11.752093743883778
1551.122 11.655503273010254 11.506044387817383 11.708912733550623
1551.132 11.606115341186523 11.506044387817383 11.672331111036222
1551.152 11.52816104888916 11.506044387817383 11.641495205981359
1551.167 11.545548439025879 11.506044387817383 11.615633618028465
1551.192 11.514683723449707 11.506044387817383 11.594055334776543
1551.202 11.545625686645508 11.506044387817383 11.576146149983211
1551.217 11.559443473815918 11.506044387817383 11.561363963104911
1551.237 11.56939697265625 15.27086067199707 11.589637336273212
1551.252 11.576224327087402 15.27086067199707 11.660966269488112
1551.267 11.717249870300293 15.27086067199707 11.775350762749612
1551.282 11.840536117553711 15.27086067199707 11.932790816057713
1551.302 12.313692092895508 15.27086067199707 12.133286429412413
1551.322 12.625782012939453 15.27086067199707 12.364129798516649
1551.332 13.030437469482422 15.27086067199707 12.610310075648961
1551.352 13.331169128417969 15.27086067199707 12.860643461563349
1551.367 13.61341667175293 15.27086067199707 13.106999536153904
1551.382 13.781896591186523 15.27086067199707 13.343661979346498
1551.402 14.120635986328125 15.27086067199707 13.566803362739396
1551.422 14.137742042541504 15.27086067199707 13.77405628106819
1551.432 14.198012351989746 15.27086067199707 13.964165440226191
1551.457 14.246545791625977 15.27086067199707 14.136707428371013
1551.467 14.230815887451172 15.27086067199707 14.291866777378692
1551.482 14.27575969696045 15.27086067199707 14.430258586228502
1551.502 14.357928276062012 15.27086067199707 14.55278944089947
1551.517 14.451183319091797 15.27086067199707 14.660549643436312
1551.532 14.576202392578125 15.27086067199707 14.754730872890377
1551.557 14.776033401489258 15.27086067199707 14.83656435963361
1551.567 14.925158500671387 15.27086067199707 14.907275478303232
1551.582 14.979081153869629 15.27086067199707 14.96805136873875
1551.602 15.0822114944458 15.27086067199707 15.020018793065116
1551.617 15.1358642578125 15.27086067199707 15.064229943761557
1551.632 15.174593925476074 15.27086067199707 15.101654344157053
1551.652 15.180083274841309 15.27086067199707 15.133175340151073
1551.667 15.191832542419434 15.529258728027344 15.166767704291862
1551.687 15.21848201751709 15.529258728027344 15.200911427583764
1551.702 15.19607925415039 15.529258728027344 15.234501854735441
1551.717 15.250795364379883 15.529258728027344 15.266762685476596
1551.732 15.254526138305664 15.529258728027344 15.29717450452913
1551.752 15.317549705505371 15.529258728027344 15.325416425725896
1551.767 15.354081153869629 15.529258728027344 15.351318755598578
1551.782 15.389857292175293 15.529258728027344 15.374824869152057
1551.802 15.406065940856934 15.529258728027344 15.395960746712035
1551.817 15.447487831115723 15.529258728027344 15.414810847407121
1551.832 15.444014549255371 15.529258728027344 15.431499194086665
1551.857 15.449186325073242 12.47964859008789 15.40513198071961
1551.867 15.461859703063965 12.47964859008789 15.335709207305953
1551.882 15.286927223205566 12.47964859008789 15.223230873845697
1551.902 15.018754959106445 12.47964859008789 15.067696980338841
1551.917 14.738860130310059 12.47964859008789 14.884340785062653
1551.932 14.477065086364746 12.47964859008789 14.6861385021074
1551.952 14.099520683288574 12.47964859008789 14.482802142746792
1551.967 13.81529712677002 12.47964859008789 14.281434594831829
1551.982 13.619974136352539 12.47964859008789 14.08707157200491
1552.007 13.495684623718262 12.47964859008789 13.903127432140375
1552.017 13.353391647338867 12.47964859008789 13.731759718218573
1552.032 13.304235458374023 10.650083541870117 13.52334406750157
1552.052 13.244296073913574 10.650083541870117 13.294166720197031
1552.067 13.103530883789062 10.650083541870117 13.05647619540071
1552.082 12.909734725952148 10.650083541870117 12.819287075460782
1552.102 12.52112102508545 10.650083541870117 12.589045883012766
1552.117 12.34719467163086 10.650083541870117 12.370179627844175
1552.132 12.119853973388672 10.650083541870117 12.165545029724367
1552.152 11.80942440032959 10.650083541870117 11.976794080597687
1552.167 11.623468399047852 10.650083541870117 11.804669495481784
1552.182 11.517525672912598 10.650083541870117 11.649241709968749
1552.202 11.29662036895752 10.650083541870117 11.51009740286119
1552.217 11.222790718078613 10.650083541870117 11.386488041748642
1552.232 11.165958404541016 10.650083541870117 11.277445652092014
1552.252 11.127269744873047 9.707723617553711 11.155695213386274
1552.272 11.077910423278809 9.707723617553711 11.028219296699938
1552.282 11.004753112792969 9.707723617553711 10.900181118933865
1552.302 10.84870433807373 9.707723617553711 10.775296603822333
1552.317 10.692418098449707 9.707723617553711 10.65614122823712
1552.332 10.562240600585938 9.707723617553711 10.54440160778372
1552.352 10.343391418457031 9.707723617553711 10.441080490401562
1552.367 10.199698448181152 9.707723617553711 10.346662664767154
1552.382 10.129523277282715 9.707723617553711 10.261248249072704
1552.402 10.046091079711914 9.707723617553711 10.18465889994118
1552.417 10.008312225341797 9.707723617553711 10.116521663858245
1552.432 9.972819328308105 9.707723617553711 10.056334476534964
1552.452 9.961966514587402 9.707723617553711 10.003516690527547
1552.467 9.971086502075195 9.707723617553711 9.957447469563068
1552.482 9.960116386413574 9.707723617553711 9.917494420828799
1552.502 9.945902824401855 9.707723617553711 9.883034435794185
1552.517 9.93041706085205 9.707723617553711 9.85346836823618
1552.532 9.90469741821289 9.380523681640625 9.819141999814077
1552.552 9.858625411987305 9.380523681640625 9.782357592843118
1552.567 9.777883529663086 9.380523681640625 9.744833380804241
1552.582 9.69905948638916 9.380523681640625 9.707821314476318
1552.602 9.655698776245117 9.380523681640625 9.672204398961135
1552.617 9.596650123596191 9.380523681640625 9.63857670037531
1552.632 9.542685508728027 9.380523681640625 9.607308710062059
1552.652 9.507367134094238 9.380523681640625 9.578600399353027
1552.667 9.496197700500488 9.380523681640625 9.552523978814293
1552.687 9.448881149291992 9.380523681640625 9.529058091282566
1552.702 9.447135925292969 9.380523681640625 9.508114915977826
1552.717 9.47315502166748 9.380523681640625 9.489561439328739
1552.732 9.484658241271973 9.380523681640625 9.473235954419346
1552.752 9.502409934997559 9.380523681640625 9.458960682629707
1552.767 9.469346046447754 9.380523681640625 9.446551265581114
1552.782 9.478323936462402 9.380523681640625 9.435823750467781
1552.802 9.476855278015137 9.380523681640625 9.426599584945208
1552.822 9.451837539672852 9.380523681640625 9.418709046787262
1552.832 9.451377868652344 9.380523681640625 9.411993456525952
1552.852 9.40186882019043 9.380523681640625 9.406306456433253
1552.867 9.36947250366211 9.380523681640625 9.401514584854134
1552.882 9.371429443359375 9.380523681640625 9.397497329587601
1552.902 9.360477447509766 9.380523681640625 9.39414680643602
1552.922 9.351945877075195 9.380523681640625 9.39136717805422
1552.932 9.37705135345459 9.380523681640625 9.389073902823208
1552.952 9.360668182373047 9.380523681640625 9.387192882772803
1552.967 9.391188621520996 9.380523681640625 9.385659562824813
1552.982 9.39616870880127 9.380523681640625 9.384418020170303
1553.002 9.391617774963379 9.089292526245117 9.375330316710995
1553.017 9.40189266204834 9.089292526245117 9.36087196769106
1553.032 9.392181396484375 9.089292526245117 9.342966276946704
1553.052 9.363669395446777 9.089292526245117 9.323087371701124
1553.067 9.300131797790527 9.089292526245117 9.302346521295467
1553.082 9.270090103149414 9.089292526245117 9.28156407833141
1553.102 9.187031745910645 9.089292526245117 9.261329117510334
1553.117 9.158049583435059 9.089292526245117 9.242048601187296
1553.132 9.143068313598633 9.089292526245117 9.223987673360808
1553.152 9.150711059570312 9.089292526245117 9.20730247643078
1553.167 9.158584594726562 9.089292526245117 9.192066697697065
1553.182 9.152316093444824 9.089292526245117 9.178292884769371
1553.202 9.178730010986328 9.089292526245117 9.165949419935624
1553.217 9.157886505126953 9.089292526245117 9.154973911940324
1553.232 9.187870025634766 9.089292526245117 9.145283648246258
1553.252 9.165472030639648 9.089292526245117 9.136783650301997
1553.267 9.157844543457031 9.089292526245117 9.129372787206142
1553.282 9.14317512512207 9.089292526245117 9.122948328065242
1553.302 9.140361785888672 9.089292526245117 9.117409248961122
1553.317 9.121756553649902 9.089292526245117 9.11265855552811
1553.332 9.118075370788574 9.089292526245117 9.108604835534646
1553.352 9.101042747497559 9.089292526245117 9.105163216507453
1553.367 9.07895565032959 9.089292526245117 9.102255870368884
1553.382 9.073655128479004 9.089292526245117 9.099812179415984
1553.402 9.08328628540039 9.089292526245117 9.097768654983957
1553.417 9.083148002624512 9.089292526245117 9.096068681126118
1553.432 9.08078670501709 9.089292526245117 9.094662140009016
1553.457 9.08627700805664 9.089292526245117 9.093504962942433
1553.467 9.089031219482422 9.089292526245117 9.092558640585795
1553.482 9.105683326721191 9.089292526245117 9.091789717503039
1553.502 9.110640525817871 10.244174003601074 9.123249333924567
1553.517 9.137273788452148 10.244174003601074 9.176932191522843
1553.532 9.242941856384277 10.244174003601074 9.245050514325008
1553.552 9.372817993164062 10.244174003601074 9.321622077812554
1553.572 9.498157501220703 10.244174003601074 9.402124808903192
1553.582 9.60693359375 10.244174003601074 9.483208689509963
1553.602 9.751556396484375 10.244174003601074 9.562456730342918
1553.617 9.846179008483887 10.244174003601074 9.638187751334566
1553.632 9.860199928283691 10.244174003601074 9.709294601800499
1553.652 9.8889799118042 10.244174003601074 9.775112272961252
1553.667 9.8889799118042 10.244174003601074 9.835311096864059
1553.682 9.915687561035156 10.244174003601074 9.889810890587757
1553.702 9.948801040649414 10.244174003601074 9.938712496117072
1553.717 9.955913543701172 10.244174003601074 9.982243688783411
1553.732 9.957566261291504 10.244174003601074 10.020716885721558
1553.752 9.981070518493652 10.244174003601074 10.054496485769489
1553.767 10.015265464782715 10.244174003601074 10.083974019127359
1553.782 10.071069717407227 10.244174003601074 10.109549584297795
1553.807 10.122086524963379 10.244174003601074 10.131618306551614
1553.817 10.148880958557129 10.24417495727539 10.150560797798084
1553.832 10.184453964233398 10.24417495727539 10.166736643168198
1553.852 10.173341751098633 10.24417495727539 10.180480396616211
1553.867 10.23613166809082 10.24417495727539 10.192099379920393
1553.882 10.235013008117676 10.24417495727539 10.201872861749665
1553.902 10.229690551757812 10.24417495727539 10.21005224858117
1553.917 10.244681358337402 10.24417495727539 10.21686199547437
1553.932 10.25948429107666 10.24417495727539 10.222501007443034
1553.952 10.235553741455078 10.24417495727539 10.227144353495392
1553.967 10.213055610656738 10.24417495727539 10.230945157140868
1553.982 10.219578742980957 10.24417495727539 10.234036560850475
1554.002 10.218730926513672 10.24417495727539 10.236533688948969
1554.017 10.18747615814209 10.24417495727539 10.238535554858307
1554.032 10.193979263305664 10.24417495727539 10.240126875480566
1554.052 10.222503662109375 10.24417495727539 10.241379768631255
1554.067 10.243696212768555 10.24417495727539 10.242355319507837
1554.082 10.237256050109863 10.24417495727539 10.24310500978712
1554.102 10.239899635314941 10.24417495727539 10.243672008576192
1554.117 10.267868041992188 12.219648361206055 10.287294567411864
1554.132 10.310829162597656 12.219648361206055 10.372233900470441
1554.152 10.44585132598877 12.219648361206055 10.484424161613829
1554.167 10.567625045776367 12.219648361206055 10.613027857680708
1554.182 10.878002166748047 12.219648361206055 10.749822189936843
1554.202 11.191787719726562 12.219648361206055 10.888686635048556
1554.217 11.41202449798584 12.219648361206055 11.025177314909609
1554.232 11.538853645324707 12.219648361206055 11.156175388206707
1554.257 11.596386909484863 12.219648361206055 11.279598257798543
1554.267 11.65896224975586 12.219648361206055 11.394163818111718
1554.287 11.675074577331543 12.219648361206055 11.49919926323209
1554.307 11.651926040649414 12.219648361206055 11.594487141047434
1554.322 11.632667541503906 12.219648361206055 11.680142376667254
1554.332 11.623488426208496 12.219648361206055 11.756514906507222
1554.352 11.659566879272461 12.219648361206055 11.824113371291961
1554.372 11.756601333618164 13.605778694152832 11.922049645297207
1554.382 11.792789459228516 13.605778694152832 12.039007563122714
1554.402 11.876078605651855 13.605778694152832 12.16634882734874
1554.422 12.248516082763672 13.605778694152832 12.297594231966459
1554.432 12.52080249786377 13.605778694152832 12.427991897743096
1554.452 12.873687744140625 13.605778694152832 12.554159859602317
1554.472 13.070381164550781 13.605778694152832 12.67379186774379
1554.482 13.17129898071289 13.605778694152832 12.785416664133567
1554.502 13.316550254821777 13.605778694152832 12.888202269774256
1554.517 13.34823989868164 13.605778694152832 12.981797966165322
1554.532 13.269790649414062 13.605778694152832 13.066207680336795
1554.552 13.24708366394043 13.605778694152832 13.14168939285952
1554.567 13.154650688171387 13.605778694152832 13.208675989877126
1554.582 13.048822402954102 13.605778694152832 13.267713681908127
1554.602 13.041239738464355 13.605778694152832 13.31941472275538
1554.617 13.075182914733887 13.605778694152832 13.364421690189356
1554.632 13.149433135986328 13.605778694152832 13.4033810447725
1554.652 13.311341285705566 13.605778694152832 13.436924072495053
1554.667 13.36730670928955 13.605778694152832 13.465653648513625
1554.682 13.516715049743652 13.605778694152832 13.490135540353936
1554.702 13.605430603027344 13.605778694152832 13.510893205973876
1554.717 13.705840110778809 13.605778694152832 13.52840524097466
1554.732 13.738554000854492 13.605778694152832 13.543104795278914
1554.752 13.709219932556152 13.605778694152832 13.555380417463397
1554.767 13.696938514709473 13.605778694152832 13.565577898790501
1554.782 13.655905723571777 13.605778694152832 13.57400278246745
1554.802 13.58964729309082 13.605778694152832 13.58092327995032
1554.817 13.53174114227295 13.605778694152832 13.586573397955087
1554.832 13.480138778686523 15.778499603271484 13.635279076006455
1554.857 13.532977104187012 15.778499603271484 13.727040314104425
1554.867 13.578953742980957 15.778499603271484 13.849787519583986
1554.882 13.712851524353027 15.778499603271484 13.991331689610167
1554.912 13.873315811157227 15.778499603271484 14.14241523437282
1554.917 14.454450607299805 15.778499603271484 14.296138565318927
1554.932 14.781355857849121 15.778499603271484 14.44748365001915
1554.962 14.84956169128418 15.778499603271484 14.592920294375888
1554.967 15.379152297973633 15.778499603271484 14.730082649364691
1554.982 15.579631805419922 15.778499603271484 14.857505031281631
1555.002 15.616198539733887 15.778499603271484 14.97440758832966
1555.017 15.519038200378418 15.778499603271484 15.080523644120369
1555.037 15.311800956726074 17.650089263916016 15.227950312752919
1555.052 15.205309867858887 17.650089263916016 15.400887734311388
1555.067 15.18511962890625 17.650089263916016 15.587304043989871
1555.082 15.379975318908691 17.650089263916016 15.778201991923986
1555.102 15.537726402282715 17.650089263916016 15.96700905921268
1555.117 16.072389602661133 17.650089263916016 16.149073020764643
1555.132 16.283918380737305 17.650089263916016 16.32124709051207
1555.152 16.926532745361328 17.650089263916016 16.481550791064983
1555.167 17.140316009521484 17.650089263916016 16.628894512835185
1555.182 17.37493324279785 17.650089263916016 16.762857368415414
1555.202 17.528629302978516 17.650089263916016 16.883509412602958
1555.217 17.514493942260742 19.52824592590332 17.04344161996471
1555.232 17.482032775878906 19.52824592590332 17.227082048575205
1555.252 17.409055709838867 19.52824592590332 17.422612245181245
1555.267 17.44633674621582 19.52824592590332 17.621232047091695
1555.287 17.628154754638672 19.52824592590332 17.81654884879609
1555.302 17.77678108215332 19.52824592590332 18.00407303312169
1555.317 17.979164123535156 19.52824592590332 18.180803502777472
1555.332 18.206520080566406 19.52824592590332 18.344889296854657
1555.352 18.533279418945312 19.52824592590332 18.4953551344209
1555.367 18.77846336364746 19.52824592590332 18.631880396320536
1555.382 18.965862274169922 21.554973602294922 18.81092054063331
1555.402 19.321216583251953 21.554973602294922 19.015456345519812
1555.422 19.606367111206055 21.554973602294922 19.23258248937903
1555.432 19.67615509033203 21.554973602294922 19.452700426913005
1555.452 19.898109436035156 21.554973602294922 19.66884809541151
1555.467 20.08977508544922 21.554973602294922 19.87614630196425
1555.482 20.25381088256836 21.554973602294922 20.071344110137307
1555.502 20.436553955078125 21.554973602294922 20.252447804413347
1555.517 20.540212631225586 21.554973602294922 20.418420058572387
1555.532 20.644079208374023 18.720569610595703 20.541336752684828
1555.552 20.69070816040039 18.720569610595703 20.621197886750668
1555.572 20.6893367767334 18.720569610595703 20.65800346076991
1555.582 20.647003173828125 18.720569610595703 20.65175347474255
1555.607 20.54400062561035 18.720569610595703 20.60244792866859
1555.617 20.412696838378906 18.720569610595703 20.51483788486728
1555.632 20.219623565673828 18.720569610595703 20.402209897509056
1555.652 19.92375946044922 18.720569610595703 20.274780939835463
1555.667 19.765342712402344 18.720569610595703 20.14028431395916
1555.682 19.66814613342285 14.79170036315918 19.962732128036258
1555.702 19.39128875732422 14.79170036315918 19.742124382066756
1555.717 19.209247589111328 14.79170036315918 19.478461076050653
1555.732 19.07219696044922 14.79170036315918 19.17174220998795
1555.752 18.45427131652832 14.79170036315918 18.830259185405875
1555.767 18.075101852416992 14.79170036315918 18.48359250065913
1555.792 17.878816604614258 14.79170036315918 18.136925815912388
1555.802 17.40245819091797 14.79170036315918 17.790259131165644
1555.817 17.29339599609375 14.79170036315918 17.45632402312401
1555.832 16.720746994018555 14.79170036315918 17.142986535686877
1555.852 16.306453704833984 11.701061248779297 16.796319850940133
1555.867 16.063520431518555 11.701061248779297 16.44965316619339
1555.882 15.845385551452637 11.701061248779297 16.102986481446646
1555.902 15.3893404006958 11.701061248779297 15.756319796699904
1555.917 15.113198280334473 11.701061248779297 15.409653111953162
1555.932 14.815878868103027 11.701061248779297 15.06298642720642
1555.952 14.425790786743164 11.701061248779297 14.716319742459678
1555.967 14.212265014648438 11.701061248779297 14.369653057712936
1555.982 13.968128204345703 11.701061248779297 14.040367918019177
1556.007 13.5928373336792 11.701061248779297 13.739399491847585
1556.017 13.462883949279785 11.701061248779297 13.467084944880808
1556.032 13.279298782348633 11.701061248779297 13.222869971347713
1556.052 13.086498260498047 9.916250228881836 12.955998685941832
1556.067 12.837967872619629 9.916250228881836 12.680303469396437
1556.082 12.513686180114746 9.916250228881836 12.405942636923186
1556.102 12.03502368927002 9.916250228881836 12.140159248045567
1556.117 11.593769073486328 9.916250228881836 11.887905899634763
1556.132 11.3681058883667 9.916250228881836 11.65235611821199
1556.152 11.10933780670166 9.916250228881836 11.435320276383605
1556.167 10.910591125488281 9.916250228881836 11.237581531670589
1556.182 10.810375213623047 9.916250228881836 11.059165116420067
1556.202 10.714622497558594 9.916250228881836 10.899552382383828
1556.217 10.676937103271484 9.916250228881836 10.757849307125662
1556.232 10.64042854309082 9.916250228881836 10.632917684005992
1556.252 10.603864669799805 9.916250228881836 10.523475924564163
1556.267 10.525647163391113 9.916250228881836 10.428175283053047
1556.282 10.493045806884766 9.916250228881836 10.345656349501416
1556.302 10.427945137023926 9.916250228881836 10.274589832636291
1556.317 10.331158638000488 9.916250228881836 10.213704951012762
1556.332 10.259906768798828 9.916250228881836 10.161808154716764
1556.352 10.124353408813477 9.916250228881836 10.117794397264605
1556.367 10.058177947998047 9.916250228881836 10.080652755368574
1556.382 10.024857521057129 9.916250228881836 10.049467841902057
1556.402 9.959091186523438 9.916250228881836 10.023418164741987
1556.417 9.934961318969727 9.916250228881836 10.001772342411131
1556.432 9.937564849853516 9.916250228881836 9.98388388888138
1556.452 9.943761825561523 9.916250228881836 9.969185117809
1556.467 9.953866958618164 9.916250228881836 9.957180585022977
1556.482 9.955341339111328 9.916250228881836 9.947440382247871
1556.502 9.95663070678711 9.916250228881836 9.93959351049688
1556.517 9.96463394165039 9.916250228881836 9.933321494634349
1556.532 9.973357200622559 9.916250228881836 9.928352348149627
1556.552 9.970855712890625 9.916250228881836 9.924454956560945
1556.567 9.96571159362793 9.916250228881836 9.921433916854012
1556.582 9.940396308898926 9.916250228881836 9.919124847094437
1556.602 9.910255432128906 9.916250228881836 9.91739016328663
1556.617 9.900753021240234 9.916250228881836 9.91611530840212
1556.632 9.897144317626953 12.951306343078613 9.95789601356421
1556.652 9.97033405303955 12.951306343078613 10.042732278772899
1556.667 10.081670761108398 12.951306343078613 10.170624104028189
1556.682 10.300322532653809 12.951306343078613 10.339521091601798
1556.702 10.67241096496582 12.951306343078613 10.53311352808674
1556.722 10.950285911560059 12.951306343078613 10.739026801018822
1556.732 11.28018856048584 12.951306343078613 10.948050192822329
1556.752 11.625947952270508 12.951306343078613 11.15349629717089
1556.767 11.805267333984375 12.951306343078613 11.350671842069094
1556.782 11.972323417663574 12.951306343078613 11.536443053776056
1556.802 12.059638977050781 12.951306343078613 11.708880848223249
1556.817 12.09771728515625 12.951306343078613 11.866973087930361
1556.832 12.115814208984375 12.951306343078613 12.01039289539136
1556.852 12.137197494506836 12.951306343078613 12.139313576003325
1556.867 12.146025657653809 12.951306343078613 12.254262085530527
1556.882 12.204977989196777 12.951306343078613 12.356004191500194
1556.902 12.293492317199707 12.951306343078613 12.445455538543715
1556.917 12.361468315124512 15.5440034866333 12.577962445633837
1556.932 12.505610466003418 15.5440034866333 12.753524912770558
1556.952 12.873544692993164 15.5440034866333 12.9568579800946
1556.967 12.968732833862305 15.5440034866333 13.17444516912771
1556.982 13.521008491516113 15.5440034866333 13.396203722626982
1557.002 13.930212020874023 15.5440034866333 13.614791793470074
