5046.047 32.05532455444336 24.89288330078125 29.18227596757619
5046.062 31.66094207763672 22.140626907348633 28.835609282829445
5046.077 31.275392532348633 22.140626907348633 28.4889425980827
5046.097 30.719823837280273 22.140626907348633 28.142275913335958
5046.112 30.1851806640625 22.140626907348633 27.795609228589214
5046.127 29.912046432495117 22.140626907348633 27.44894254384247
5046.147 29.38799476623535 22.140626907348633 27.102275859095727
5046.162 29.107221603393555 19.60661506652832 26.755609174348983
5046.177 28.447362899780273 19.60661506652832 26.40894248960224
5046.197 28.037166595458984 19.60661506652832 26.062275804855496
5046.212 27.6484432220459 19.60661506652832 25.715609120108752
5046.227 27.25595474243164 19.60661506652832 25.36894243536201
5046.247 26.71240234375 19.60661506652832 25.022275750615265
5046.262 26.286725997924805 17.62635612487793 24.67560906586852
5046.277 25.898164749145508 17.62635612487793 24.328942381121777
5046.297 25.373046875 17.62635612487793 23.982275696375034
5046.312 24.953216552734375 17.62635612487793 23.63560901162829
5046.327 24.684402465820312 17.62635612487793 23.288942326881546
5046.347 24.002546310424805 17.62635612487793 22.942275642134803
5046.362 23.591617584228516 17.62635612487793 22.59560895738806
5046.377 23.07225227355957 16.162445068359375 22.248942272641315
5046.397 22.655399322509766 16.162445068359375 21.90227558789457
5046.412 22.24103355407715 16.162445068359375 21.555608903147828
5046.427 21.82594108581543 16.162445068359375 21.208942218401084
5046.447 21.436246871948242 16.162445068359375 20.86227553365434
5046.462 20.890268325805664 16.162445068359375 20.515608848907597
5046.477 20.74604034423828 16.162445068359375 20.168942164160853
5046.497 19.953964233398438 16.162445068359375 19.82227547941411
5046.512 19.423439025878906 14.961148262023926 19.475608794667366
5046.527 19.11858367919922 14.961148262023926 19.128942109920622
5046.547 18.583173751831055 14.961148262023926 18.78227542517388
5046.562 18.319530487060547 14.961148262023926 18.435608740427135
5046.577 17.798858642578125 14.961148262023926 18.08894205568039
5046.602 16.968217849731445 14.961148262023926 17.742275370933648
5046.612 16.841333389282227 14.961148262023926 17.39621026148905
5046.627 16.460227966308594 14.961148262023926 17.080556320015834
5046.647 15.920330047607422 14.961148262023926 16.795465214428237
5046.662 15.395026206970215 14.58132553100586 16.529646039792826
5046.677 15.11771297454834 14.58132553100586 16.285022282120657
5046.697 14.73923397064209 14.58132553100586 16.06238367804751
5046.712 14.19477367401123 14.58132553100586 15.861685506709236
5046.727 13.825977325439453 14.58132553100586 15.682286261625427
5046.747 13.29659366607666 14.58132553100586 15.52313455959249
5046.762 12.90231990814209 14.58132553100586 15.382914477519975
5046.777 12.526420593261719 14.58132553100586 15.260157058825415
5046.797 12.016334533691406 14.58132553100586 15.153324477279764
5046.812 11.648019790649414 14.58132553100586 15.060872267474654
5046.827 11.15101432800293 14.58132553100586 14.981294107744672
5046.847 10.627925872802734 14.58132553100586 14.913152855045812
5046.862 10.385580062866211 14.58132553100586 14.855100864989321
5046.877 9.882508277893066 14.167482376098633 14.794396424067367
5046.897 9.514583587646484 14.167482376098633 14.733477294710301
5046.912 9.178431510925293 14.167482376098633 14.674096503525451
5046.927 8.832772254943848 14.167482376098633 14.617467654601812
5046.947 8.883705139160156 14.167482376098633 14.564384054669999
5046.967 9.298094749450684 14.167482376098633 14.51531576105963
5046.977 9.481109619140625 14.167482376098633 14.47048811188498
5046.997 9.921677589416504 14.167482376098633 14.42994480376689
5047.012 10.25610637664795 14.167482376098633 14.39359814313011
5047.027 10.561399459838867 14.167482376098633 14.361268709360367
5047.047 10.996903419494629 14.167482376098633 14.332716328039915
5047.062 11.333074569702148 14.167482376098633 14.307663956038384
5047.077 11.765259742736816 14.167482376098633 14.285815823291879
5047.102 12.289128303527832 14.167482376098633 14.266870954603721
5047.112 12.375941276550293 14.167482376098633 14.250533004855154
5047.127 12.704292297363281 14.167482376098633 14.236517178959568
5047.147 13.125986099243164 14.167482376098633 14.224554870328681
5047.162 13.453014373779297 13.986425399780273 14.209367174448111
5047.177 13.663169860839844 13.986425399780273 14.192289831571395
5047.197 14.195320129394531 13.986425399780273 14.174332612393643
5047.212 14.404540061950684 13.986425399780273 14.156243626909008
5047.227 14.817170143127441 13.986425399780273 14.138562680777815
5047.247 15.23809814453125 13.986425399780273 14.121665300287656
5047.262 15.641048431396484 13.986425399780273 14.105798846891235
5047.277 15.872661590576172 13.986425399780273 14.091111959425964
5047.297 16.29558563232422 13.986425399780273 14.077678396666066
5047.312 16.498865127563477 13.986425399780273 14.06551620448653
5047.327 16.911184310913086 13.986425399780273 14.054602999911024
5047.347 17.30974769592285 13.986425399780273 14.044888047703115
5047.362 17.615314483642578 13.986425399780273 14.03630170281931
5047.377 17.92811393737793 13.986425399780273 14.028762702772754
5047.397 18.347164154052734 13.986425399780273 14.022183716533887
5047.412 18.613544464111328 13.986425399780273 14.016475489813152
5047.427 18.721357345581055 13.986425399780273 14.011549869270771
5047.452 18.089223861694336 13.986425399780273 14.007321939285097
5047.462 17.9632568359375 13.986425399780273 14.003711463366603
5047.477 17.6044921875 13.986425399780273 14.000643787195328
5047.497 17.062158584594727 13.986425399780273 13.998050330737408
5047.512 16.680095672607422 14.366189002990723 14.006417762276811
5047.527 16.17499542236328 14.366189002990723 14.022408068040876
5047.547 15.794486045837402 14.366189002990723 14.043417258346862
5047.562 15.422454833984375 14.366189002990723 14.067439727153243
5047.577 14.924529075622559 14.366189002990723 14.092954421303933
5047.602 14.537762641906738 14.366189002990723 14.11882980201788
5047.612 14.141887664794922 14.366189002990723 14.144244914113138
5047.627 13.65361213684082 14.366189002990723 14.168624191628851
5047.647 13.151134490966797 14.366189002990723 14.19158391882068
5047.662 12.908967018127441 14.366189002990723 14.212888531368403
5047.677 12.527935028076172 14.366189002990723 14.23241518359092
5047.697 12.041739463806152 14.366189002990723 14.25012522387722
5047.712 11.786128044128418 14.366189002990723 14.266041413354587
5047.727 11.301535606384277 14.275613784790039 14.27771391481245
5047.747 10.800076484680176 14.275613784790039 14.286020870400282
5047.762 10.500499725341797 14.275613784790039 14.29168510270726
5047.777 10.533256530761719 14.275613784790039 14.295298043565962
5047.797 11.050938606262207 14.275613784790039 14.29734053277161
5047.812 11.366543769836426 14.275613784790039 14.298200795831924
5047.827 11.8067626953125 14.275613784790039 14.298189900640274
5047.847 12.116144180297852 14.275613784790039 14.297554978025167
5047.862 12.435940742492676 14.275613784790039 14.29649047250695
5047.877 12.77108097076416 14.275613784790039 14.295147668848665
5047.897 13.183640480041504 14.275613784790039 14.293642718299623
5047.912 13.616158485412598 14.275613784790039 14.292063366667543
5047.927 13.830653190612793 14.275613784790039 14.290474565143631
5047.947 14.226887702941895 14.275613784790039 14.288923124577646
5047.962 14.55293083190918 14.275613784790039 14.287441554940065
5047.977 14.871504783630371 14.275613784790039 14.286051214183253
5047.997 15.378026008605957 14.275613784790039 14.284764874703585
5048.012 15.574085235595703 14.275613784790039 14.28358880112694
5048.027 15.897239685058594 14.275613784790039 14.282524420159703
5048.047 16.312509536743164 14.275613784790039 14.281569651701952
5048.062 16.608545303344727 14.275613784790039 14.280719960223196
5048.077 16.913652420043945 14.275613784790039 14.279969176454706
5048.097 17.319974899291992 14.275613784790039 14.279310131650634
5048.112 17.296720504760742 14.275613784790039 14.278735139905061
5048.127 17.044475555419922 14.275613784790039 14.278236358178102
5048.147 16.559066772460938 14.275613784790039 14.277806048679441
5048.162 16.163667678833008 13.953975677490234 14.268502371184889
5048.177 15.792024612426758 13.953975677490234 14.253097882270652
5048.197 15.289755821228027 13.953975677490234 14.233749047776934
5048.212 15.046692848205566 13.953975677490234 14.212110900023761
5048.227 14.543174743652344 13.953975677490234 14.189433137524313
5048.247 14.036705017089844 13.953975677490234 14.166640255718312
5048.262 13.8096923828125 13.953975677490234 14.144398007416079
5048.277 13.167543411254883 13.953975677490234 14.123168220078473
5048.297 12.659086227416992 13.953975677490234 14.103253746127
5048.312 12.4303560256958 13.953975677490234 14.084835093305841
5048.327 12.05003833770752 13.953975677490234 14.068000074904369
5048.347 11.657970428466797 13.953975677490234 14.05276763392909
5048.367 11.636348724365234 13.953975677490234 14.039106830156795
5048.377 11.807443618774414 13.84626293182373 14.023959812142731
5048.397 12.243352890014648 13.84626293182373 14.008168424488305
5048.412 12.350641250610352 13.84626293182373 13.992353888303965
5048.427 12.877997398376465 13.84626293182373 13.976962055057804
5048.447 13.285710334777832 13.84626293182373 13.962300709879193
5048.462 13.70872974395752 13.84626293182373 13.948570140768974
5048.477 14.041049003601074 13.84626293182373 13.935888032564637
5048.497 14.470050811767578 13.84626293182373 13.924309602147558
5048.512 14.65150260925293 13.84626293182373 13.913843763895724
5048.527 14.98257064819336 13.84626293182373 13.904466001105417
5048.547 15.480096817016602 13.84626293182373 13.896128519151143
5048.562 15.69847297668457 13.84626293182373 13.88876816852576
5048.577 15.695218086242676 13.84626293182373 13.882312549543673
5048.597 15.341678619384766 14.19424057006836 13.8863506908425
5048.612 15.004237174987793 14.19424057006836 13.897797189584244
5048.627 14.644489288330078 14.19424057006836 13.914235052719059
5048.647 14.001408576965332 14.19424057006836 13.93379345290489
5048.662 13.769034385681152 14.19424057006836 13.95504494898045
5048.677 13.260221481323242 14.19424057006836 13.976919511021624
5048.697 13.11626148223877 14.19424057006836 13.998632976875532
5048.712 13.048234939575195 14.19424057006836 14.019627838572093
5048.727 13.20044231414795 14.19424057006836 14.03952450996966
5048.747 13.518888473510742 14.19424057006836 14.058081459628259
5048.762 13.591876983642578 14.19424057006836 14.075162804516111
5048.777 13.950791358947754 14.19424057006836 14.090712150821467
5048.797 14.297969818115234 14.19424057006836 14.104731638500693
5048.817 14.52376937866211 14.19424057006836 14.117265297266533
5048.827 14.692548751831055 14.19424057006836 14.12838595477548
5048.847 14.69812297821045 14.19424057006836 14.138185054219285
5048.862 14.671951293945312 14.19424057006836 14.146764839834104
5048.877 14.458858489990234 14.19424057006836 14.15423245648645
5048.897 14.321470260620117 14.19424057006836 14.160695584914592
5048.912 14.100489616394043 14.19424057006836 14.166259298766276
5048.927 13.937426567077637 14.19424057006836 14.171023884561677
5048.947 13.87700080871582 14.19424057006836 14.17508341230932
5048.962 13.833624839782715 14.19424057006836 14.178524883795067
5048.977 13.873135566711426 14.453566551208496 14.18863131875629
5048.997 13.973427772521973 14.453566551208496 14.203233576442688
5049.012 14.138026237487793 14.453566551208496 14.220652222037652
5049.027 14.202449798583984 14.453566551208496 14.239605427608472
5049.047 14.353548049926758 14.453566551208496 14.259131923151875
5049.062 14.455497741699219 14.453566551208496 14.27852687378993
5049.077 14.492024421691895 14.453566551208496 14.297288801896066
5049.097 14.499045372009277 14.453566551208496 14.315075899139703
5049.112 14.504578590393066 14.453566551208496 14.331670281526874
5049.127 14.472259521484375 14.453566551208496 14.346948929836808
5049.147 14.415250778198242 14.453566551208496 14.360860228469065
5049.162 14.392398834228516 14.453566551208496 14.373405168183545
5049.177 14.34274673461914 15.068183898925781 14.401695119327249
5049.197 14.360949516296387 15.068183898925781 14.440483163037717
5049.212 14.362735748291016 15.068183898925781 14.485717393828226
5049.227 14.42634105682373 15.068183898925781 14.53431488538893
5049.247 14.550710678100586 15.068183898925781 14.583972783323302
5049.262 14.66608715057373 15.068183898925781 14.63301125294552
5049.277 14.77620792388916 15.068183898925781 14.680243619099366
5049.297 14.838478088378906 15.068183898925781 14.724869600819774
5049.312 14.877005577087402 15.068183898925781 14.766388063002088
5049.327 14.915733337402344 15.068183898925781 14.80452617882488
5049.347 14.932174682617188 15.068183898925781 14.839182320923273
5049.362 14.912209510803223 15.712013244628906 14.888264528213591
5049.377 14.938931465148926 15.712013244628906 14.946322020555783
5049.397 15.009236335754395 15.712013244628906 15.00919909209702
5049.412 15.041220664978027 15.712013244628906 15.073783609823582
5049.427 15.146103858947754 15.712013244628906 15.13779778272264
5049.447 15.24067497253418 15.712013244628906 15.19962503684885
5049.462 15.314372062683105 15.712013244628906 15.2581675753153
5049.477 15.400545120239258 15.712013244628906 15.312729885813768
5049.497 15.453447341918945 15.712013244628906 15.362924079766504
5049.512 15.488090515136719 15.712013244628906 15.40859350694856
5049.527 15.511724472045898 15.712013244628906 15.449751589346661
5049.547 15.531909942626953 16.926774978637695 15.520276646217013
5049.562 15.555856704711914 16.926774978637695 15.60988900479667
5049.577 15.674738883972168 16.926774978637695 15.710691363543528
5049.597 15.838944435119629 16.926774978637695 15.816713156432042
5049.612 15.980825424194336 16.926774978637695 15.923530493601966
5049.627 16.14712142944336 16.926774978637695 16.02795082226426
5049.647 16.283538818359375 16.926774978637695 16.12775272987722
5049.662 16.394323348999023 16.926774978637695 16.221472493639098
5049.677 16.4569149017334 16.926774978637695 16.3082300606882
5049.697 16.498815536499023 16.926774978637695 16.38758812085995
5049.712 16.58991813659668 16.926774978637695 16.45943881042201
5049.727 16.578535079956055 18.446712493896484 16.566133856067623
5049.747 16.65582275390625 18.446712493896484 16.694836938147805
5049.762 16.77332878112793 18.446712493896484 16.835737360027967
5049.777 16.965824127197266 18.446712493896484 16.98146530756851
5049.797 17.286479949951172 18.446712493896484 17.126604982795953
5049.812 17.377378463745117 18.446712493896484 17.26729140480863
5049.827 17.594131469726562 18.446712493896484 17.400878372175214
5049.847 17.701828002929688 18.446712493896484 17.52566664766976
5049.862 17.825674057006836 18.446712493896484 17.640682852771835
5049.877 17.90415382385254 18.446712493896484 17.74550084598429
5049.897 17.930068969726562 18.446712493896484 17.840098509600274
5049.912 17.969161987304688 20.28995704650879 17.9759451335841
5049.927 18.071685791015625 20.28995704650879 18.13757999416219
5049.947 18.31730079650879 20.28995704650879 18.313206566211818
5049.962 18.600879669189453 20.28995704650879 18.493982014876824
5049.977 18.734024047851562 20.28995704650879 18.67342595094228
5049.997 19.011024475097656 20.28995704650879 18.84693108203155
5050.012 19.205638885498047 20.28995704650879 19.01136048216488
5050.027 19.386516571044922 20.28995704650879 19.164718124767102
5050.047 19.530353546142578 20.28995704650879 19.305881073007903
5050.062 19.647602081298828 22.374723434448242 19.490099581295304
5050.077 19.780113220214844 22.374723434448242 19.702251291569155
5050.097 20.017696380615234 22.374723434448242 19.92852869250933
5050.112 20.1353702545166 22.374723434448242 20.158644020869897
5050.127 20.453100204467773 22.374723434448242 20.38511777070382
5050.147 20.82467269897461 22.374723434448242 20.602690784495877
5050.162 21.06100845336914 22.374723434448242 20.807841242131495
5050.177 21.230388641357422 22.374723434448242 20.998390243620943
5050.197 21.422412872314453 22.374723434448242 21.17318184005014
5050.212 21.513940811157227 24.52701187133789 21.39102899652594
5050.227 21.649930953979492 24.52701187133789 21.634263433278928
5050.247 21.944265365600586 24.52701187133789 21.88893557435197
5050.262 22.240802764892578 24.52701187133789 22.14473050980655
5050.277 22.606290817260742 24.52701187133789 22.394224698936416
5050.297 22.845083236694336 24.52701187133789 22.63227295842795
5050.312 23.048994064331055 24.52701187133789 22.855505849505544
5050.327 23.269529342651367 24.52701187133789 23.061920145817556
5050.347 23.46567726135254 26.502826690673828 23.305431135784616
5050.362 23.6462345123291 26.502826690673828 23.568763894118305
5050.377 23.89756202697754 26.502826690673828 23.838987453216244
5050.397 24.279630661010742 26.502826690673828 24.106643208668835
5050.412 24.56055450439453 26.502826690673828 24.36502382200878
5050.427 24.80510711669922 26.502826690673828 24.609580010296966
5050.447 25.126516342163086 26.502826690673828 24.83743546600797
5050.462 25.32838249206543 28.24410057067871 25.095361468678664
5050.477 25.465158462524414 28.24410057067871 25.367673417626825
5050.497 25.798532485961914 28.24410057067871 25.642731072934797
5050.512 26.04667854309082 28.24410057067871 25.91211599320454
5050.527 26.282468795776367 28.24410057067871 26.169952538214915
5050.547 26.62053108215332 28.24410057067871 26.412350620796033
5050.562 26.830577850341797 28.24410057067871 26.63695119142362
5050.577 27.01022720336914 28.24410057067871 26.842557973357078
5050.597 27.221309661865234 29.785579681396484 27.071660108899486
5050.612 27.386465072631836 29.785579681396484 27.311236631974467
5050.627 27.58010482788086 29.785579681396484 27.551664895180096
5050.647 27.892852783203125 29.785579681396484 27.78602500856999
5050.662 28.115365982055664 29.785579681396484 28.00952627751951
5050.677 28.402034759521484 29.785579681396484 28.219037005551037
5050.697 28.582286834716797 31.17690086364746 28.451349251061743
5050.712 28.769447326660156 31.17690086364746 28.693549465158288
5050.727 29.109304428100586 31.17690086364746 28.93610827216857
5050.752 29.26077651977539 31.17690086364746 29.17218632541976
5050.762 29.401275634765625 31.17690086364746 29.397062114187246
5050.777 29.816543579101562 31.17690086364746 29.607663063234067
5050.797 30.076677322387695 32.45048904418945 29.837561136869056
5050.812 30.2803897857666 32.45048904418945 30.074902757906653
5050.827 30.492015838623047 32.45048904418945 30.310986097645173
5050.847 30.7661190032959 32.45048904418945 30.53960979790562
5050.862 30.949308395385742 32.45048904418945 30.756536764314017
5050.877 31.13331413269043 32.45048904418945 30.95905532193919
5050.897 31.31320571899414 33.29999923706055 31.169219845225193
5050.912 31.462732315063477 33.29999923706055 31.37902607308826
5050.927 31.605257034301758 33.29999923706055 31.582747571188303
5050.947 31.839298248291016 33.29999923706055 31.776449415288376
5050.962 32.08039474487305 33.29999923706055 31.9575899001614
5050.977 32.16666793823242 33.29999923706055 32.12469639711378
5050.997 32.37211608886719 33.29999923706055 32.27710335530867
5051.012 32.48880386352539 33.29999923706055 32.41474211721979
5051.027 32.60867691040039 33.29999923706055 32.53797370600499
5051.047 32.699703216552734 33.29999923706055 32.64745705421731
5051.062 32.78792190551758 33.29999923706055 32.74404629245466
5051.077 32.84156036376953 33.29999923706055 32.828711717391805
5051.097 32.87142562866211 33.29999923706055 32.90247992536865
5051.112 32.94091796875 33.29999923706055 32.96638934424967
5051.127 33.02122497558594 33.29999923706055 33.02145803593693
5051.147 33.06968688964844 33.29999923706055 33.06866118722621
5051.162 33.113651275634766 33.29999923706055 33.108916169229474
5051.177 33.12417221069336 33.29999923706055 33.143073435952594
5051.197 33.160884857177734 33.29999923706055 33.17191186041821
5051.212 33.145816802978516 33.29999923706055 33.1961373805814
5051.227 33.18843078613281 33.29999923706055 33.21638405487683
5051.247 33.22189712524414 33.29999923706055 33.23321681534786
5051.262 33.24721908569336 32.955631256103516 33.23756958265339
5051.277 33.241146087646484 32.955631256103516 33.23285744482586
5051.297 33.223628997802734 32.955631256103516 33.221779684518005
5051.312 33.20201873779297 32.955631256103516 33.20644761045618
5051.327 33.18952560424805 32.955631256103516 33.188492502590805
5051.347 33.128421783447266 30.908309936523438 33.127481834678825
5051.362 33.05709457397461 30.908309936523438 33.02341560672025
5051.377 32.902400970458984 30.908309936523438 32.89008187014273
5051.397 32.618167877197266 30.908309936523438 32.739476801445385
5051.412 32.33189392089844 30.908309936523438 32.5806774195509
5051.427 32.139522552490234 30.908309936523438 32.420416541054514
5051.447 31.989704132080078 28.714641571044922 32.21710010251153
5051.462 31.715856552124023 28.714641571044922 31.97409946631564
5051.477 31.4735050201416 28.714641571044922 31.709408507431103
5051.497 31.208127975463867 28.714641571044922 31.4365253450095
5051.512 30.923995971679688 28.714641571044922 31.1653511921431
5051.527 30.663293838500977 28.714641571044922 30.902934445575784
5051.547 30.35204315185547 26.33890151977539 30.59746213896187
5051.562 30.081382751464844 26.33890151977539 30.26024696086394
5051.577 29.7716007232666 26.33890151977539 29.913580276117198
5051.597 29.296449661254883 26.33890151977539 29.566913591370454
5051.612 28.92841148376465 26.33890151977539 29.226013405298655
5051.627 28.591711044311523 26.33890151977539 28.901504049577106
5051.647 28.211917877197266 23.727092742919922 28.554837364830362
5051.662 27.918729782104492 23.727092742919922 28.20817068008362
5051.677 27.597537994384766 23.727092742919922 27.861503995336875
5051.697 27.099000930786133 23.727092742919922 27.51483731059013
5051.712 26.77291488647461 23.727092742919922 27.168170625843388
5051.727 26.467599868774414 23.727092742919922 26.821503941096644
5051.747 26.142547607421875 20.863107681274414 26.4748372563499
5051.762 25.807357788085938 20.863107681274414 26.128170571603157
5051.777 25.60204315185547 20.863107681274414 25.781503886856413
5051.797 25.109716415405273 20.863107681274414 25.43483720210967
5051.812 24.745759963989258 20.863107681274414 25.088170517362926
5051.827 24.437971115112305 20.863107681274414 24.741503832616182
5051.847 24.06266975402832 20.863107681274414 24.39483714786944
5051.862 23.765413284301758 18.336048126220703 24.048170463122695
5051.877 23.56255531311035 18.336048126220703 23.70150377837595
5051.897 23.116601943969727 18.336048126220703 23.354837093629207
5051.912 22.64295768737793 18.336048126220703 23.008170408882464
5051.927 22.435237884521484 18.336048126220703 22.66150372413572
5051.947 22.026512145996094 18.336048126220703 22.314837039388976
5051.962 21.771303176879883 18.336048126220703 21.968170354642233
5051.977 21.526601791381836 18.336048126220703 21.62150366989549
5051.997 21.181074142456055 16.45696449279785 21.274836985148745
5052.012 20.918907165527344 16.45696449279785 20.928170300402
5052.027 20.57925796508789 16.45696449279785 20.581503615655258
5052.047 20.06934356689453 16.45696449279785 20.234836930908514
5052.062 19.705724716186523 16.45696449279785 19.88817024616177
5052.077 19.304533004760742 16.45696449279785 19.541503561415027
5052.097 18.9401912689209 16.45696449279785 19.194836876668283
5052.112 18.810653686523438 16.45696449279785 18.854650007274397
5052.127 18.545291900634766 16.45696449279785 18.544247040219755
5052.147 18.232458114624023 15.166143417358398 18.227955363550052
5052.162 17.950416564941406 15.166143417358398 17.916229325900503
5052.177 17.625064849853516 15.166143417358398 17.61643438698585
5052.197 17.241653442382812 15.166143417358398 17.333517706715618
5052.212 16.930349349975586 15.166143417358398 17.07055590905172
5052.227 16.664806365966797 15.166143417358398 16.829199605435623
5052.247 16.35538673400879 15.166143417358398 16.61003158136762
5052.262 16.173898696899414 15.166143417358398 16.412853158618123
5052.277 16.019926071166992 15.166143417358398 16.236911128802973
5052.297 15.942087173461914 15.166143417358398 16.081075792726054
5052.312 15.878173828125 14.09099292755127 15.914113718819355
5052.327 15.793695449829102 14.09099292755127 15.743815318835795
5052.347 15.616352081298828 14.09099292755127 15.575856396817203
5052.362 15.473496437072754 14.09099292755127 15.414239626737213
5052.377 15.297823905944824 14.09099292755127 15.26165742064556
5052.397 15.064404487609863 14.09099292755127 15.119788380334466
5052.412 14.909321784973145 14.09099292755127 14.989537915760831
5052.427 14.794726371765137 14.09099292755127 14.871232165798459
5052.447 14.639833450317383 14.09099292755127 14.764773065639393
5052.462 14.574068069458008 14.09099292755127 14.669761261866071
5052.477 14.484671592712402 14.09099292755127 14.585592570713484
5052.497 14.42666244506836 13.774555206298828 14.502742858603098
5052.512 14.408164024353027 13.774555206298828 14.423139795918807
5052.527 14.3320894241333 13.774555206298828 14.348074695024899
5052.547 14.273326873779297 13.774555206298828 14.278346941922699
5052.562 14.232975959777832 13.774555206298828 14.214381170225003
5052.577 14.193694114685059 13.774555206298828 14.156321645625665
5052.597 14.125176429748535 13.774555206298828 14.104107696099968
5052.612 14.081374168395996 13.774555206298828 14.05753346292878
5052.627 14.012873649597168 13.774555206298828 14.01629475522913
5052.647 13.961468696594238 13.774555206298828 13.980025360483051
5052.662 13.931449890136719 13.774555206298828 13.94832478990608
5052.677 13.913822174072266 13.774555206298828 13.920779114746221
5052.697 13.867827415466309 13.489914894104004 13.889069596133563
5052.712 13.845148086547852 13.489914894104004 13.855256809827933
5052.727 13.812018394470215 13.489914894104004 13.820875925868771
5052.747 13.75190544128418 13.489914894104004 13.787042929920341
5052.762 13.727887153625488 13.489914894104004 13.754542392579216
5052.777 13.676603317260742 13.489914894104004 13.723899576685058
5052.797 13.693323135375977 13.489914894104004 13.695439317219622
5052.812 13.643409729003906 13.489914894104004 13.669333786007908
5052.827 13.62424373626709 13.489914894104004 13.645640963730308
5052.852 13.584189414978027 13.489914894104004 13.62433538350731
5052.862 13.590998649597168 13.489914894104004 13.605332481789425
5052.877 13.565381050109863 13.489914894104004 13.58850769140229
5052.897 13.561539649963379 13.417671203613281 13.571704466717668
5052.912 13.568754196166992 13.417671203613281 13.555383453742786
5052.927 13.557275772094727 13.417671203613281 13.539861387338242
5052.947 13.551424980163574 13.417671203613281 13.525343067853509
5052.962 13.531257629394531 13.417671203613281 13.511947387007563
5052.977 13.5023832321167 13.417671203613281 13.499728366120692
5052.997 13.476913452148438 13.417671203613281 13.488692035469366
5053.012 13.489556312561035 13.417671203613281 13.478809864241663
5053.027 13.473455429077148 13.417671203613281 13.470029345368792
5053.047 13.464738845825195 13.417671203613281 13.46228224732807
5053.062 13.435338973999023 13.417671203613281 13.455490964725362
5053.077 13.432868957519531 13.417671203613281 13.449573329931082
5053.097 13.41390609741211 13.810717582702637 13.455364144261567
5053.112 13.445627212524414 13.810717582702637 13.469385157654713
5053.127 13.475390434265137 13.810717582702637 13.488915007619603
5053.147 13.533035278320312 13.810717582702637 13.51185036115723
5053.162 13.573866844177246 13.810717582702637 13.536589232318049
5053.177 13.636701583862305 13.810717582702637 13.561933433478247
5053.197 13.650991439819336 13.810717582702637 13.587007448801172
5053.212 13.676244735717773 13.810717582702637 13.611191330446424
5053.227 13.707792282104492 13.810717582702637 13.634065508408947
5053.247 13.705670356750488 13.810717582702637 13.65536567151963
5053.262 13.690068244934082 13.810717582702637 13.674946119417188
5053.277 13.693954467773438 13.810717582702637 13.692750203383527
5053.297 13.709858894348145 13.810717582702637 13.708786668619204
5053.312 13.703448295593262 13.810717582702637 13.723110883043237
5053.327 13.711183547973633 14.539824485778809 13.75606306116672
5053.347 13.72403335571289 14.539824485778809 13.801449941289528
5053.362 13.809738159179688 14.539824485778809 13.85448761085985
5053.377 13.945743560791016 14.539824485778809 13.911535077334989
5053.397 14.031230926513672 14.539824485778809 13.969871579520834
5053.412 14.110334396362305 14.539824485778809 14.027511432050561
5053.427 14.200498580932617 14.539824485778809 14.083050911821974
5053.447 14.282890319824219 14.539824485778809 14.13554236099306
5053.462 14.3092679977417 14.539824485778809 14.184391292316553
5053.477 14.322107315063477 14.539824485778809 14.229272837669239
5053.497 14.353419303894043 14.539824485778809 14.270064380078301
5053.512 14.335668563842773 14.539824485778809 14.306791655253093
5053.527 14.3174409866333 14.539824485778809 14.339586003442113
5053.547 14.315464973449707 14.204200744628906 14.35932791713367
5053.562 14.303053855895996 14.204200744628906 14.36916719974629
5053.577 14.327559471130371 14.204200744628906 14.371636283464252
5053.597 14.318212509155273 14.204200744628906 14.368754805750632
5053.612 14.296061515808105 14.204200744628906 14.36211880014606
5053.627 14.27641487121582 14.204200744628906 14.352976383116697
5053.647 14.283055305480957 14.204200744628906 14.342291660658354
5053.662 14.310362815856934 14.204200744628906 14.330798417209056
5053.677 14.311944961547852 14.204200744628906 14.319044990523969
5053.697 14.308795928955078 14.204200744628906 14.307431583299051
5053.712 14.292176246643066 14.204200744628906 14.29624111803064
5053.727 14.317811965942383 14.204200744628906 14.28566460744802
5053.747 14.291473388671875 14.127482414245605 14.273690824750595
5053.762 14.278587341308594 14.127482414245605 14.261048268834497
5053.777 14.26661205291748 14.127482414245605 14.248277607600308
5053.797 14.243453025817871 14.127482414245605 14.235769878183556
5053.812 14.211541175842285 14.127482414245605 14.223798020196565
5053.827 14.18878173828125 14.127482414245605 14.212542755038422
5053.847 14.167490005493164 14.127482414245605 14.202113694350702
5053.862 14.140097618103027 14.127482414245605 14.192566443015009
5053.877 14.132148742675781 14.127482414245605 14.183916356488892
5053.897 14.154861450195312 14.127482414245605 14.17614951826939
5053.912 14.18760871887207 14.127482414245605 14.16923142018518
5053.927 14.157471656799316 14.127482414245605 14.163113755263328
5053.947 14.192022323608398 14.127482414245605 14.157739669250446
5053.962 14.16823673248291 14.127482414245605 14.153047761627269
5053.977 14.178746223449707 14.127482414245605 14.148975079287537
5053.997 14.15003776550293 14.127482414245605 14.14545930513525
5054.017 14.159184455871582 14.127482414245605 14.142440308912374
5054.027 14.148818969726562 14.127482414245605 14.139861197879842
5054.047 14.155289649963379 14.127482414245605 14.137668979874487
5054.062 14.123297691345215 14.127482414245605 14.135814930150504
5054.077 14.130034446716309 14.127482414245605 14.134254735743102
5054.097 14.123973846435547 14.127482414245605 14.132948476379633
5054.112 14.121122360229492 14.127482414245605 14.13186048878
5054.127 14.109907150268555 14.127482414245605 14.130959151155476
5054.147 14.094918251037598 14.127482414245605 14.130216616502539
5054.162 14.113577842712402 14.427736282348633 14.137948902703345
5054.177 14.13775634765625 14.427736282348633 14.151540024640566
5054.197 14.190924644470215 14.427736282348633 14.16895244756467
5054.212 14.217940330505371 14.427736282348633 14.188619791007898
5054.227 14.253402709960938 14.427736282348633 14.209356845637213
5054.247 14.290485382080078 14.427736282348633 14.230284497245407
5054.262 14.315030097961426 14.427736282348633 14.250767419635894
5054.277 14.318413734436035 14.427736282348633 14.270362649301179
5054.297 14.329066276550293 14.427736282348633 14.288777387201264
5054.312 14.329345703125 14.427736282348633 14.30583458546982
5054.327 14.335970878601074 14.427736282348633 14.321445069243401
5054.347 14.31226634979248 14.427736282348633 14.335585116389133
5054.362 14.335433006286621 14.427736282348633 14.348278571511615
5054.377 14.341160774230957 14.427736282348633 14.359582706359744
5054.397 14.3584623336792 14.427736282348633 14.369577157919913
5054.417 14.372049331665039 14.427736282348633 14.378355379459657
5054.427 14.36357593536377 14.427736282348633 14.386018129990086
5054.447 14.387686729431152 14.427736282348633 14.392668605443387
5054.467 14.422853469848633 14.427736282348633 14.398408881657842
5054.477 14.389312744140625 14.427736282348633 14.40333739629754
5054.497 14.425642967224121 14.427736282348633 14.407547245288608
5054.512 14.434069633483887 14.427736282348633 14.411125110313495
5054.527 14.415388107299805 14.427736282348633 14.414150668355346
5054.547 14.431389808654785 14.427736282348633 14.41669636311314
5054.562 14.416152000427246 14.427736282348633 14.418827442107137
5054.577 14.40984058380127 15.587628364562988 14.452821411031659
5054.597 14.463879585266113 15.587628364562988 14.508706173589152
5054.612 14.558039665222168 15.587628364562988 14.578726983249386
5054.627 14.701312065124512 15.587628364562988 14.656933603764251
5054.652 14.894558906555176 15.587628364562988 14.738834315585297
5054.662 14.94394588470459 15.587628364562988 14.821107439444406
5054.677 15.013028144836426 15.587628364562988 14.901362093801934
5054.697 15.081315994262695 15.587628364562988 14.977940882192913
5054.712 15.204225540161133 15.587628364562988 15.04975811124055
5054.727 15.267699241638184 15.587628364562988 15.116167966258633
5054.747 15.272135734558105 15.587628364562988 15.176857818248076
5054.762 15.3053617477417 16.20612144470215 15.248942870549659
5054.777 15.334808349609375 16.20612144470215 15.327192120133759
5054.797 15.39547348022461 16.20612144470215 15.407685453852961
5054.812 15.440825462341309 16.20612144470215 15.487551121665957
5054.827 15.528331756591797 16.20612144470215 15.564748471251455
5054.847 15.641508102416992 16.20612144470215 15.637889155101183
5054.862 15.73524284362793 16.20612144470215 15.706090876025806
5054.877 15.794951438903809 16.20612144470215 15.76885851448157
5054.897 15.915289878845215 16.20612144470215 15.825988181553758
5054.912 16.01546859741211 16.20612144470215 15.877490367189049
5054.927 16.029254913330078 16.20612144470215 15.923528908127516
5054.947 16.00690460205078 16.884647369384766 15.983220932939487
5054.962 16.032697677612305 16.884647369384766 16.051039842352427
5054.977 16.084503173828125 16.884647369384766 16.12279916015133
5054.997 16.197744369506836 16.884647369384766 16.19538912264406
5055.012 16.282562255859375 16.884647369384766 16.266557992431075
5055.027 16.377094268798828 16.884647369384766 16.334731499210815
5055.047 16.474729537963867 16.884647369384766 16.398864620493747
5055.062 16.52484893798828 16.884647369384766 16.458320656453324
5055.077 16.640851974487305 16.884647369384766 16.512773224606907
5055.097 16.65241813659668 16.884647369384766 16.562127402744757
5055.117 16.63977813720703 17.860795974731445 16.63357202711003
5055.127 16.653682708740234 17.860795974731445 16.71886356450582
5055.147 16.80580711364746 17.860795974731445 16.811709513082963
5055.162 16.901437759399414 17.860795974731445 16.907390401832288
5055.177 17.077678680419922 17.860795974731445 17.002445194920625
5055.197 17.181962966918945 17.860795974731445 17.094410874933306
5055.212 17.322021484375 17.860795974731445 17.181608088131703
5055.227 17.40116310119629 17.860795974731445 17.26296575511995
5055.247 17.4822998046875 17.860795974731445 17.33787847864736
5055.262 17.513221740722656 17.860795974731445 17.40609141691915
5055.277 17.564411163330078 18.825193405151367 17.494396858790843
5055.297 17.59786033630371 18.825193405151367 17.59464899874882
5055.312 17.68637466430664 18.825193405151367 17.700678156869454
5055.327 17.78998565673828 18.825193405151367 17.807902256555174
5055.352 18.041439056396484 18.825193405151367 17.91300428348738
5055.362 18.087108612060547 18.825193405151367 18.01366599059161
5055.377 18.197404861450195 18.825193405151367 18.10834930972907
5055.397 18.273456573486328 18.825193405151367 18.19611802510609
5055.412 18.363140106201172 18.825193405151367 18.27649325443108
5055.427 18.372282028198242 18.825193405151367 18.349337173369456
5055.447 18.49642562866211 20.20502471923828 18.453088862516438
5055.462 18.55501365661621 20.20502471923828 18.57610912819039
5055.477 18.707950592041016 20.20502471923828 18.7095213101321
5055.497 18.92803192138672 20.20502471923828 18.846675137582768
5055.517 19.080562591552734 20.20502471923828 18.982700648655204
5055.527 19.236064910888672 20.20502471923828 19.114139046193777
5055.547 19.430707931518555 20.20502471923828 19.23863894545507
5055.562 19.569122314453125 20.20502471923828 19.35470792349107
5055.577 19.642780303955078 20.20502471923828 19.461510602825115
5055.597 19.7164249420166 21.845537185668945 19.604275488978434
5055.617 19.78763771057129 21.845537185668945 19.7688475977918
5055.627 19.903621673583984 21.845537185668945 19.944476767912075
5055.647 20.158855438232422 21.845537185668945 20.12315157657114
5055.667 20.389097213745117 21.845537185668945 20.299045903157545
5055.677 20.650779724121094 21.845537185668945 20.468061596940366
5055.697 20.781225204467773 21.845537185668945 20.62745272310969
5055.712 21.029878616333008 21.845537185668945 20.77551871088726
5055.727 21.069032669067383 21.845537185668945 20.911355405117472
5055.747 21.20531463623047 23.679473876953125 21.085597221768893
5055.767 21.29441261291504 23.679473876953125 21.28252265795394
5055.777 21.450544357299805 23.679473876953125 21.490234536227167
5055.797 21.74492835998535 23.679473876953125 21.69990692283922
5055.812 21.99386215209961 23.679473876953125 21.9051601068295
5055.827 22.253726959228516 23.679473876953125 22.101544717745035
5055.847 22.476747512817383 23.679473876953125 22.28611838943806
5055.862 22.750953674316406 23.679473876953125 22.457100507892097
5055.877 22.89433479309082 23.679473876953125 22.613592509606573
5055.897 23.0012149810791 25.62340545654297 22.809351032436254
5055.912 23.10527229309082 25.62340545654297 23.027812824172457
5055.927 23.3320255279541 25.62340545654297 23.256476907886082
5055.947 23.611021041870117 25.62340545654297 23.48610085326707
5055.962 23.756563186645508 25.62340545654297 23.71003425590291
5055.977 24.05824851989746 25.62340545654297 23.923669063377876
5055.997 24.249834060668945 25.62340545654297 24.123988910313095
5056.017 24.562149047851562 27.481033325195312 24.360802707796804
5056.027 24.631486892700195 27.481033325195312 24.617192340906954
5056.047 24.994234085083008 27.481033325195312 24.880489387597514
5056.067 25.39837074279785 27.481033325195312 25.14142293963656
5056.077 25.55643081665039 27.481033325195312 25.393414498897595
5056.097 25.894588470458984 27.481033325195312 25.631997863868033
5056.112 26.044919967651367 27.481033325195312 25.854344706743436
5056.127 26.367610931396484 29.108325958251953 26.104081651710892
5056.147 26.55535125732422 29.108325958251953 26.36651103135577
5056.162 26.76491355895996 29.108325958251953 26.630746949914734
5056.177 26.92641830444336 29.108325958251953 26.888937667276515
5056.197 27.243738174438477 29.108325958251953 27.13562402541706
5056.212 27.697174072265625 29.94668960571289 27.390501074925634
5056.227 27.873172760009766 29.94668960571289 27.6441682010132
5056.247 28.160371780395508 29.94668960571289 27.889921905540618
5056.262 28.274560928344727 29.94668960571289 28.123177832229043
5056.277 28.446531295776367 29.94668960571289 28.34099768634479
5056.297 28.69374656677246 31.32429313659668 28.579971238615514
5056.312 28.796735763549805 31.32429313659668 28.8274667859959
5056.327 28.99903678894043 31.32429313659668 29.074194886045717
5056.347 29.385761260986328 31.32429313659668 29.313519423137038
5056.362 29.64955711364746 31.32429313659668 29.540890169049312
5056.377 29.978471755981445 31.32429313659668 29.753378176748
5056.397 30.18072509765625 31.32429313659668 29.949297777006237
5056.412 30.353622436523438 32.578426361083984 30.16273817813835
5056.427 30.43147087097168 32.578426361083984 30.38280625232129
5056.447 30.781185150146484 32.578426361083984 30.601511156061115
5056.462 30.962556838989258 32.578426361083984 30.813163984154833
5056.477 31.186674118041992 32.578426361083984 31.013883578968308
5056.497 31.39286231994629 33.29999923706055 31.22123583830062
5056.512 31.522979736328125 33.29999923706055 31.427581721524508
5056.527 31.704835891723633 33.29999923706055 31.627474537864803
5056.547 31.85820770263672 33.29999923706055 31.817190077556358
5056.562 32.17786407470703 33.29999923706055 31.994342025814472
5056.577 32.31647491455078 33.29999923706055 32.15756917909937
5056.597 32.45180892944336 33.29999923706055 32.30628280812837
5056.612 32.477325439453125 33.29999923706055 32.4404641437512
5056.627 32.59241485595703 33.29999923706055 32.5605034096027
5056.647 32.689125061035156 33.29999923706055 32.66707310126117
5056.662 32.754756927490234 33.29999923706055 32.7610293287588
5056.677 32.84402084350586 33.29999923706055 32.843336011647075
5056.697 32.88880157470703 33.29999923706055 32.91500755741873
5056.712 32.93403625488281 33.29999923706055 32.97706637860154
5056.727 33.00752258300781 33.29999923706055 33.030512224313945
5056.747 33.04531478881836 33.29999923706055 33.07630083075296
5056.762 33.10205841064453 33.29999923706055 33.115329843292116
5056.777 33.14944076538086 33.29999923706055 33.148430340952636
5056.797 33.19697952270508 33.29999923706055 33.17636261134016
5056.812 33.19272994995117 33.29999923706055 33.19981508911115
5056.827 33.21638107299805 33.29999923706055 33.21940559112267
5056.847 33.23598098754883 33.29999923706055 33.23568416322879
5056.862 33.24933624267578 31.646512985229492 33.2089071752883
5056.877 33.20484924316406 31.646512985229492 33.1463171578536
5056.897 33.06893539428711 31.646512985229492 33.05979974825402
5056.912 32.93087387084961 31.646512985229492 32.95853763625163
5056.927 32.68147277832031 31.646512985229492 32.84952132448301
5056.947 32.59145736694336 31.646512985229492 32.73797606752818
5056.962 32.502952575683594 31.646512985229492 32.62771687957699
5056.977 32.231536865234375 29.5609188079834 32.4744021315792
5056.997 32.02723693847656 29.5609188079834 32.283596463682535
5057.012 31.83943748474121 29.5609188079834 32.07122246174011
5057.027 31.705406188964844 29.5609188079834 31.84929043249735
5057.047 31.411935806274414 27.325510025024414 31.58430284320799
5057.062 31.157272338867188 27.325510025024414 31.276259693872028
5057.077 30.79750633239746 27.325510025024414 30.945752383595902
5057.097 30.166852951049805 27.325510025024414 30.608326517887686
5057.112 29.807939529418945 27.325510025024414 30.27531529591383
5057.127 29.649948120117188 27.325510025024414 29.954718214570747
5057.147 29.297874450683594 24.89288330078125 29.608051529824003
5057.162 29.00968360900879 24.89288330078125 29.26138484507726
5057.177 28.66366958618164 24.89288330078125 28.914718160330516
5057.197 28.072284698486328 24.89288330078125 28.568051475583772
5057.217 27.818801879882812 24.89288330078125 28.22138479083703
5057.227 27.637943267822266 24.89288330078125 27.874718106090285
5057.247 27.327571868896484 24.89288330078125 27.52805142134354
5057.267 27.042383193969727 22.140626907348633 27.181384736596797
5057.277 26.73961067199707 22.140626907348633 26.834718051850054
5057.297 26.334428787231445 22.140626907348633 26.48805136710331
5057.312 25.95669174194336 22.140626907348633 26.141384682356566
5057.327 25.567108154296875 22.140626907348633 25.794717997609823
5057.347 25.073537826538086 22.140626907348633 25.44805131286308
5057.362 24.743457794189453 22.140626907348633 25.101384628116335
5057.377 24.584745407104492 19.60661506652832 24.75471794336959
5057.397 23.95659828186035 19.60661506652832 24.408051258622848
5057.412 23.73000717163086 19.60661506652832 24.061384573876104
5057.427 23.43431854248047 19.60661506652832 23.71471788912936
5057.447 23.042226791381836 19.60661506652832 23.368051204382617
5057.467 22.72610855102539 19.60661506652832 23.021384519635873
5057.477 22.57277488708496 19.60661506652832 22.67471783488913
5057.497 22.057445526123047 17.62635612487793 22.328051150142386
5057.512 21.981544494628906 17.62635612487793 21.981384465395642
5057.527 21.569351196289062 17.62635612487793 21.6347177806489
5057.547 21.101232528686523 17.62635612487793 21.288051095902155
5057.562 20.744829177856445 17.62635612487793 20.94138441115541
5057.577 20.410791397094727 17.62635612487793 20.594717726408668
5057.597 20.036117553710938 17.62635612487793 20.248051041661924
5057.612 19.796981811523438 17.62635612487793 19.920465352492993
5057.627 19.510454177856445 17.62635612487793 19.62197035045962
5057.647 19.342105865478516 16.162445068359375 19.311951002219978
5057.662 19.039640426635742 16.162445068359375 19.00228418882995
5057.677 18.867534637451172 16.162445068359375 18.701471882235015
5057.702 18.039348602294922 16.162445068359375 18.415361203656055
5057.712 17.906036376953125 16.162445068359375 18.147734211283037
5057.727 17.703773498535156 16.162445068359375 17.90078794431472
5057.747 17.450166702270508 16.162445068359375 17.675522482823254
5057.762 17.312488555908203 16.162445068359375 17.472052306186164
5057.777 17.145736694335938 16.162445068359375 17.28985403331322
5057.797 17.026626586914062 14.961148262023926 17.094592328941275
5057.812 16.90993881225586 14.961148262023926 16.89539243565307
5057.827 16.76676368713379 14.961148262023926 16.698903504646026
5057.847 16.50822639465332 14.961148262023926 16.509815456331044
5057.862 16.29593276977539 14.961148262023926 16.331283820170412
5057.877 16.12715721130371 14.961148262023926 16.165276825197264
5057.897 15.887035369873047 14.961148262023926 16.012857128786987
5057.912 15.737079620361328 14.961148262023926 15.874408877043457
5057.927 15.612814903259277 14.961148262023926 15.749819278943107
5057.947 15.509461402893066 14.961148262023926 15.63862253827936
5057.962 15.442682266235352 14.58132553100586 15.529562178070211
5057.977 15.374058723449707 14.58132553100586 15.425062345254872
5057.997 15.311630249023438 14.58132553100586 15.326733663774249
5058.012 15.271392822265625 14.58132553100586 15.235558993207233
5058.027 15.176871299743652 14.58132553100586 15.152043993691402
5058.047 15.097686767578125 14.58132553100586 15.076338286322041
5058.062 15.0125093460083 14.58132553100586 15.00833217474409
5058.077 14.975022315979004 14.58132553100586 14.94773316555486
5058.097 14.8761568069458 14.58132553100586 14.89412588562115
5058.112 14.827917098999023 14.58132553100586 14.84701843614851
5058.127 14.78360652923584 14.58132553100586 14.805877738809874
5058.147 14.732898712158203 14.167482376098633 14.758660366622314
5058.162 14.709465026855469 14.167482376098633 14.708399638024838
5058.177 14.670147895812988 14.167482376098633 14.65735396887412
5058.197 14.586326599121094 14.167482376098633 14.607163694407264
5058.217 14.531257629394531 14.167482376098633 14.558980627220707
5058.227 14.467248916625977 14.167482376098633 14.51357447722794
5058.247 14.416511535644531 14.167482376098633 14.471419733258823
5058.262 14.369447708129883 14.167482376098633 14.432766128791007
5058.277 14.331897735595703 14.167482376098633 14.397695385594599
5058.302 14.330707550048828 14.167482376098633 14.366166547002383
5058.312 14.300983428955078 14.167482376098633 14.338051874487526
5058.327 14.30415153503418 14.167482376098633 14.313164984151198
5058.347 14.297769546508789 14.167482376098633 14.291282640243239
5058.362 14.286067008972168 13.986425399780273 14.267132036536388
5058.377 14.268899917602539 13.986425399780273 14.242026696846793
5058.397 14.23507022857666 13.986425399780273 14.21693450033668
5058.412 14.220025062561035 13.986425399780273 14.192548728636321
5058.427 14.161452293395996 13.986425399780273 14.169346610657067
5058.447 14.134918212890625 13.986425399780273 14.147637281171544
5058.462 14.127360343933105 13.986425399780273 14.127600820410857
5058.477 14.091564178466797 13.986425399780273 14.109319817290768
5058.497 14.062607765197754 13.986425399780273 14.092804697815692
5058.512 14.043058395385742 13.986425399780273 14.078013881626719
5058.527 14.022589683532715 13.986425399780273 14.064869672148744
5058.552 14.042746543884277 13.986425399780273 14.053270647757348
5058.562 14.049589157104492 13.986425399780273 14.043101201144092
5058.577 14.056777954101562 13.986425399780273 14.034238769908322
5058.597 14.037688255310059 13.986425399780273 14.02655921167822
5058.612 14.028244018554688 13.986425399780273 14.019940700168899
5058.627 14.00686264038086 13.986425399780273 14.01426645302156
5058.647 14.00957202911377 13.986425399780273 14.009426546645779
5058.662 13.974164962768555 13.986425399780273 14.00531902633508
5058.677 14.001035690307617 13.986425399780273 14.001850480491843
5058.697 13.997176170349121 13.986425399780273 13.998936214846541
5058.712 14.011125564575195 13.986425399780273 13.996500135166826
5058.727 14.043615341186523 13.986425399780273 13.9944744243091
5058.747 14.001371383666992 13.986425399780273 13.992799080852986
5058.762 13.995077133178711 14.366189002990723 14.00197036143101
5058.777 14.002995491027832 14.366189002990723 14.018660297919476
5058.797 14.019975662231445 14.366189002990723 14.040274994970732
5058.812 14.052277565002441 14.366189002990723 14.064818695371828
5058.827 14.119386672973633 14.366189002990723 14.090779745270329
5058.847 14.159323692321777 14.366189002990723 14.117035421937512
5058.862 14.181113243103027 14.366189002990723 14.142772923356624
5058.877 14.218350410461426 14.366189002990723 14.167424135186058
5058.897 14.265399932861328 14.366189002990723 14.190612083536701
5058.922 14.274550437927246 14.366189002990723 14.212107250005573
5058.927 14.277990341186523 14.366189002990723 14.231792168131106
5058.947 14.278597831726074 14.366189002990723 14.24963293829903
5058.962 14.26922607421875 14.366189002990723 14.265656492123782
5058.977 14.267491340637207 14.275613784790039 14.277416630286544
5058.997 14.259281158447266 14.275613784790039 14.285794650082616
5059.012 14.236924171447754 14.275613784790039 14.291516095636153
5059.027 14.257173538208008 14.275613784790039 14.295174733962062
5059.047 14.26697063446045 14.275613784790039 14.297253398285667
5059.067 14.291089057922363 14.275613784790039 14.29814200724929
5059.077 14.287463188171387 14.275613784790039 14.298153059637611
5059.097 14.274290084838867 14.275613784790039 14.297534889482451
5059.112 14.297554016113281 14.275613784790039 14.29648294790875
5059.127 14.292469024658203 14.275613784790039 14.295149357427155
5059.147 14.320686340332031 14.275613784790039 14.29365096274964
5059.162 14.305068016052246 14.275613784790039 14.292076080479534
5059.177 14.291305541992188 14.275613784790039 14.290490128836822
5059.197 14.287538528442383 14.275613784790039 14.288940298360801
5059.212 14.301959991455078 14.275613784790039 14.28745940557142
5059.227 14.296369552612305 14.275613784790039 14.28606905403822
5059.252 14.28701114654541 14.275613784790039 14.284782211283895
5059.262 14.298028945922852 14.275613784790039 14.283605295455361
5059.277 14.290254592895508 14.275613784790039 14.282539852698445
5059.297 14.273153305053711 14.275613784790039 14.281583894609764
5059.312 14.249932289123535 14.275613784790039 14.280732954925822
5059.327 14.247288703918457 14.275613784790039 14.279980915646302
5059.347 14.26197624206543 14.275613784790039 14.279320644970653
5059.362 14.279923439025879 14.275613784790039 14.278744482647104
5059.377 14.266098976135254 14.275613784790039 14.278244602485307
5059.397 14.26469612121582 13.953975677490234 14.268878883965101
5059.412 14.294681549072266 13.953975677490234 14.2534194736273
5059.427 14.273637771606445 13.953975677490234 14.234022345686666
5059.447 14.192656517028809 13.953975677490234 14.21234199602119
5059.462 14.211440086364746 13.953975677490234 14.189627569484616
5059.477 14.134011268615723 13.953975677490234 14.166803010897533
5059.502 14.100822448730469 13.953975677490234 14.144533539924987
5059.512 14.053326606750488 13.953975677490234 14.123280478215086
5059.527 14.051535606384277 13.953975677490234 14.10334620601525
5059.547 14.033492088317871 13.953975677490234 14.084910796119225
5059.562 14.030518531799316 13.953975677490234 14.068061665624866
5059.577 14.023367881774902 13.953975677490234 14.052817400129701
5059.597 14.026529312133789 13.953975677490234 14.039146739723723
5059.612 14.037217140197754 13.84626293182373 14.023991549189802
5059.627 14.047381401062012 13.84626293182373 14.0081934229782
5059.647 14.040233612060547 13.84626293182373 13.992373363092081
5059.667 13.993656158447266 13.84626293182373 13.976977030226667
5059.677 13.972947120666504 13.84626293182373 13.962312044344035
5059.697 13.921395301818848 13.84626293182373 13.948578551216375
5059.712 13.910021781921387 13.84626293182373 13.935894113842688
5059.727 13.905497550964355 13.84626293182373 13.924313845263198
5059.747 13.875264167785645 13.84626293182373 13.913846571797329
5059.762 13.880642890930176 13.84626293182373 13.904467702439712
5059.777 13.9034423828125 13.84626293182373 13.896129380186254
5059.797 13.889516830444336 13.84626293182373 13.888768403428825
5059.812 13.900161743164062 14.19424057006836 13.89197837570874
5059.827 13.887378692626953 14.19424057006836 13.90267502873658
5059.847 13.910934448242188 14.19424057006836 13.918440006908034
5059.862 13.933114051818848 14.19424057006836 13.937399368584856
5059.877 13.983626365661621 14.19424057006836 13.958121389402919
5059.907 14.086541175842285 14.19424057006836 13.979531037496727
5059.912 14.086541175842285 14.19424057006836 14.00083877261891
5059.927 14.070290565490723 14.19424057006836 14.02148158852002
5059.947 14.088197708129883 14.19424057006836 14.04107446737657
5059.962 14.095118522644043 14.19424057006836 14.059370644675024
5059.977 14.0685453414917 14.19424057006836 14.076229292009147
5059.997 14.092612266540527 14.19424057006836 14.091589413748615
5060.012 14.097644805908203 14.19424057006836 14.105448922074565
5060.027 14.087674140930176 14.19424057006836 14.117848004427124
5060.047 14.107878684997559 14.19424057006836 14.128856029196838
5060.062 14.1239652633667 14.19424057006836 14.138561350888347
5060.077 14.116820335388184 14.19424057006836 14.147063476429063
5060.097 14.143609046936035 14.19424057006836 14.15446714123428
5060.112 14.146728515625 14.19424057006836 14.160877918484804
5060.127 14.160528182983398 14.19424057006836 14.166399049171378
5060.152 14.179716110229492 14.19424057006836 14.171129235076313
5060.162 14.197809219360352 14.19424057006836 14.17516118316614
5060.177 14.215928077697754 14.19424057006836 14.178580728929056
5060.197 14.20921802520752 14.19424057006836 14.181466398974525
5060.217 14.191153526306152 14.453566551208496 14.19109280081492
5060.227 14.20177173614502 14.453566551208496 14.205282660263057
5060.247 14.202704429626465 14.453566551208496 14.222348834792413
5060.262 14.240983009338379 14.453566551208496 14.241002307967765
5060.277 14.250340461730957 14.453566551208496 14.260275193062594
5060.297 14.275520324707031 14.453566551208496 14.279456632048753
5060.317 14.305573463439941 14.453566551208496 14.29803971685319
5060.327 14.379199981689453 14.453566551208496 14.315677784315602
5060.347 14.369524955749512 14.453566551208496 14.33214864299402
5060.362 14.403840065002441 14.453566551208496 14.347325478161258
5060.377 14.397807121276855 14.453566551208496 14.36115335103265
5060.397 14.415364265441895 15.068183898925781 14.390703065876208
5060.412 14.40899658203125 15.068183898925781 14.430699275069555
5060.427 14.449902534484863 15.068183898925781 14.477071132465738
5060.447 14.510476112365723 15.068183898925781 14.52672409702882
5060.462 14.606870651245117 15.068183898925781 14.577349272520186
5060.477 14.68297004699707 15.068183898925781 14.627264944141011
5060.497 14.758063316345215 15.068183898925781 14.675285591419893
5060.512 14.795793533325195 15.068183898925781 14.720614230940392
5060.527 14.859842300415039 15.068183898925781 14.762754469266921
5060.547 14.897932052612305 15.068183898925781 14.801439124487052
5060.562 14.88737964630127 15.068183898925781 14.83657270466379
5060.577 14.90106201171875 15.068183898925781 14.86818541489409
5060.597 14.896577835083008 15.712013244628906 14.914280854474022
5060.612 14.892589569091797 15.712013244628906 14.9694751541964
5060.627 14.97481632232666 15.712013244628906 15.029657128400869
5060.647 15.04602336883545 15.712013244628906 15.091741880897077
5060.662 15.192418098449707 15.712013244628906 15.1534657145028
5060.677 15.287395477294922 15.712013244628906 15.213216338463342
5060.697 15.391636848449707 15.712013244628906 15.26989308914641
5060.712 15.417083740234375 15.712013244628906 15.322792543009522
5060.727 15.502193450927734 15.712013244628906 15.37151550478023
5060.747 15.516474723815918 15.712013244628906 15.41589189820052
5060.767 15.518720626831055 16.926774978637695 15.489663958330272
5060.777 15.53067684173584 16.926774978637695 15.582453688394516
5060.797 15.655235290527344 16.926774978637695 15.686295255526815
5060.812 15.80444622039795 16.926774978637695 15.795172817451137
5060.827 15.954459190368652 16.926774978637695 15.904635131866405
5060.847 16.187889099121094 16.926774978637695 16.01147589872951
5060.862 16.2631893157959 16.926774978637695 16.113470090496545
5060.877 16.368045806884766 16.926774978637695 16.209157731227293
5060.897 16.460853576660156 16.926774978637695 16.297667686844346
5060.912 16.4954833984375 16.926774978637695 16.378575024767944
5060.927 16.52760887145996 16.926774978637695 16.451786393835718
5060.947 16.576387405395508 16.926774978637695 16.517448669317645
5060.962 16.55944061279297 18.446712493896484 16.618097299826534
5060.977 16.681028366088867 18.446712493896484 16.741023688670882
5060.997 16.831096649169922 18.446712493896484 16.876501181724596
5061.012 16.992780685424805 18.446712493896484 17.017210368521077
5061.027 17.187639236450195 18.446712493896484 17.15776034682608
5061.047 17.45822525024414 18.446712493896484 17.294292059243276
5061.062 17.61430549621582 18.446712493896484 17.424151466537516
5061.077 17.807754516601562 18.446712493896484 17.54562184912447
5061.097 17.905750274658203 18.446712493896484 17.657705919815793
5061.112 17.945280075073242 18.446712493896484 17.759949687054437
5061.127 17.96845817565918 20.28995704650879 17.903502374935574
5061.147 18.086894989013672 20.28995704650879 18.072672213587442
5061.162 18.2744197845459 20.28995704650879 18.255501847238186
5061.177 18.40268325805664 20.28995704650879 18.443042398971794
5061.197 18.7796573638916 20.28995704650879 18.62874964828141
5061.212 18.930744171142578 20.28995704650879 18.807984495639797
5061.227 19.1962947845459 20.28995704650879 18.977602042082832
5061.247 19.350711822509766 20.28995704650879 19.135615590674885
5061.262 19.439857482910156 20.28995704650879 19.280923675282033
5061.277 19.591474533081055 20.28995704650879 19.41308984144986
5061.297 19.629074096679688 22.374723434448242 19.588311567664288
5061.312 19.68879508972168 22.374723434448242 19.791287473235084
5061.327 19.963510513305664 22.374723434448242 20.008515653413852
5061.347 20.323991775512695 22.374723434448242 20.229923846772245
5061.362 20.507274627685547 22.374723434448242 20.448177487946126
5061.377 20.768417358398438 22.374723434448242 20.658107764991623
5061.397 21.120424270629883 22.374723434448242 20.856241567341915
5061.412 21.348066329956055 22.374723434448242 21.040417512362257
5061.427 21.523265838623047 22.374723434448242 21.209474327495965
5061.447 21.66303062438965 24.52701187133789 21.421586702676272
5061.462 21.769577026367188 24.52701187133789 21.65986238765952
5061.477 21.942209243774414 24.52701187133789 21.91026967456389
5061.497 22.27166175842285 24.52701187133789 22.16241551730402
5061.512 22.532529830932617 24.52701187133789 22.408803273116284
5061.527 22.785207748413086 24.52701187133789 22.644220295006647
5061.547 23.100149154663086 24.52701187133789 22.865235595347148
5061.562 23.311119079589844 24.52701187133789 23.06979034758433
5061.577 23.474945068359375 26.502826690673828 23.311750047586695
5061.602 23.74239158630371 26.502826690673828 23.573795522789133
5061.612 23.862689971923828 26.502826690673828 23.842956761517705
5061.627 24.28289222717285 26.502826690673828 24.109740928812517
5061.647 24.53936767578125 26.502826690673828 24.367410856194855
5061.662 24.800600051879883 26.502826690673828 24.611391413045176
5061.677 25.009843826293945 26.502826690673828 24.83878401615263
5061.697 25.29210662841797 28.24410057067871 25.09634084806747
5061.712 25.430559158325195 28.24410057067871 25.368361019660195
5061.727 25.763826370239258 28.24410057067871 25.643190467809276
5061.747 26.14107322692871 28.24410057067871 25.912399078648452
5061.762 26.39183807373047 28.24410057067871 26.17010140508415
5061.777 26.627864837646484 28.24410057067871 26.41239916249749
5061.802 26.839950561523438 28.24410057067871 26.63692648504225
5061.812 27.09400749206543 29.785579681396484 26.885300327458832
5061.827 27.19823455810547 29.785579681396484 27.143864901311066
5061.847 27.65862464904785 29.785579681396484 27.402550482518745
5061.862 27.776445388793945 29.785579681396484 27.654137074324073
5061.877 27.984619140625 29.785579681396484 27.89364753999462
5061.897 28.246803283691406 29.785579681396484 28.117850379595545
5061.912 28.449932098388672 29.785579681396484 28.324854896767572
5061.927 28.642913818359375 31.17690086364746 28.55243163835894
5061.947 28.888933181762695 31.17690086364746 28.788430230332132
5061.962 29.101987838745117 31.17690086364746 29.023908964493693
5061.977 29.340543746948242 31.17690086364746 29.25247405726671
5061.997 29.625696182250977 31.17690086364746 29.469735342796373
5062.012 29.848228454589844 31.17690086364746 29.672860530296674
5062.027 30.05337905883789 32.45048904418945 29.895589933993147
5062.047 30.286218643188477 32.45048904418945 30.126182097148046
5062.062 30.49750518798828 32.45048904418945 30.356003899265087
5062.077 30.697845458984375 32.45048904418945 30.578889669702786
5062.097 30.939617156982422 32.45048904418945 30.790613345492606
5062.112 31.157007217407227 32.45048904418945 30.98845630645321
5062.127 31.1929988861084 33.29999923706055 31.194453291432566
5062.147 31.630842208862305 33.29999923706055 31.400571854436357
5062.162 31.76497459411621 33.29999923706055 31.60105203211965
5062.177 31.873565673828125 33.29999923706055 31.79192247266782
5062.197 32.08946990966797 33.29999923706055 31.97060397784289
5062.212 32.30512237548828 33.29999923706055 32.13558670385255
5062.227 32.37711715698242 33.29999923706055 32.286169117684466
5062.247 32.478790283203125 33.29999923706055 32.42224846273682
5062.262 32.579185485839844 33.29999923706055 32.5441539598435
5062.277 32.65655517578125 33.29999923706055 32.65251526863683
5062.297 32.74018478393555 33.29999923706055 32.74815987266973
5062.312 32.836769104003906 33.29999923706055 32.83203404364531
5062.327 32.8580436706543 33.29999923706055 32.905142899444726
5062.347 32.933109283447266 33.29999923706055 32.968505811098495
5062.362 33.01200866699219 33.29999923706055 33.023124048529034
5062.377 33.039974212646484 33.29999923706055 33.06995809614194
5062.397 33.126949310302734 33.29999923706055 33.10991252859783
5062.412 33.138450622558594 33.29999923706055 33.14382672483111
5062.427 33.190242767333984 33.29999923706055 33.17247002408934
5062.447 33.19359588623047 33.29999923706055 33.196540199975416
5062.462 33.19274139404297 33.29999923706055 33.216664354779105
5062.477 33.230289459228516 33.29999923706055 33.233401523506984
5062.497 33.2411994934082 32.955631256103516 33.237680652615275
5062.512 33.258506774902344 32.955631256103516 33.232912655470436
5062.527 33.24406051635742 32.955631256103516 33.22179332902349
5062.547 33.15903854370117 32.955631256103516 33.20643108688186
5062.562 33.13686752319336 32.955631256103516 33.18845481754795
5062.577 33.12287139892578 30.908309936523438 33.12742298816744
5062.597 33.01902770996094 30.908309936523438 33.02333559874033
5062.612 32.898475646972656 30.908309936523438 32.88998891888813
5062.627 32.74919128417969 30.908309936523438 32.73937715615702
5062.647 32.35440444946289 30.908309936523438 32.58057574479673
5062.662 32.14736557006836 30.908309936523438 32.420316236148906
5062.677 31.976682662963867 28.714641571044922 32.21700116745448
5062.697 31.71487808227539 28.714641571044922 31.974004261179683
5062.712 31.540210723876953 28.714641571044922 31.709318619992597
5062.727 31.174423217773438 28.714641571044922 31.436441765460973
5062.747 30.839555740356445 28.714641571044922 31.165274454903333
5062.767 30.389236450195312 26.33890151977539 30.85105158429909
5062.777 30.389236450195312 26.33890151977539 30.504384899552345
5062.797 29.981019973754883 26.33890151977539 30.1577182148056
5062.812 29.34178352355957 26.33890151977539 29.811051530058858
5062.827 29.091983795166016 26.33890151977539 29.464384845312114
5062.847 28.715944290161133 26.33890151977539 29.11890201599053
5062.862 28.477245330810547 26.33890151977539 28.79408374935437
5062.877 28.23809814453125 23.727092742919922 28.447417064607627
5062.897 27.885265350341797 23.727092742919922 28.100750379860884
5062.912 27.596271514892578 23.727092742919922 27.75408369511414
5062.927 27.251209259033203 23.727092742919922 27.407417010367396
5062.947 26.77166175842285 23.727092742919922 27.060750325620653
5062.962 26.473939895629883 23.727092742919922 26.71408364087391
5062.977 26.171335220336914 23.727092742919922 26.367416956127165
5062.997 25.80707550048828 20.863107681274414 26.02075027138042
5063.012 25.557844161987305 20.863107681274414 25.674083586633678
5063.027 25.194643020629883 20.863107681274414 25.327416901886934
5063.047 24.68309783935547 20.863107681274414 24.98075021714019
5063.062 24.27174949645996 20.863107681274414 24.634083532393447
5063.077 23.911239624023438 20.863107681274414 24.287416847646703
5063.097 23.442474365234375 18.336048126220703 23.94075016289996
5063.112 23.24074935913086 18.336048126220703 23.594083478153216
5063.127 23.063858032226562 18.336048126220703 23.247416793406472
5063.147 22.582672119140625 18.336048126220703 22.90075010865973
5063.162 22.115297317504883 18.336048126220703 22.554083423912985
5063.177 21.7188663482666 18.336048126220703 22.20741673916624
5063.202 21.52552604675293 18.336048126220703 21.860750054419498
5063.212 21.317781448364258 18.336048126220703 21.514083369672754
5063.227 21.136362075805664 16.45696449279785 21.16741668492601
5063.252 20.747390747070312 16.45696449279785 20.820750000179267
5063.262 20.558076858520508 16.45696449279785 20.474083315432523
5063.277 20.25127410888672 16.45696449279785 20.12741663068578
5063.297 19.742469787597656 16.45696449279785 19.780749945939036
5063.312 19.497777938842773 16.45696449279785 19.434083261192292
5063.327 19.004318237304688 16.45696449279785 19.08741657644555
5063.347 18.540306091308594 16.45696449279785 18.757832975986616
5063.362 18.243276596069336 16.45696449279785 18.45771838043941
5063.377 18.072586059570312 15.166143417358398 18.151203610664837
5063.397 17.590560913085938 15.166143417358398 17.848616349503743
5063.412 17.26605796813965 15.166143417358398 17.55724900536659
5063.427 17.211624145507812 15.166143417358398 17.28201613977883
5063.447 16.92470359802246 15.166143417358398 17.02599167508796
5063.462 16.606245040893555 15.166143417358398 16.790845022183692
5063.477 16.446720123291016 15.166143417358398 16.577192652902202
5063.497 16.22174072265625 15.166143417358398 16.38487930855406
5063.512 16.09940528869629 15.166143417358398 16.213200969659706
5063.527 16.02538299560547 15.166143417358398 16.061079894280144
5063.547 15.976485252380371 14.09099292755127 15.8973351488331
5063.562 15.842267990112305 14.09099292755127 15.729808572301872
5063.577 15.727839469909668 14.09099292755127 15.564225200049686
5063.597 15.410308837890625 14.09099292755127 15.404633996099982
5063.612 15.193949699401855 14.09099292755127 15.25377026880619
5063.627 15.014273643493652 14.09099292755127 15.113351892515448
5063.647 14.82194995880127 14.09099292755127 14.984319861815251
5063.662 14.655363082885742 14.09099292755127 14.867032268735558
5063.677 14.594887733459473 14.09099292755127 14.76141951148017
5063.697 14.507649421691895 14.09099292755127 14.667107407733896
5063.712 14.433187484741211 14.09099292755127 14.583513886435046
5063.727 14.435166358947754 13.774555206298828 14.501134120613987
5063.747 14.429688453674316 13.774555206298828 14.421912539934462
5063.762 14.423056602478027 13.774555206298828 14.347154924919229
5063.777 14.385597229003906 13.774555206298828 14.277673085864471
5063.797 14.320082664489746 13.774555206298828 14.2139022707896
5063.812 14.217162132263184 13.774555206298828 14.155995767863887
5063.827 14.154638290405273 13.774555206298828 14.103900536029688
5063.847 14.011139869689941 13.774555206298828 14.057417138315982
5063.862 13.970401763916016 13.774555206298828 14.0162467605991
5063.877 13.93535041809082 13.774555206298828 13.980027668857302
5063.897 13.914023399353027 13.774555206298828 13.948363084644473
5063.912 13.878657341003418 13.489914894104004 13.9129354598054
5063.927 13.840655326843262 13.489914894104004 13.875795090032414
5063.947 13.848262786865234 13.489914894104004 13.838458930127851
5063.962 13.778996467590332 13.489914894104004 13.802019569626301
5063.977 13.756158828735352 13.489914894104004 13.767235119914284
5063.997 13.718433380126953 13.489914894104004 13.734602924391986
5064.012 13.668198585510254 13.489914894104004 13.704419627644018
5064.027 13.658141136169434 13.489914894104004 13.676829799978588
5064.047 13.636129379272461 13.489914894104004 13.651865009299076
5064.062 13.593013763427734 13.489914894104004 13.629474961567446
5064.077 13.589872360229492 13.489914894104004 13.60955209207895
5064.097 13.591322898864746 13.489914894104004 13.591950780060648
5064.112 13.583093643188477 13.417671203613281 13.574495406856899
5064.127 13.563786506652832 13.417671203613281 13.557629494663216
5064.147 13.547593116760254 13.417671203613281 13.54165452712784
5064.162 13.540081977844238 13.417671203613281 13.52676181906224
5064.177 13.514811515808105 13.417671203613281 13.513058416645631
5064.197 13.499149322509766 13.417671203613281 13.500588000033389
5064.212 13.473437309265137 13.417671203613281 13.489347623726974
5064.227 13.483325004577637 13.417671203613281 13.479301008995972
5064.247 13.456463813781738 13.417671203613281 13.4703889960369
5064.262 13.457608222961426 13.417671203613281 13.462537670272301
5064.277 13.429008483886719 13.417671203613281 13.455664596053163
5064.297 13.450920104980469 13.417671203613281 13.449683520842042
5064.312 13.443535804748535 13.417671203613281 13.4445078525689
5064.327 13.439412117004395 13.810717582702637 13.450971117281085
5064.347 13.441289901733398 13.810717582702637 13.46559608197781
5064.367 13.496302604675293 13.810717582702637 13.485664015814457
5064.377 13.528909683227539 13.810717582702637 13.50907530145623
5064.397 13.571505546569824 13.810717582702637 13.53423234228439
5064.412 13.571505546569824 13.810717582702637 13.559941700874434
5064.427 13.656597137451172 13.810717582702637 13.585332738261453
5064.447 13.672825813293457 13.810717582702637 13.60979033879002
5064.462 13.714616775512695 13.810717582702637 13.632899598387166
5064.477 13.71981143951416 13.810717582702637 13.654400623058727
5064.497 13.732234001159668 13.810717582702637 13.6741518286431
5064.512 13.731613159179688 13.810717582702637 13.692100352584049
5064.527 13.718377113342285 13.810717582702637 13.708258384545708
5064.547 13.693638801574707 14.539824485778809 13.742937367989802
5064.562 13.716341972351074 14.539824485778809 13.789926394526475
5064.577 13.751581192016602 14.539824485778809 13.844432367557646
5064.602 13.902772903442383 14.539824485778809 13.902811430501112
5064.612 13.967387199401855 14.539824485778809 13.962344567018022
5064.627 14.089391708374023 14.539824485778809 14.021051091169772
5064.647 14.178109169006348 14.539824485778809 14.07753447285328
5064.662 14.250855445861816 14.539824485778809 14.130855619479199
5064.677 14.330286026000977 14.539824485778809 14.180429354577582
5064.697 14.343940734863281 14.539824485778809 14.225940396462457
5064.712 14.346264839172363 14.539824485778809 14.267275645864574
5064.727 14.372655868530273 14.539824485778809 14.304470042557039
5064.747 14.389592170715332 14.539824485778809 14.33766365040844
5064.777 14.350308418273926 14.204200744628906 14.357745098886419
5064.777 14.350308418273926 14.204200744628906 14.367871681935743
5064.797 14.28812313079834 14.204200744628906 14.370582650905368
5064.812 14.263160705566406 14.204200744628906 14.367903791859332
5064.827 14.253007888793945 14.204200744628906 14.361436635574092
5064.847 14.277470588684082 14.204200744628906 14.352434176238953
5064.862 14.272875785827637 14.204200744628906 14.341864818096466
5064.877 14.26692008972168 14.204200744628906 14.330466109144227
5064.897 14.287680625915527 14.204200744628906 14.318789662961176
5064.912 14.303102493286133 14.204200744628906 14.307238517527955
5064.927 14.317315101623535 14.204200744628906 14.296098036147983
5064.947 14.30996036529541 14.204200744628906 14.285561321848496
5064.962 14.310633659362793 14.204200744628906 14.275749993819948
5064.977 14.305676460266113 14.127482414245605 14.264599997904476
5064.997 14.249018669128418 14.127482414245605 14.252800345497556
5065.012 14.24575424194336 14.127482414245605 14.240862874104637
5065.027 14.256762504577637 14.127482414245605 14.229158228902625
5065.047 14.213247299194336 14.127482414245605 14.217945571534624
5065.062 14.19493293762207 14.127482414245605 14.207396968177552
5065.077 14.16905689239502 14.127482414245605 14.197617286975646
5065.097 14.14920711517334 14.127482414245605 14.188660324479747
5065.112 14.148611068725586 14.127482414245605 14.180541781584058
5065.127 14.180112838745117 14.127482414245605 14.173249621160087
5065.147 14.140813827514648 14.127482414245605 14.16675226152821
5065.162 14.14082145690918 14.127482414245605 14.161004991349742
5065.177 14.147536277770996 14.127482414245605 14.155954931678968
5065.197 14.163387298583984 14.127482414245605 14.151544818978335
5065.212 14.164640426635742 14.127482414245605 14.147715838073532
5065.227 14.155447959899902 14.127482414245605 14.144409695538936
5065.247 14.15482234954834 14.127482414245605 14.141570091130804
5065.262 14.167743682861328 14.127482414245605 14.139143716948196
5065.277 14.150229454040527 14.127482414245605 14.137080890377655
5065.297 14.136096000671387 14.127482414245605 14.135335907001103
5065.317 14.138432502746582 14.127482414245605 14.13386718300773
5065.327 14.119256973266602 14.127482414245605 14.132637242794512
5065.347 14.129941940307617 14.127482414245605 14.131612595963032
5065.362 14.135315895080566 14.127482414245605 14.13076353846705
5065.377 14.13873291015625 14.127482414245605 14.130063904925152
5065.397 14.117494583129883 14.427736282348633 14.137831178910272
5065.412 14.1116304397583 14.427736282348633 14.151450645531437
5065.427 14.141621589660645 14.427736282348633 14.168885864898574
5065.452 14.164756774902344 14.427736282348633 14.188571395311
5065.462 14.214204788208008 14.427736282348633 14.209322828259692
5065.477 14.266368865966797 14.427736282348633 14.230261729257146
5065.507 14.34535026550293 14.427736282348633 14.250753346153955
5065.512 14.34535026550293 14.427736282348633 14.27035519781207
5065.527 14.360429763793945 14.427736282348633 14.288774888459415
5065.547 14.380391120910645 14.427736282348633 14.30583570560627
5065.562 14.366035461425781 14.427736282348633 14.321448751794343
5065.577 14.349491119384766 14.427736282348633 14.335590533043995
5065.602 14.338345527648926 14.427736282348633 14.348285080478277
5065.612 14.341525077819824 14.427736282348633 14.359589817345197
5065.627 14.32903003692627 14.427736282348633 14.369584502824765
5065.647 14.31798267364502 14.427736282348633 14.378362687981584
5065.662 14.317405700683594 14.427736282348633 14.386025209423066
5065.677 14.348852157592773 14.427736282348633 14.392675324045019
5065.697 14.389575004577637 14.427736282348633 14.398415155035838
5065.717 14.386926651000977 14.427736282348633 14.403343176338087
5065.727 14.425533294677734 14.427736282348633 14.407552511213959
5065.747 14.452544212341309 14.427736282348633 14.41112986151391
5065.762 14.45950984954834 14.427736282348633 14.41415491869176
5065.777 14.444226264953613 14.427736282348633 14.416700136432116
5065.797 14.461100578308105 14.427736282348633 14.418830768749196
5065.812 14.450447082519531 15.587628364562988 14.452824325148532
5065.827 14.437291145324707 15.587628364562988 14.508708711115283
5065.847 14.567122459411621 15.587628364562988 14.578729180398646
5065.862 14.66252613067627 15.587628364562988 14.656935495944829
5065.877 14.847949981689453 15.587628364562988 14.738835936644412
5065.897 14.95600700378418 15.587628364562988 14.821108821170386
5065.912 15.053703308105469 15.587628364562988 14.901363265624557
5065.927 15.156454086303711 15.587628364562988 14.977941871034167
5065.952 15.188416481018066 15.587628364562988 15.049758941477345
5065.962 15.250761032104492 15.587628364562988 15.116168659766766
5065.977 15.246548652648926 15.587628364562988 15.176858394503219
5065.997 15.276287078857422 16.20612144470215 15.248943346766405
5066.017 15.308382987976074 16.20612144470215 15.327192511428079
5066.027 15.348109245300293 16.20612144470215 15.407685773416922
5066.047 15.490772247314453 16.20612144470215 15.487551380946384
5066.062 15.550821304321289 16.20612144470215 15.56474868012645
5066.077 15.643773078918457 16.20612144470215 15.6378893220502
5066.097 15.756051063537598 16.20612144470215 15.7060910082904
5066.112 15.857874870300293 16.20612144470215 15.768858618214978
5066.127 15.901923179626465 16.20612144470215 15.825988261958333
5066.147 15.977718353271484 16.20612144470215 15.877490428641167
5066.162 15.99588680267334 16.884647369384766 15.942376898608325
5066.177 16.03004264831543 16.884647369384766 16.015053050266598
5066.197 16.130043029785156 16.884647369384766 16.091293024820647
5066.212 16.171688079833984 16.884647369384766 16.16796929510549
5066.227 16.265605926513672 16.884647369384766 16.24282834737199
5066.247 16.36355972290039 16.884647369384766 16.314305641750117
5066.262 16.423677444458008 16.884647369384766 16.381373862418386
5066.277 16.502567291259766 16.884647369384766 16.443419240669076
5066.297 16.577455520629883 16.884647369384766 16.500141432352432
5066.312 16.613391876220703 16.884647369384766 16.551473057141195
5066.327 16.65302276611328 16.884647369384766 16.597515563786736
5066.347 16.677034378051758 17.860795974731445 16.665603819055537
5066.362 16.675281524658203 17.860795974731445 16.747600186557154
5066.377 16.69960594177246 17.860795974731445 16.837286357174143
5066.397 16.90671157836914 17.860795974731445 16.92999227046652
5066.412 17.062341690063477 17.860795974731445 17.022287168104903
5066.427 17.27941131591797 17.860795974731445 17.11172375710662
5066.447 17.36731719970703 17.860795974731445 17.196627541674
5066.462 17.447721481323242 17.860795974731445 17.275924377757548
5066.477 17.50714683532715 17.860795974731445 17.3490002107229
5066.497 17.56645393371582 17.860795974731445 17.415587773751366
5066.512 17.587854385375977 18.825193405151367 17.50246457567206
5066.527 17.611560821533203 18.825193405151367 17.601468753749526
5066.547 17.726375579833984 18.825193405151367 17.706414101548898
5066.562 17.826519012451172 18.825193405151367 17.812702138707124
5066.577 17.92827606201172 18.825193405151367 17.916999990768105
5066.597 18.04560661315918 18.825193405151367 18.016974380679358
5066.612 18.17873764038086 18.825193405151367 18.111073222771097
5066.627 18.30974006652832 18.825193405151367 18.19834739868159
5066.647 18.357280731201172 18.825193405151367 18.278306281012654
5066.667 18.424907684326172 18.825193405151367 18.350801456090128
5066.677 18.477642059326172 20.20502471923828 18.45426253761769
5066.697 18.568132400512695 20.20502471923828 18.57704193241247
5066.712 18.66021728515625 20.20502471923828 18.710255578996577
5066.727 18.91861915588379 20.20502471923828 18.847246726417755
5066.747 19.147005081176758 20.20502471923828 18.98313977266883
5066.762 19.23628807067871 20.20502471923828 19.114471039196847
5066.777 19.38559341430664 20.20502471923828 19.238884939206663
5066.797 19.55674171447754 20.20502471923828 19.354885451286563
5066.812 19.682783126831055 20.20502471923828 19.461634132024916
5066.827 19.723674774169922 21.845537185668945 19.604356887818437
5066.847 19.79468536376953 21.845537185668945 19.768896542128775
5066.862 19.887279510498047 21.845537185668945 19.94450109362397
5066.877 20.162263870239258 21.845537185668945 20.123157583221133
5066.897 20.417184829711914 21.845537185668945 20.299038614295373
5066.912 20.50261116027832 21.845537185668945 20.46804498209642
5066.927 20.87015151977539 21.845537185668945 20.627429886169104
5066.947 21.009990692138672 21.845537185668945 20.775492049137032
5066.962 21.104660034179688 21.845537185668945 20.911326742857977
5066.977 21.238513946533203 23.679473876953125 21.085567921985078
5066.997 21.445240020751953 23.679473876953125 21.282493715160673
5067.012 21.5327205657959 23.679473876953125 21.490206653243682
5067.027 21.693464279174805 23.679473876953125 21.699880573913465
5067.047 22.006195068359375 23.679473876953125 21.90513558922644
5067.062 22.162982940673828 23.679473876953125 22.101522193634484
5067.077 22.445316314697266 23.679473876953125 22.286097919666908
5067.097 22.692672729492188 23.679473876953125 22.4570820790023
5067.112 22.790355682373047 23.679473876953125 22.613576055262044
5067.127 22.971853256225586 25.62340545654297 22.809336450247645
5067.147 23.11699867248535 25.62340545654297 23.0277999887564
5067.162 23.2989559173584 25.62340545654297 23.256465680863034
5067.177 23.595966339111328 25.62340545654297 23.486091090787436
5067.202 23.84654426574707 25.62340545654297 23.710025814192722
5067.212 24.08278465270996 25.62340545654297 23.923661802711077
5067.227 24.292070388793945 25.62340545654297 24.12398269774592
5067.247 24.518287658691406 27.481033325195312 24.360797418939
5067.262 24.721019744873047 27.481033325195312 24.61718786095359
5067.277 24.905941009521484 27.481033325195312 24.880485611802147
5067.297 25.358863830566406 27.481033325195312 25.141419773370963
5067.312 25.67770004272461 27.481033325195312 25.39341185741349
5067.327 25.956632614135742 27.481033325195312 25.631995671851886
5067.347 26.14315414428711 27.481033325195312 25.85434289773533
5067.362 26.30563735961914 29.108325958251953 26.104080167442106
5067.377 26.455184936523438 29.108325958251953 26.36650982104652
5067.397 26.765409469604492 29.108325958251953 26.630745969562852
5067.412 26.975244522094727 29.108325958251953 26.88893687895941
5067.427 27.323970794677734 29.108325958251953 27.135623396622574
5067.447 27.499658584594727 29.94668960571289 27.390500577922207
5067.462 27.648666381835938 29.94668960571289 27.64416781226568
5067.477 27.986602783203125 29.94668960571289 27.88992160517504
5067.497 28.311065673828125 29.94668960571289 28.123177603547344
5067.512 28.615501403808594 29.94668960571289 28.340997515388803
5067.527 28.793405532836914 31.32429313659668 28.579971113778402
5067.547 28.965900421142578 31.32429313659668 28.827466697678343
5067.562 29.17967987060547 31.32429313659668 29.074194826353775
5067.577 29.401477813720703 31.32429313659668 29.31351938561823
5067.597 29.688196182250977 31.32429313659668 29.540890148463436
5067.612 29.90669822692871 31.32429313659668 29.753378168869222
5067.627 30.0836124420166 31.32429313659668 29.949297778453065
5067.647 30.310422897338867 32.578426361083984 30.162738186228342
5067.662 30.484235763549805 32.578426361083984 30.382806264947494
5067.677 30.648069381713867 32.578426361083984 30.601511171587543
5067.697 30.93071937561035 32.578426361083984 30.813164001328467
5067.712 31.13755226135254 32.578426361083984 31.013883596845393
5067.727 31.387269973754883 33.29999923706055 31.22123585618526
5067.747 31.543413162231445 33.29999923706055 31.427581738917766
5067.762 31.707103729248047 33.29999923706055 31.627474554422758
5067.777 31.900455474853516 33.29999923706055 31.817190093055736
5067.797 32.132633209228516 33.29999923706055 31.994342040124664
5067.812 32.289119720458984 33.29999923706055 32.157569192159805
5067.827 32.41725158691406 33.29999923706055 32.30628281993036
5067.847 32.564659118652344 33.29999923706055 32.440464154323465
5067.862 32.67984390258789 33.29999923706055 32.56050341899999
5067.877 32.70903015136719 33.29999923706055 32.66707310955535
5067.897 32.807411193847656 33.29999923706055 32.761029336032045
5067.912 32.8491325378418 33.29999923706055 32.8433360179866
5067.927 32.84025955200195 33.29999923706055 32.915007562913
5067.947 32.932334899902344 33.29999923706055 32.977066383337416
5067.962 32.980655670166016 33.29999923706055 33.030512228374754
5067.977 33.015193939208984 33.29999923706055 33.07630083421717
5067.997 33.08785629272461 33.29999923706055 33.11532984623254
5068.012 33.11641311645508 33.29999923706055 33.148430343436004
5068.027 33.16172790527344 33.29999923706055 33.17636261342698
5068.052 33.199214935302734 33.29999923706055 33.199815090855815
5068.062 33.23406982421875 33.29999923706055 33.219405592573665
5068.077 33.23835372924805 33.29999923706055 33.23568416442901
5068.097 33.28073501586914 31.646512985229492 33.20890717623775
5068.112 33.300235748291016 31.646512985229492 33.14631715859696
5068.127 33.19503402709961 31.646512985229492 33.05979974882902
5068.147 32.97728729248047 31.646512985229492 32.958537636690004
5068.162 32.76630783081055 31.646512985229492 32.8495213248113
5068.177 32.55183029174805 31.646512985229492 32.73797606776845
5068.202 32.18061828613281 29.5609188079834 32.583375250679005
5068.212 32.13111114501953 29.5609188079834 32.38862086855048
5068.227 31.924007415771484 29.5609188079834 32.17049960991627
5068.247 31.619709014892578 29.5609188079834 31.941691014614555
5068.267 31.39911651611328 29.5609188079834 31.71157895650262
5068.277 31.176481246948242 29.5609188079834 31.48692475234358
5068.297 30.96049690246582 27.325510025024414 31.21921498813794
5068.312 30.704944610595703 27.325510025024414 30.9191978452671
5068.327 30.423715591430664 27.325510025024414 30.604360891890416
5068.347 30.259756088256836 27.325510025024414 30.28764854637622
5068.362 29.812288284301758 27.325510025024414 29.978389735928687
5068.377 29.506582260131836 24.89288330078125 29.631723051181943
5068.397 29.025165557861328 24.89288330078125 29.2850563664352
5068.412 28.612913131713867 24.89288330078125 28.938389681688456
5068.427 28.112812042236328 24.89288330078125 28.591722996941712
5068.447 27.674901962280273 24.89288330078125 28.24505631219497
5068.462 27.39696502685547 24.89288330078125 27.898389627448225
5068.477 27.240005493164062 24.89288330078125 27.55172294270148
5068.497 26.977418899536133 22.140626907348633 27.205056257954737
5068.512 26.637187957763672 22.140626907348633 26.858389573207994
5068.527 26.46225357055664 22.140626907348633 26.51172288846125
5068.547 25.995349884033203 22.140626907348633 26.165056203714506
5068.562 25.64010238647461 22.140626907348633 25.818389518967763
5068.577 25.292264938354492 22.140626907348633 25.47172283422102
5068.597 24.731491088867188 19.60661506652832 25.125056149474275
5068.612 24.398555755615234 19.60661506652832 24.778389464727532
5068.627 24.169462203979492 19.60661506652832 24.431722779980788
5068.647 23.705062866210938 19.60661506652832 24.085056095234044
5068.667 23.471237182617188 19.60661506652832 23.7383894104873
5068.677 23.047985076904297 19.60661506652832 23.391722725740557
5068.702 22.58111000061035 19.60661506652832 23.045056040993813
5068.712 22.420013427734375 19.60661506652832 22.69838935624707
5068.727 22.20011329650879 17.62635612487793 22.351722671500326
5068.747 21.958829879760742 17.62635612487793 22.005055986753582
5068.762 21.88092803955078 17.62635612487793 21.65838930200684
5068.777 21.38934898376465 17.62635612487793 21.311722617260095
5068.797 20.778982162475586 17.62635612487793 20.96505593251335
5068.817 20.535198211669922 17.62635612487793 20.618389247766608
5068.827 20.2054500579834 17.62635612487793 20.271722563019864
5068.847 19.664888381958008 17.62635612487793 19.941360649558842
5068.862 19.446855545043945 17.62635612487793 19.64029559517812
5068.877 19.12615966796875 16.162445068359375 19.32792534149891
5068.897 18.928537368774414 16.162445068359375 19.01612998088568
5068.912 18.666730880737305 16.162445068359375 18.7134076101039
5068.927 18.3139705657959 16.162445068359375 18.42559650418832
5068.947 18.040393829345703 16.162445068359375 18.156466558315856
5068.962 17.797412872314453 16.162445068359375 17.908200609474488
5068.977 17.50829315185547 16.162445068359375 17.681783468606472
5068.997 17.271100997924805 16.162445068359375 17.477314005476646
5069.012 17.17711639404297 16.162445068359375 17.294253418969802
5069.027 17.049299240112305 14.961148262023926 17.0982515180031
5069.052 16.833120346069336 14.961148262023926 16.89841950634838
5069.062 16.760637283325195 14.961148262023926 16.701393471882145
5069.077 16.556095123291016 14.961148262023926 16.511851333665575
5069.097 16.2796573638916 14.961148262023926 16.332937714261433
5069.112 16.07498550415039 14.961148262023926 16.16661102312876
5069.127 15.898978233337402 14.961148262023926 16.013925150084695
5069.147 15.646821975708008 14.961148262023926 15.875256471162853
5069.177 15.382235527038574 14.961148262023926 15.750485355971087
5069.177 15.382235527038574 14.961148262023926 15.639140025919577
5069.197 15.376250267028809 14.58132553100586 15.529958801993223
5069.212 15.377449989318848 14.58132553100586 15.425361332849995
5069.227 15.44063663482666 14.58132553100586 15.326954373457319
5069.247 15.406991004943848 14.58132553100586 15.235717472895987
5069.267 15.302664756774902 14.58132553100586 15.152153473004446
5069.277 15.236924171447754 14.58132553100586 15.07640960760754
5069.297 15.124289512634277 14.58132553100586 15.008374168296717
5069.312 15.031311988830566 14.58132553100586 14.947752974411667
5069.327 15.006139755249023 14.58132553100586 14.894129245200203
5069.347 14.770597457885742 14.58132553100586 14.847009913757097
5069.362 14.683743476867676 14.58132553100586 14.805860937739588
5069.377 14.650596618652344 14.167482376098633 14.758638099195403
5069.397 14.612390518188477 14.167482376098633 14.70837407158213
5069.412 14.588424682617188 14.167482376098633 14.657326748315842
5069.427 14.551507949829102 14.167482376098633 14.607136044526218
5069.447 14.475383758544922 14.167482376098633 14.55895343771068
5069.472 14.440354347229004 14.167482376098633 14.513548372914716
5069.477 14.440354347229004 14.167482376098633 14.471395131789848
5069.497 14.404764175415039 14.167482376098633 14.432743287734596
5069.512 14.391944885253906 14.167482376098633 14.39767444064102
5069.527 14.369192123413086 14.167482376098633 14.366147542726802
5069.552 14.361445426940918 14.167482376098633 14.338034788927747
5069.562 14.352527618408203 14.167482376098633 14.31314974826998
5069.577 14.358563423156738 13.986425399780273 14.286239792206038
5069.597 14.297698974609375 13.986425399780273 14.258626145655114
5069.612 14.238646507263184 13.986425399780273 14.231275233416454
5069.627 14.190629959106445 13.986425399780273 14.204872361739135
5069.647 14.14030647277832 13.986425399780273 14.179882332295414
5069.662 14.116266250610352 13.986425399780273 14.15659900732185
5069.677 14.09741497039795 13.986425399780273 14.135185579621185
5069.702 14.066767692565918 13.986425399780273 14.11570706243664
5069.712 14.061506271362305 13.986425399780273 14.098156301071619
5069.727 14.032842636108398 13.986425399780273 14.082474619215319
5069.747 14.047398567199707 13.986425399780273 14.06856804663187
5069.762 14.048398971557617 13.986425399780273 14.056319929390904
5069.777 14.06573486328125 13.986425399780273 14.045600597301947
5069.797 14.063502311706543 13.986425399780273 14.036274653805089
5069.812 14.063971519470215 13.986425399780273 14.028206359458359
5069.827 14.055516242980957 13.986425399780273 14.02126349962809
5069.847 14.036433219909668 13.986425399780273 14.015320058422276
5069.862 14.00467586517334 13.986425399780273 14.010257962822159
5069.877 13.994733810424805 13.986425399780273 14.005968112007773
5069.897 13.986730575561523 13.986425399780273 14.002350865813465
5069.912 13.989063262939453 13.986425399780273 13.99931613199171
5069.927 13.995217323303223 13.986425399780273 13.996783163532184
5069.952 13.99294662475586 13.986425399780273 13.994680153817166
5069.962 13.993964195251465 13.986425399780273 13.992943698138648
5069.977 14.011228561401367 13.986425399780273 13.991518174399195
5069.997 13.976749420166016 14.366189002990723 14.000904073175672
5070.012 13.974743843078613 14.366189002990723 14.017777438491153
5070.027 14.031431198120117 14.366189002990723 14.039548116741292
5070.047 14.077492713928223 14.366189002990723 14.064223794729985
5070.062 14.111943244934082 14.366189002990723 14.090295953583865
5070.077 14.20079517364502 14.366189002990723 14.116644696993454
5070.097 14.192259788513184 14.366189002990723 14.142459749715048
5070.112 14.239542961120605 14.366189002990723 14.167175239245513
5070.127 14.264069557189941 14.366189002990723 14.19041616705779
5070.147 14.248000144958496 14.366189002990723 14.211954744265032
5070.162 14.264782905578613 14.366189002990723 14.231675009690102
5070.177 14.262876510620117 14.366189002990723 14.249544366490316
5070.197 14.275896072387695 14.275613784790039 14.263074889183608
5070.212 14.24935531616211 14.275613784790039 14.273120066272591
5070.227 14.242975234985352 14.275613784790039 14.280388379670637
5070.252 14.228716850280762 14.275613784790039 14.285464709849093
5070.262 14.262335777282715 14.275613784790039 14.288829109566233
5070.277 14.278887748718262 14.275613784790039 14.29087317025395
5070.297 14.272985458374023 14.275613784790039 14.291914208520621
5070.312 14.29090404510498 14.275613784790039 14.292207496334385
5070.327 14.263714790344238 14.275613784790039 14.291956749450048
5070.347 14.297533988952637 14.275613784790039 14.29132307623207
5070.362 14.30764102935791 14.275613784790039 14.29043257451631
5070.377 14.314135551452637 14.275613784790039 14.289382748542284
5070.397 14.293558120727539 14.275613784790039 14.288247902021178
5070.412 14.290399551391602 14.275613784790039 14.287083647627016
5070.427 14.297477722167969 14.275613784790039 14.285930657994143
5070.447 14.278711318969727 14.275613784790039 14.284817768933172
5070.462 14.291023254394531 14.275613784790039 14.283764532203055
5070.477 14.272380828857422 14.275613784790039 14.282783302888056
5070.502 14.268256187438965 14.275613784790039 14.281880935258867
5070.512 14.273510932922363 14.275613784790039 14.2810601509401
5070.527 14.263726234436035 14.275613784790039 14.280320634226053
5070.547 14.28312873840332 14.275613784790039 14.279659901427275
5070.562 14.264811515808105 14.275613784790039 14.279073984124045
5070.577 14.269098281860352 14.275613784790039 14.278557960073863
5070.597 14.291666984558105 14.275613784790039 14.278106360190222
5070.612 14.285021781921387 14.275613784790039 14.277713475400835
5070.627 14.286340713500977 13.953975677490234 14.268439190427607
5070.647 14.2692232131958 13.953975677490234 14.253057521174437
5070.662 14.253978729248047 13.953975677490234 14.233726161912491
5070.677 14.226226806640625 13.953975677490234 14.212101173793686
5070.697 14.161998748779297 13.953975677490234 14.189433112538426
5070.712 14.144326210021973 13.953975677490234 14.166647183984669
5070.727 14.08835506439209 13.953975677490234 14.144409726394578
5070.747 14.063498497009277 13.953975677490234 14.123183046873388
5070.762 14.044759750366211 13.953975677490234 14.103270388334845
5070.777 14.025413513183594 13.953975677490234 14.084852574275992
5070.797 14.04179859161377 13.953975677490234 14.068017671404938
5070.812 14.03235912322998 13.953975677490234 14.052784824434724
5070.827 14.038667678833008 13.953975677490234 14.039123252185302
5070.847 14.035392761230469 13.84626293182373 14.023975227261802
5070.862 14.016891479492188 13.84626293182373 14.008182689791166
5070.877 14.015556335449219 13.84626293182373 13.992366933313438
5070.897 13.991805076599121 13.84626293182373 13.976973863162288
5070.912 13.977906227111816 13.84626293182373 13.962311303532184
5070.927 13.954039573669434 13.84626293182373 13.94857956979691
5070.947 13.918157577514648 13.84626293182373 13.935896365027165
5070.962 13.91472053527832 13.84626293182373 13.924316917280908
5070.977 13.877555847167969 13.84626293182373 13.91385014674501
5070.997 13.900403022766113 13.84626293182373 13.904471538516418
5071.017 13.876514434814453 13.84626293182373 13.896133296847728
5071.027 13.877922058105469 13.84626293182373 13.88877226904655
5071.047 13.885951042175293 14.19424057006836 13.891982097366832
5071.067 13.886515617370605 14.19424057006836 13.9026785438442
5071.077 13.908028602600098 14.19424057006836 13.918443276345931
5071.097 13.953129768371582 14.19424057006836 13.937402371141726
5071.112 13.964038848876953 14.19424057006836 13.95812411729069
5071.127 14.0409517288208 14.19424057006836 13.979533492763649
5071.147 14.063631057739258 14.19424057006836 14.000840964305691
5071.162 14.076988220214844 14.19424057006836 14.021483530427512
5071.177 14.1171293258667 14.19424057006836 14.041076176333693
5071.197 14.102486610412598 14.19424057006836 14.059372139213352
5071.217 14.12304973602295 14.19424057006836 14.076230591365716
5071.227 14.125575065612793 14.19424057006836 14.091590537131685
5071.247 14.1188383102417 14.19424057006836 14.105449888138208
5071.262 14.09366512298584 14.19424057006836 14.117848830910077
5071.277 14.095199584960938 14.19424057006836 14.128856732689101
5071.297 14.089475631713867 14.19424057006836 14.13856194669583
5071.312 14.10580825805664 14.19424057006836 14.147063978512247
5071.327 14.104162216186523 14.19424057006836 14.154467562201628
5071.347 14.151533126831055 14.19424057006836 14.160878269625597
5071.362 14.181211471557617 14.19424057006836 14.166399340515898
5071.377 14.165116310119629 14.19424057006836 14.171129475473933
5071.397 14.198991775512695 14.19424057006836 14.175161380374101
5071.412 14.225173950195312 14.19424057006836 14.178580889706431
5071.427 14.242841720581055 14.19424057006836 14.181466529177275
5071.447 14.194729804992676 14.453566551208496 14.191092905489112
5071.472 14.20698070526123 14.453566551208496 14.205282743734168
5071.477 14.179960250854492 14.453566551208496 14.22234890074934
5071.497 14.22192668914795 14.453566551208496 14.241002359540722
5071.512 14.263850212097168 14.453566551208496 14.26027523289446
5071.527 14.294537544250488 14.453566551208496 14.279456662359728
5071.547 14.334334373474121 14.453566551208496 14.298039739498888
5071.562 14.35840892791748 14.453566551208496 14.315677800838804
5071.577 14.360129356384277 14.453566551208496 14.332148654670457
5071.597 14.378866195678711 14.453566551208496 14.347325486039832
5071.612 14.388557434082031 14.453566551208496 14.361153355970576
5071.627 14.40857219696045 15.068183898925781 14.390703068569502
5071.647 14.411089897155762 15.068183898925781 14.430699276079384
5071.662 14.466216087341309 15.068183898925781 14.477071132241033
5071.677 14.539698600769043 15.068183898925781 14.526724095925607
5071.697 14.605219841003418 15.068183898925781 14.57734927081802
5071.712 14.66500473022461 15.068183898925781 14.627264942056879
5071.727 14.736824989318848 15.068183898925781 14.67528558911991
5071.747 14.802971839904785 15.068183898925781 14.720614228549605
5071.762 14.839666366577148 15.068183898925781 14.76275446687747
5071.777 14.890426635742188 15.068183898925781 14.801439122164929
5071.802 14.917244911193848 15.068183898925781 14.836572702454424
5071.812 14.9154634475708 15.712013244628906 14.886069563184117
5071.827 14.950732231140137 15.712013244628906 14.944485195075579
5071.847 14.999123573303223 15.712013244628906 15.007669956223829
5071.862 15.02996826171875 15.712013244628906 15.072517460831778
5071.877 15.125127792358398 15.712013244628906 15.136755278467605
5071.897 15.205377578735352 15.712013244628906 15.19877176977308
5071.922 15.345135688781738 15.712013244628906 15.257473630080893
5071.927 15.406481742858887 15.712013244628906 15.312169397488507
5071.947 15.481751441955566 15.712013244628906 15.362474804679263
5071.962 15.497872352600098 15.712013244628906 15.40823641454509
5071.977 15.558697700500488 15.712013244628906 15.449470480432998
5071.997 15.530190467834473 16.926774978637695 15.52005780071834
5072.012 15.553618431091309 16.926774978637695 15.609720860453415
5072.027 15.632328033447266 16.926774978637695 15.710564225704262
5072.047 15.809326171875 16.926774978637695 15.816618938193711
5072.062 15.947736740112305 16.926774978637695 15.923462484917378
5072.077 16.096111297607422 16.926774978637695 16.027903486223124
5072.097 16.305326461791992 16.926774978637695 16.127721524120425
5072.117 16.488065719604492 16.926774978637695 16.22145371474584
5072.127 16.531660079956055 16.926774978637695 16.308220709349605
5072.147 16.57080841064453 16.926774978637695 16.387585785694824
5072.162 16.585275650024414 16.926774978637695 16.45944156838014
5072.177 16.5941104888916 16.926774978637695 16.52391969654848
5072.202 16.56892204284668 18.446712493896484 16.623539937391634
5072.212 16.563732147216797 18.446712493896484 16.74557812926482
5072.227 16.65511131286621 18.446712493896484 16.880292568917078
5072.247 16.917278289794922 18.446712493896484 17.020349584465237
5072.262 17.174400329589844 18.446712493896484 17.160344972933256
5072.277 17.380836486816406 18.446712493896484 17.296407434131677
5072.297 17.61024284362793 18.446712493896484 17.42587178430637
5072.312 17.876863479614258 18.446712493896484 17.547011256020475
5072.327 18.050249099731445 18.446712493896484 17.658819579284458
5072.347 18.132415771484375 18.446712493896484 17.76083479254911
5072.362 18.135730743408203 20.28995704650879 17.904199097152627
5072.377 18.111778259277344 20.28995704650879 18.073214574394715
5072.402 18.154399871826172 20.28995704650879 18.25591851679118
5072.412 18.37821388244629 20.28995704650879 18.443357415638953
5072.427 18.58221435546875 20.28995704650879 18.628983063251333
5072.447 18.879749298095703 20.28995704650879 18.808152945644732
5072.462 19.098711013793945 20.28995704650879 18.97771925469653
5072.477 19.198657989501953 20.28995704650879 19.135692827252676
5072.497 19.525381088256836 20.28995704650879 19.280970116907298
5072.512 19.73727798461914 22.374723434448242 19.46930296660852
5072.527 19.802955627441406 22.374723434448242 19.6849809719697
5072.547 20.07341194152832 22.374723434448242 19.914265282153714
5072.562 20.268064498901367 22.374723434448242 20.146931767979137
5072.577 20.502300262451172 22.374723434448242 20.375559187683855
5072.597 20.8278865814209 22.374723434448242 20.594941181074187
5072.612 21.043453216552734 22.374723434448242 20.801603340846004
5072.627 21.211997985839844 22.374723434448242 20.993409003897835
5072.647 21.38823127746582 22.374723434448242 21.169239575546026
5072.662 21.475868225097656 24.52701187133789 21.388125707240818
5072.677 21.625791549682617 24.52701187133789 21.632185389818396
5072.702 22.082719802856445 24.52701187133789 21.88750668048901
5072.712 22.18393325805664 24.52701187133789 22.143806531312595
5072.727 22.40900230407715 24.52701187133789 22.393688242521407
5072.747 22.845979690551758 24.52701187133789 22.63202912773243
5072.762 22.99859619140625 24.52701187133789 22.855478506980248
5072.777 23.218896865844727 24.52701187133789 23.06204871265906
5072.797 23.475669860839844 26.502826690673828 23.3056678663685
5072.817 23.667131423950195 26.502826690673828 23.569071566199057
5072.827 23.895477294921875 26.502826690673828 23.839337420254456
5072.847 24.4063777923584 26.502826690673828 24.10701376578497
5072.862 24.582508087158203 26.502826690673828 24.365398842092823
5072.877 24.808021545410156 26.502826690673828 24.609947811615637
5072.902 25.20042610168457 26.502826690673828 24.83778787717387
5072.917 25.265913009643555 26.502826690673828 25.047324337100953
5072.927 25.52513313293457 28.24410057067871 25.28629147936981
5072.947 25.696931838989258 28.24410057067871 25.539712633348845
5072.962 25.85987091064453 28.24410057067871 25.796453018272896
5072.977 26.14784812927246 28.24410057067871 26.048440507222264
5072.997 26.295373916625977 28.24410057067871 26.290022100925743
5073.012 26.592777252197266 28.24410057067871 26.517435535998366
5073.027 26.812713623046875 28.24410057067871 26.72837808373953
5073.047 27.063636779785156 29.785579681396484 26.96447584862993
5073.062 27.211467742919922 29.785579681396484 27.2120432468412
5073.077 27.424161911010742 29.785579681396484 27.460953675873093
5073.097 27.9106388092041 29.785579681396484 27.703912431001157
5073.112 28.196918487548828 29.785579681396484 27.935856964906353
5073.127 28.417814254760742 29.785579681396484 28.15346506937295
5073.147 28.68051528930664 31.17690086364746 28.39340187740407
5073.162 28.754220962524414 31.17690086364746 28.642676010630414
5073.177 29.090641021728516 31.17690086364746 28.891717611241255
5073.197 29.35565948486328 31.17690086364746 29.133674740520313
5073.212 29.567609786987305 31.17690086364746 29.36383363337969
5073.227 29.799711227416992 31.17690086364746 29.579143820399675
5073.247 29.935441970825195 32.45048904418945 29.813209049118317
5073.262 30.094776153564453 32.45048904418945 30.054213578190147
5073.277 30.392213821411133 32.45048904418945 30.293496701462256
5073.297 30.518953323364258 32.45048904418945 30.524899396485804
5073.312 30.829851150512695 32.45048904418945 30.744226598070977
5073.327 31.08359146118164 32.45048904418945 30.94880727330201
5073.347 31.34449005126953 33.29999923706055 31.1607343155558
5073.362 31.5201473236084 33.29999923706055 31.37203939116847
5073.377 31.68112564086914 33.29999923706055 31.577029137984933
5073.397 31.938966751098633 33.29999923706055 31.771798739029695
5073.417 32.19666290283203 33.29999923706055 31.953833635162404
5073.427 32.280517578125 33.29999923706055 32.12168546754298
5073.447 32.346641540527344 33.29999923706055 32.27471021972497
5073.462 32.47706985473633 33.29999923706055 32.41285820997975
5073.477 32.567787170410156 33.29999923706055 32.536507076499184
5073.497 32.64584732055664 33.29999923706055 32.64633021346094
5073.512 32.72373962402344 33.29999923706055 32.74319426809909
5073.527 32.78929901123047 33.29999923706055 32.82808031213175
5073.547 32.85991287231445 33.29999923706055 32.90202416949396
5073.562 32.92291259765625 33.29999923706055 32.96607213031862
5073.577 32.977882385253906 33.29999923706055 33.02124892189578
5073.597 33.05449295043945 33.29999923706055 33.0685353534952
5073.612 33.12394714355469 33.29999923706055 33.10885351510127
5073.627 33.14543151855469 33.29999923706055 33.14305780093144
5073.647 33.175865173339844 33.29999923706055 33.17193035672927
5073.662 33.23170852661133 33.29999923706055 33.196179823893566
5073.677 33.23231506347656 33.29999923706055 33.216442481225094
5073.697 33.24888229370117 33.29999923706055 33.2332850732508
5073.712 33.2369384765625 33.29999923706055 33.24720876869724
5073.727 33.243499755859375 32.955631256103516 33.249088040700116
5073.747 33.243106842041016 32.955631256103516 33.242283274074225
5073.762 33.22639465332031 32.955631256103516 33.22944396787426
5073.777 33.20707702636719 32.955631256103516 33.21263655583369
5073.802 33.14493942260742 32.955631256103516 33.19345220727136
5073.812 33.11442947387695 30.908309936523438 33.13121229866244
5073.827 33.048057556152344 30.908309936523438 33.02591683000691
5073.847 32.83174133300781 30.908309936523438 32.891632659182875
5073.862 32.63594436645508 30.908309936523438 32.7403033684784
5073.877 32.56729507446289 30.908309936523438 32.580962000625085
5073.897 32.19989776611328 28.714641571044922 32.37856507272517
5073.912 31.861051559448242 28.714641571044922 32.13311258477866
5073.927 31.593250274658203 28.714641571044922 31.862247433979924
5073.947 31.167675018310547 28.714641571044922 31.580693907930737
5073.967 30.79888343811035 28.714641571044922 31.2993013118716
5073.977 30.68560218811035 28.714641571044922 31.025840510786583
5073.997 30.255756378173828 26.33890151977539 30.709324149654968
5074.012 30.1455020904541 26.33890151977539 30.362657464908224
5074.027 29.87038230895996 26.33890151977539 30.01599078016148
5074.047 29.4398136138916 26.33890151977539 29.669324095414737
5074.062 29.10470962524414 26.33890151977539 29.322657410667993
5074.077 28.803213119506836 26.33890151977539 28.988008957813538
5074.097 28.416810989379883 23.727092742919922 28.641342273066794
5074.112 28.112279891967773 23.727092742919922 28.29467558832005
5074.127 27.760818481445312 23.727092742919922 27.948008903573307
5074.147 27.26074981689453 23.727092742919922 27.601342218826563
5074.162 26.846900939941406 23.727092742919922 27.25467553407982
5074.177 26.535816192626953 23.727092742919922 26.908008849333076
5074.197 26.160680770874023 20.863107681274414 26.561342164586332
5074.212 25.877931594848633 20.863107681274414 26.21467547983959
5074.227 25.568445205688477 20.863107681274414 25.868008795092845
5074.247 25.09111976623535 20.863107681274414 25.5213421103461
5074.262 24.772451400756836 20.863107681274414 25.174675425599357
5074.277 24.45761489868164 20.863107681274414 24.828008740852614
5074.297 24.05202865600586 20.863107681274414 24.48134205610587
5074.312 23.83156394958496 20.863107681274414 24.134675371359126
5074.327 23.672035217285156 18.336048126220703 23.788008686612383
5074.347 23.314456939697266 18.336048126220703 23.44134200186564
5074.362 23.0229549407959 18.336048126220703 23.094675317118895
5074.377 22.68453025817871 18.336048126220703 22.74800863237215
5074.397 22.4556827545166 18.336048126220703 22.401341947625408
5074.412 21.968969345092773 18.336048126220703 22.054675262878664
5074.427 21.459562301635742 18.336048126220703 21.70800857813192
5074.447 21.15620231628418 18.336048126220703 21.361341893385177
5074.462 20.89204216003418 16.45696449279785 21.014675208638433
5074.477 20.587488174438477 16.45696449279785 20.66800852389169
5074.497 20.109893798828125 16.45696449279785 20.321341839144946
5074.512 19.65254783630371 16.45696449279785 19.974675154398202
5074.527 19.46031951904297 16.45696449279785 19.62800846965146
5074.547 19.065479278564453 16.45696449279785 19.281341784904715
5074.562 18.68933868408203 16.45696449279785 18.93819882003098
5074.577 18.552845001220703 16.45696449279785 18.623356517329697
5074.597 18.273880004882812 15.166143417358398 18.30168583114101
5074.612 18.020694732666016 15.166143417358398 17.984056767991188
5074.627 17.73146629333496 15.166143417358398 17.67814723174508
5074.647 17.41948127746582 15.166143417358398 17.38913417761109
5074.662 16.985509872436523 15.166143417358398 17.12025840997112
5074.677 16.70615005493164 15.166143417358398 16.87328313612335
5074.697 16.37790870666504 15.166143417358398 16.64886364082551
5074.712 16.176761627197266 15.166143417358398 16.446842995341445
5074.727 15.997997283935547 15.166143417358398 16.26648654374172
5074.752 15.918142318725586 15.166143417358398 16.106665999394874
5074.762 15.892349243164062 14.09099292755127 15.936137020472001
5074.777 15.855525970458984 14.09099292755127 15.762670580169841
5074.797 15.68226432800293 14.09099292755127 15.591917471989154
5074.822 15.519098281860352 14.09099292755127 15.427852060844087
5074.827 15.348793983459473 14.09099292755127 15.273136872149566
5074.847 15.108619689941406 14.09099292755127 15.129420320651786
5074.862 14.921908378601074 14.09099292755127 14.997578252496048
5074.877 14.766663551330566 14.09099292755127 14.87790851061297
5074.897 14.569599151611328 14.09099292755127 14.770286428888916
5074.912 14.515603065490723 14.09099292755127 14.674288006016077
5074.927 14.46806812286377 14.09099292755127 14.589286494950576
5074.947 14.42730712890625 13.774555206298828 14.505737319564288
5074.962 14.410901069641113 13.774555206298828 14.425549795396115
5074.977 14.357049942016602 13.774555206298828 14.349998886010486
5074.997 14.293475151062012 13.774555206298828 14.27986952040789
5075.012 14.268155097961426 13.774555206298828 14.215573632572957
5075.027 14.232108116149902 13.774555206298828 14.157244400789244
5075.047 14.176353454589844 13.774555206298828 14.104811529028181
5075.062 14.084810256958008 13.774555206298828 14.058060850674837
5075.077 13.986376762390137 13.774555206298828 14.016681040936108
5075.097 13.952329635620117 13.774555206298828 13.98029979290446
5075.112 13.917311668395996 13.774555206298828 13.948511437684205
5075.127 13.879521369934082 13.774555206298828 13.920897665536913
5075.152 13.848555564880371 13.489914894104004 13.889136051006405
5075.162 13.83874225616455 13.489914894104004 13.85528408332487
5075.177 13.81135368347168 13.489914894104004 13.820874361783003
5075.197 13.789775848388672 13.489914894104004 13.787020742347561
5075.217 13.739912986755371 13.489914894104004 13.754506041162578
5075.227 13.689971923828125 13.489914894104004 13.723854084275544
5075.247 13.657570838928223 13.489914894104004 13.695388537443522
5075.262 13.612116813659668 13.489914894104004 13.669280627501983
5075.277 13.6238374710083 13.489914894104004 13.645587577093362
5075.297 13.570882797241211 13.489914894104004 13.62428331633876
5075.317 13.604174613952637 13.489914894104004 13.605282806550262
5075.327 13.569229125976562 13.489914894104004 13.588461110247051
5075.347 13.574752807617188 13.417671203613281 13.571661396910308
5075.362 13.59798812866211 13.417671203613281 13.555344096785017
5075.377 13.581870079040527 13.417671203613281 13.539825784504899
5075.397 13.563594818115234 13.417671203613281 13.525311144443647
5075.412 13.544716835021973 13.417671203613281 13.511918987279284
5075.427 13.522357940673828 13.417671203613281 13.49970328057892
5075.447 13.48963451385498 13.417671203613281 13.488670021915219
5075.462 13.436063766479492 13.417671203613281 13.47879066376628
5075.477 13.427618980407715 13.417671203613281 13.470012694279742
5075.497 13.43124771118164 13.417671203613281 13.462267885829489
5075.512 13.424128532409668 13.417671203613281 13.455478643030474
5075.527 13.426430702209473 13.417671203613281 13.449562812364816
5075.547 13.446134567260742 13.417671203613281 13.444437255695231
5075.562 13.433195114135742 13.810717582702637 13.45093839474703
5075.577 13.445699691772461 13.810717582702637 13.465591411679295
5075.597 13.503390312194824 13.810717582702637 13.48567957934819
5075.612 13.530294418334961 13.810717582702637 13.50910493358235
5075.627 13.598123550415039 13.810717582702637 13.534271233786813
5075.647 13.630694389343262 13.810717582702637 13.559986147943446
5075.662 13.660282135009766 13.810717582702637 13.585379932178837
5075.677 13.67573070526123 13.810717582702637 13.609838190339744
5075.707 13.710858345031738 13.810717582702637 13.632946592030203
5075.717 13.696094512939453 13.810717582702637 13.654445696489542
5075.727 13.704989433288574 13.810717582702637 13.674194273881975
5075.747 13.703186988830566 13.810717582702637 13.692139735250871
5075.762 13.680654525756836 13.810717582702637 13.708294478406188
5075.777 13.686979293823242 14.539824485778809 13.742970102265113
5075.797 13.722474098205566 14.539824485778809 13.789955811813611
5075.812 13.779207229614258 14.539824485778809 13.844458590523022
5075.827 13.86821174621582 14.539824485778809 13.902834635786826
5075.847 14.049783706665039 14.539824485778809 13.96236496504202
5075.862 14.133482933044434 14.539824485778809 14.021068910711078
5075.877 14.205729484558105 14.539824485778809 14.077549949494717
5075.897 14.257862091064453 14.539824485778809 14.130868987135681
5075.917 14.295341491699219 14.539824485778809 14.180440839471046
5075.927 14.322942733764648 14.539824485778809 14.225950213017603
5075.952 14.315696716308594 14.539824485778809 14.267283994095166
5075.962 14.31362247467041 14.539824485778809 14.30447710659307
5075.977 14.320712089538574 14.539824485778809 14.337669597881812
5075.997 14.323404312133789 14.204200744628906 14.357750080948957
5076.012 14.337271690368652 14.204200744628906 14.367875833729892
5076.027 14.343404769897461 14.204200744628906 14.37058609234622
5076.047 14.316850662231445 14.204200744628906 14.367906628618078
5076.062 14.313611030578613 14.204200744628906 14.361438960178475
5076.077 14.29176139831543 14.204200744628906 14.352436069227032
5076.097 14.300325393676758 14.204200744628906 14.341866349176525
5076.112 14.296350479125977 14.204200744628906 14.330467338326873
5076.127 14.274849891662598 14.204200744628906 14.318790641640048
5076.147 14.308062553405762 14.204200744628906 14.307239289493596
5076.162 14.29035472869873 14.204200744628906 14.296098638525654
5076.177 14.29449462890625 14.204200744628906 14.285561785955409
5076.197 14.27039909362793 14.127482414245605 14.273619280985804
5076.212 14.276568412780762 14.127482414245605 14.261001128101187
5076.227 14.261341094970703 14.127482414245605 14.248249265170818
5076.247 14.231181144714355 14.127482414245605 14.235755795161316
5076.262 14.22536563873291 14.127482414245605 14.22379454761108
5076.277 14.214707374572754 14.127482414245605 14.21254698305984
5076.297 14.176030158996582 14.127482414245605 14.202123323695234
5076.312 14.18698787689209 14.127482414245605 14.192579675825874
5076.327 14.16228199005127 14.127482414245605 14.18393180420579
5076.347 14.171085357666016 14.127482414245605 14.176166124232289
5076.362 14.167720794677734 14.127482414245605 14.169248394947566
5076.377 14.149768829345703 14.127482414245605 14.16313052281078
5076.397 14.130412101745605 14.127482414245605 14.15775582252861
5076.412 14.141326904296875 14.127482414245605 14.1530630259769
5076.427 14.150259017944336 14.127482414245605 14.148989282561976
5076.447 14.169336318969727 14.127482414245605 14.145472353437041
5076.462 14.148042678833008 14.127482414245605 14.142452167030921
5076.477 14.140070915222168 14.127482414245605 14.139871873641532
5076.497 14.154742240905762 14.127482414245605 14.13767851173148
5076.512 14.173138618469238 14.127482414245605 14.135823377435315
5076.527 14.176416397094727 14.127482414245605 14.134262171104373
5076.547 14.145355224609375 14.127482414245605 14.132954979991213
5076.562 14.113739013671875 14.127482414245605 14.131866143981753
5076.577 14.084412574768066 14.127482414245605 14.130964041241246
5076.597 14.090739250183105 14.127482414245605 14.130220822419469
5076.612 14.108299255371094 14.427736282348633 14.137952501468245
5076.627 14.120966911315918 14.427736282348633 14.15154308831415
5076.652 14.125100135803223 14.427736282348633 14.168955042654101
5076.662 14.194459915161133 14.427736282348633 14.188621978192867
5076.677 14.215988159179688 14.427736282348633 14.209358679735512
5076.697 14.326301574707031 14.427736282348633 14.230286027351084
5076.712 14.361824989318848 14.427736282348633 14.250768689377258
5076.727 14.362558364868164 14.427736282348633 14.270363697177526
5076.747 14.357015609741211 14.427736282348633 14.288778246966672
5076.762 14.362900733947754 14.427736282348633 14.305835286540015
5076.777 14.372356414794922 14.427736282348633 14.321445637107857
5076.797 14.328739166259766 14.427736282348633 14.335585573015463
5076.812 14.307004928588867 14.427736282348633 14.348278935733225
5076.827 14.312761306762695 14.427736282348633 14.359582994240702
5076.847 14.32272720336914 14.427736282348633 14.369577383093379
5076.867 14.314781188964844 14.427736282348633 14.378355553437935
5076.877 14.328987121582031 14.427736282348633 14.386018262445749
5076.897 14.359864234924316 14.427736282348633 14.392668704461851
5076.912 14.385106086730957 14.427736282348633 14.398408953962468
5076.927 14.434158325195312 14.427736282348633 14.403337447448788
5076.947 14.45884895324707 14.427736282348633 14.407547279859068
5076.962 14.447097778320312 14.427736282348633 14.411125132040768
5076.977 14.470730781555176 14.427736282348633 14.414150680274798
5076.997 14.438762664794922 14.427736282348633 14.416696367672557
5077.012 14.429469108581543 14.427736282348633 14.418827441265213
5077.027 14.450333595275879 15.587628364562988 14.45282140634216
5077.047 14.445988655090332 15.587628364562988 14.508706166272487
5077.062 14.531500816345215 15.587628364562988 14.578726974253161
5077.077 14.625072479248047 15.587628364562988 14.656933593814237
5077.097 14.816871643066406 15.587628364562988 14.738834305228123
5077.112 15.001051902770996 15.587628364562988 14.821107429083133
5077.127 15.018239974975586 15.587628364562988 14.901362083725537
5077.152 15.182796478271484 15.587628364562988 14.977940872600577
5077.167 15.329721450805664 15.587628364562988 15.04975810226158
5077.177 15.329721450805664 15.587628364562988 15.116167957968656
5077.197 15.373687744140625 15.587628364562988 15.176857810682154
5077.212 15.339773178100586 16.20612144470215 15.24894286371281
5077.227 15.299142837524414 16.20612144470215 15.327192114009325
5077.247 15.29619026184082 16.20612144470215 15.407685448409215
5077.262 15.326234817504883 16.20612144470215 15.48755111686125
5077.277 15.389452934265137 16.20612144470215 15.564748467038191
5077.302 15.50971794128418 16.20612144470215 15.637889151428821
5077.312 15.68712329864502 16.20612144470215 15.7060908728431
5077.327 15.803754806518555 16.20612144470215 15.768858511738193
5077.347 15.935559272766113 16.20612144470215 15.825988179201438
5077.362 16.02777671813965 16.20612144470215 15.87749036518233
5077.377 16.09600830078125 16.20612144470215 15.92352890642422
5077.397 16.11652946472168 16.884647369384766 15.983220931500957
5077.412 16.12834358215332 16.884647369384766 16.051039841143606
5077.427 16.158418655395508 16.884647369384766 16.122799159140712
5077.447 16.22858238220215 16.884647369384766 16.195389121803558
5077.472 16.276533126831055 16.884647369384766 16.266557991735837
5077.477 16.346162796020508 16.884647369384766 16.334731498638995
5077.497 16.371213912963867 16.884647369384766 16.39886462002626
5077.512 16.4601993560791 16.884647369384766 16.458320656073596
5077.527 16.557628631591797 16.884647369384766 16.51277322430062
5077.552 16.626028060913086 16.884647369384766 16.56212740249961
5077.562 16.65503692626953 17.860795974731445 16.63357202691551
5077.577 16.698043823242188 17.860795974731445 16.718863564352986
5077.597 16.79159164428711 17.860795974731445 16.81170951296425
5077.612 16.92933464050293 17.860795974731445 16.907390401741324
5077.627 17.078407287597656 17.860795974731445 17.002445194852076
5077.647 17.23716163635254 17.860795974731445 17.094410874882723
5077.662 17.319887161254883 17.860795974731445 17.181608088095402
5077.677 17.458818435668945 17.860795974731445 17.26296575509489
5077.697 17.477916717529297 17.860795974731445 17.337878478631055
5077.712 17.517974853515625 17.860795974731445 17.40609141690957
5077.727 17.508054733276367 18.825193405151367 17.494396858786352
5077.747 17.600414276123047 18.825193405151367 17.5946489987481
5077.762 17.679048538208008 18.825193405151367 17.700678156871454
5077.777 17.77574920654297 18.825193405151367 17.807902256559068
5077.797 17.84436798095703 18.825193405151367 17.91300428349252
5077.812 18.03554916381836 18.825193405151367 18.013665990597502
5077.827 18.30559539794922 18.825193405151367 18.108349309735342
5077.847 18.36981773376465 18.825193405151367 18.196118025112455
5077.867 18.385234832763672 18.825193405151367 18.276493254437334
5077.877 18.461000442504883 18.825193405151367 18.34933717337546
5077.897 18.51032066345215 20.20502471923828 18.453088862522094
5077.912 18.566848754882812 20.20502471923828 18.57610912819564
5077.927 18.72751235961914 20.20502471923828 18.709521310136918
5077.947 18.910114288330078 20.20502471923828 18.84667513758714
5077.962 18.95054054260254 20.20502471923828 18.982700648659137
5077.977 19.24698829650879 20.20502471923828 19.114139046197284
5077.997 19.38985824584961 20.20502471923828 19.23863894545817
5078.012 19.50367546081543 20.20502471923828 19.354707923493795
5078.027 19.607879638671875 20.20502471923828 19.461510602827495
5078.047 19.71209716796875 21.845537185668945 19.6042754889805
5078.062 19.805753707885742 21.845537185668945 19.768847597793584
5078.077 19.90196990966797 21.845537185668945 19.94447676791361
5078.097 20.257863998413086 21.845537185668945 20.123151576572454
5078.112 20.490934371948242 21.845537185668945 20.299045903158664
5078.127 20.65665626525879 21.845537185668945 20.46806159694131
5078.147 20.8121395111084 21.845537185668945 20.627452723110487
5078.162 21.02964973449707 21.845537185668945 20.775518710887926
5078.177 21.114395141601562 21.845537185668945 20.91135540511803
5078.197 21.187410354614258 23.679473876953125 21.08559722176936
5078.212 21.207942962646484 23.679473876953125 21.282522657954324
5078.227 21.433107376098633 23.679473876953125 21.490234536227483
5078.247 21.736846923828125 23.679473876953125 21.699906922839478
5078.262 22.080339431762695 23.679473876953125 21.905160106829708
5078.277 22.299467086791992 23.679473876953125 22.101544717745206
5078.297 22.408706665039062 23.679473876953125 22.286118389438194
5078.312 22.61380386352539 23.679473876953125 22.457100507892203
5078.327 22.835552215576172 23.679473876953125 22.613592509606654
5078.357 23.027488708496094 25.62340545654297 22.809351032436318
5078.362 23.09621810913086 25.62340545654297 23.027812824172507
5078.377 23.32693099975586 25.62340545654297 23.25647690788612
5078.397 23.496883392333984 25.62340545654297 23.4861008532671
5078.412 23.9140625 25.62340545654297 23.710034255902933
5078.427 24.137191772460938 25.62340545654297 23.92366906337789
5078.447 24.32773208618164 25.62340545654297 24.123988910313106
5078.462 24.536640167236328 27.481033325195312 24.360802707796807
5078.477 24.68971824645996 27.481033325195312 24.617192340906954
5078.497 25.03450584411621 27.481033325195312 24.88048938759751
5078.512 25.267385482788086 27.481033325195312 25.141422939636556
5078.527 25.459016799926758 27.481033325195312 25.39341449889759
5078.547 25.900739669799805 27.481033325195312 25.63199786386803
5078.562 26.171234130859375 27.481033325195312 25.854344706743433
5078.577 26.330224990844727 29.108325958251953 26.10408165171089
5078.597 26.613588333129883 29.108325958251953 26.366511031355767
5078.612 26.801334381103516 29.108325958251953 26.63074694991473
5078.627 27.049835205078125 29.108325958251953 26.88893766727651
5078.647 27.26727294921875 29.108325958251953 27.135624025417055
5078.662 27.466365814208984 29.108325958251953 27.367213193400378
5078.677 27.615154266357422 29.94668960571289 27.60483755707104
5078.697 27.96695327758789 29.94668960571289 27.84018646677131
5078.717 28.112472534179688 29.94668960571289 28.067367164097284
5078.727 28.40381622314453 29.94668960571289 28.282383400425083
5078.747 28.723716735839844 31.32429313659668 28.520975868101253
5078.762 28.877843856811523 31.32429313659668 28.76983706532417
5078.777 28.998870849609375 31.32429313659668 29.019144706815485
5078.797 29.441787719726562 31.32429313659668 29.261847087039882
5078.812 29.709178924560547 31.32429313659668 29.49307396330003
5078.827 29.931562423706055 31.32429313659668 29.709653759100405
5078.847 30.183629989624023 31.32429313659668 29.909720374721285
5078.862 30.327482223510742 32.578426361083984 30.127232175869047
5078.877 30.490474700927734 32.578426361083984 30.351204364613395
5078.897 30.698930740356445 32.578426361083984 30.57358504737021
5078.912 30.882381439208984 32.578426361083984 30.78864790902745
5078.927 31.109697341918945 32.578426361083984 30.992492363335632
5078.947 31.285451889038086 33.29999923706055 31.20267830575586
5078.962 31.437755584716797 33.29999923706055 31.411570482219787
5078.977 31.63735008239746 33.29999923706055 31.613732898704892
5078.997 31.909061431884766 33.29999923706055 31.805456697372062
5079.017 32.17185974121094 33.29999923706055 31.984373825127694
5079.027 32.29563522338867 33.29999923706055 32.14914291818547
5079.047 32.43793869018555 33.29999923706055 32.29919566685649
5079.062 32.54729461669922 33.29999923706055 32.434533569925506
5079.077 32.647579193115234 33.29999923706055 32.55556644727536
5079.097 32.72541046142578 33.29999923706055 32.662985365016354
5079.112 32.762306213378906 33.29999923706055 32.757663752768124
5079.127 32.817440032958984 33.29999923706055 32.84058147205957
5079.147 32.88043975830078 33.29999923706055 32.912767442241
5079.162 32.9232292175293 33.29999923706055 32.9752571596713
5079.177 32.95981979370117 33.29999923706055 33.02906207044134
5079.197 33.03221893310547 33.29999923706055 33.075148288889245
5079.212 33.05898666381836 33.29999923706055 33.11442260508548
5079.227 33.13056945800781 33.29999923706055 33.14772410476054
5079.247 33.1461067199707 33.29999923706055 33.1758200442629
5079.267 33.207679748535156 33.29999923706055 33.19940488953971
5079.277 33.23309326171875 33.29999923706055 33.21910164936217
5079.297 33.281036376953125 33.29999923706055 33.23546481572546
5079.317 33.29933166503906 33.29999923706055 33.24898437437919
5079.327 33.32057571411133 31.646512985229492 33.21944837298633
5079.347 33.21664810180664 31.646512985229492 33.15458825154048
5079.372 33.21664810180664 31.646512985229492 33.06621418147341
5079.377 32.96092987060547 31.646512985229492 32.96344328411096
5079.397 32.69852066040039 31.646512985229492 32.85320940817962
5079.412 32.482391357421875 29.5609188079834 32.69991997220169
5079.427 32.29195022583008 29.5609188079834 32.503574976177156
5079.447 31.945188522338867 29.5609188079834 32.28112060761827
5079.462 31.612199783325195 29.5609188079834 32.04613381112233
5079.477 31.451213836669922 29.5609188079834 31.80869285315133
5079.497 31.17209243774414 29.5609188079834 31.576088662346635
5079.512 31.01055908203125 27.325510025024414 31.300428911495338
5079.527 30.843320846557617 27.325510025024414 30.992458335761793
5079.547 30.485187530517578 27.325510025024414 30.669886408447244
5079.562 30.203027725219727 27.325510025024414 30.345810511630997
5079.577 29.879169464111328 27.325510025024414 30.02965887921132
5079.597 29.368478775024414 24.89288330078125 29.682992194464575
5079.617 29.15451431274414 24.89288330078125 29.33632550971783
5079.627 28.86176300048828 24.89288330078125 28.989658824971087
5079.647 28.31812286376953 24.89288330078125 28.642992140224344
5079.662 27.940383911132812 24.89288330078125 28.2963254554776
5079.677 27.574100494384766 24.89288330078125 27.949658770730856
5079.697 27.162321090698242 24.89288330078125 27.602992085984113
5079.712 26.782285690307617 22.140626907348633 27.25632540123737
5079.727 26.620798110961914 22.140626907348633 26.909658716490625
5079.747 26.228971481323242 22.140626907348633 26.56299203174388
5079.762 25.93394660949707 22.140626907348633 26.216325346997138
5079.777 25.654144287109375 22.140626907348633 25.869658662250394
5079.797 25.264423370361328 22.140626907348633 25.52299197750365
5079.817 25.005945205688477 22.140626907348633 25.176325292756907
5079.827 24.731477737426758 19.60661506652832 24.829658608010163
5079.847 24.203962326049805 19.60661506652832 24.48299192326342
5079.862 23.974905014038086 19.60661506652832 24.136325238516676
5079.877 23.514904022216797 19.60661506652832 23.789658553769932
5079.897 23.206432342529297 19.60661506652832 23.44299186902319
5079.912 22.96657371520996 19.60661506652832 23.096325184276445
5079.927 22.56038475036621 19.60661506652832 22.7496584995297
5079.947 22.063941955566406 17.62635612487793 22.402991814782958
5079.962 21.86541175842285 17.62635612487793 22.056325130036214
5079.977 21.5413875579834 17.62635612487793 21.70965844528947
5079.997 21.119306564331055 17.62635612487793 21.362991760542727
5080.017 20.589534759521484 17.62635612487793 21.016325075795983
5080.027 20.493728637695312 17.62635612487793 20.66965839104924
5080.047 20.362926483154297 17.62635612487793 20.322991706302496
5080.062 19.930538177490234 17.62635612487793 19.98806093382561
5080.077 19.659805297851562 17.62635612487793 19.682424300297203
5080.097 19.353641510009766 16.162445068359375 19.365607506365446
5080.112 19.11313247680664 16.162445068359375 19.049578731725898
5080.127 18.785968780517578 16.162445068359375 18.742893282223115
5080.147 18.34221649169922 16.162445068359375 18.45142292341619
5080.167 18.00800895690918 16.162445068359375 18.17895311241673
5080.177 17.806957244873047 16.162445068359375 17.927668967049076
5080.197 17.38266944885254 16.162445068359375 17.698547997615012
5080.212 17.173954010009766 16.162445068359375 17.491675109309547
5080.227 17.042512893676758 16.162445068359375 17.306493148536486
5080.247 16.939870834350586 14.961148262023926 17.108630936853583
5080.262 16.863056182861328 14.961148262023926 16.907177385326044
5080.277 16.760356903076172 14.961148262023926 16.70874597286683
5080.297 16.681901931762695 14.961148262023926 16.51799241094962
5080.312 16.365741729736328 14.961148262023926 16.33804001908002
5080.327 16.14398765563965 14.961148262023926 16.17082714365826
5080.347 16.030879974365234 14.961148262023926 16.01738905741541
5080.362 15.723906517028809 14.961148262023926 15.878085072720777
5080.377 15.530155181884766 14.961148262023926 15.752780082794205
5080.397 15.468498229980469 14.961148262023926 15.64098840010557
5080.417 15.334213256835938 14.58132553100586 15.53143594639646
5080.427 15.335586547851562 14.58132553100586 15.426531397454486
5080.447 15.27401065826416 14.58132553100586 15.32787186241262
5080.462 15.230125427246094 14.58132553100586 15.236428463499461
5080.477 15.189957618713379 14.58132553100586 15.15269672338445
5080.497 15.143512725830078 14.58132553100586 15.076817553873294
5080.512 15.091902732849121 14.58132553100586 15.008673814774028
5080.527 15.027862548828125 14.58132553100586 14.947966682528067
5080.547 15.00145435333252 14.58132553100586 14.894275427822034
5080.562 14.9052095413208 14.58132553100586 14.847103642480011
5080.577 14.77792739868164 14.58132553100586 14.80591447092648
5080.597 14.664889335632324 14.167482376098633 14.758661338548947
5080.612 14.620223999023438 14.167482376098633 14.70837495481789
5080.627 14.597143173217773 14.167482376098633 14.657311585133192
5080.647 14.537535667419434 14.167482376098633 14.607109802610173
5080.662 14.494098663330078 14.167482376098633 14.558919984978056
5080.677 14.466897010803223 14.167482376098633 14.513510681672985
5080.697 14.446868896484375 14.167482376098633 14.471355449929032
5080.712 14.398138046264648 14.167482376098633 14.432703281537492
5080.727 14.358558654785156 14.167482376098633 14.397635313286285
5080.747 14.366608619689941 14.167482376098633 14.366110132080161
5080.762 14.327439308166504 14.167482376098633 14.337999647773286
5080.777 14.321187973022461 14.167482376098633 14.313117209728164
5080.797 14.323137283325195 13.986425399780273 14.28621002271839
5080.812 14.269335746765137 13.986425399780273 14.258599187586544
5080.827 14.255982398986816 13.986425399780273 14.231251039033499
5080.847 14.226990699768066 13.986425399780273 14.204850820063758
5080.862 14.164240837097168 13.986425399780273 14.179863290107031
5080.877 14.151451110839844 13.986425399780273 14.156582285382175
5080.897 14.102608680725098 13.986425399780273 14.135170985024756
5080.912 14.066421508789062 13.986425399780273 14.11569439784167
5080.927 14.06586742401123 13.986425399780273 14.098145371438674
5080.947 14.03426742553711 13.986425399780273 14.082465236572746
5080.962 14.04904842376709 13.986425399780273 14.068560033294698
5080.977 14.031765937805176 13.986425399780273 14.05631311998197
5080.997 14.052949905395508 13.986425399780273 14.0455948398585
5081.012 14.056618690490723 13.986425399780273 14.036269810199228
5081.027 14.044768333435059 13.986425399780273 14.028202305314041
5081.047 14.052918434143066 13.986425399780273 14.021260123879664
5081.062 14.048213958740234 13.986425399780273 14.015317262628363
5081.077 14.034530639648438 13.986425399780273 14.010255660323256
5081.097 14.029369354248047 13.986425399780273 14.00596622699526
5081.112 13.97379207611084 13.986425399780273 14.002349332360993
5081.127 13.983983039855957 13.986425399780273 13.999314893086499
5081.147 13.969890594482422 13.986425399780273 13.99678217013321
5081.162 13.969120025634766 13.986425399780273 13.994679363958745
5081.177 13.987091064453125 13.986425399780273 13.992943076091468
5081.197 13.991556167602539 13.986425399780273 13.991517689895824
5081.212 13.984006881713867 13.986425399780273 13.990354710625379
5081.227 13.988487243652344 14.366189002990723 13.999961084708964
5081.247 14.021881103515625 14.366189002990723 14.017018651451423
5081.267 14.041343688964844 14.366189002990723 14.038942418141476
5081.277 14.065031051635742 14.366189002990723 14.063744634472705
5081.297 14.10789680480957 14.366189002990723 14.089920789145403
5081.312 14.170141220092773 14.366189002990723 14.116354484125763
5081.327 14.207161903381348 14.366189002990723 14.142238480274541
5081.347 14.225529670715332 14.366189002990723 14.167009525634123
5081.362 14.25206470489502 14.366189002990723 14.190294871612801
5081.377 14.26893138885498 14.366189002990723 14.211868651156909
5081.402 14.262646675109863 14.366189002990723 14.231616536398354
5081.412 14.276444435119629 14.366189002990723 14.249507311658169
5081.427 14.288888931274414 14.275613784790039 14.263054213548193
5081.452 14.251636505126953 14.275613784790039 14.273111703384524
5081.462 14.242229461669922 14.275613784790039 14.280389073220457
5081.477 14.243562698364258 14.275613784790039 14.285471874580656
5081.502 14.262986183166504 14.275613784790039 14.28884071295761
5081.512 14.24128532409668 14.275613784790039 14.290887632368333
5081.527 14.249340057373047 14.275613784790039 14.291930317661008
5081.547 14.275297164916992 14.275613784790039 14.292224338367213
5081.562 14.29029655456543 14.275613784790039 14.291973648888154
5081.577 14.285245895385742 14.275613784790039 14.29133954738174
5081.602 14.316024780273438 14.275613784790039 14.290448281193957
5081.612 14.330792427062988 14.275613784790039 14.28939747105168
5081.627 14.337550163269043 14.275613784790039 14.288261510251372
5081.647 14.292444229125977 14.275613784790039 14.287096079284032
5081.662 14.293100357055664 14.275613784790039 14.285941901116557
5081.677 14.281270027160645 14.275613784790039 14.284827847963482
5081.697 14.26609992980957 14.275613784790039 14.283773496994282
5081.712 14.254166603088379 14.275613784790039 14.282791220119286
5081.727 14.253217697143555 14.275613784790039 14.281887881815667
5081.747 14.264041900634766 14.275613784790039 14.281066208886976
5081.762 14.26816177368164 14.275613784790039 14.28032588705951
5081.777 14.281027793884277 14.275613784790039 14.279664431350739
5081.797 14.275181770324707 14.275613784790039 14.279077870130804
5081.812 14.268182754516602 14.275613784790039 14.27856127666235
5081.827 14.28456974029541 14.275613784790039 14.278109176568153
5081.847 14.301128387451172 13.953975677490234 14.268781462260446
5081.862 14.320084571838379 13.953975677490234 14.25335199443312
5081.877 14.27802848815918 13.953975677490234 14.233978199713473
5081.897 14.19465160369873 13.953975677490234 14.212315798466518
5081.912 14.133781433105469 13.953975677490234 14.189614962672882
5081.927 14.110283851623535 13.953975677490234 14.166800494307289
5081.947 14.10793685913086 13.953975677490234 14.144538324565287
5081.962 14.063092231750488 13.953975677490234 14.123290362497146
5081.977 14.036118507385254 13.953975677490234 14.103359470477075
5081.997 14.033912658691406 13.953975677490234 14.084926114585855
5082.012 14.031599998474121 13.953975677490234 14.068078030615236
5082.027 14.016357421875 13.953975677490234 14.052834060545623
5082.052 14.038140296936035 13.953975677490234 14.039163149071905
5082.062 14.064556121826172 13.84626293182373 14.024007322790833
5082.077 14.059833526611328 13.84626293182373 14.008208302804821
5082.097 14.046775817871094 13.84626293182373 13.992387189051826
5082.112 14.020459175109863 13.84626293182373 13.976989716860688
5082.127 13.982233047485352 13.84626293182373 13.962323562054767
5082.147 13.939445495605469 13.84626293182373 13.948588911262325
5082.162 13.92672348022461 13.84626293182373 13.93590335644981
5082.177 13.905986785888672 13.84626293182373 13.924322030300063
5082.197 13.853093147277832 13.84626293182373 13.9138537715467
5082.212 13.848679542541504 13.84626293182373 13.904473996073333
5082.227 13.848679542541504 13.84626293182373 13.896134849613762
5082.247 13.841794967651367 13.84626293182373 13.88877313024674
5082.262 13.841794967651367 13.84626293182373 13.882316392507569
5082.277 13.870612144470215 14.19424057006836 13.886353625281492
5082.297 13.900562286376953 14.19424057006836 13.897799391401534
5082.312 13.924379348754883 14.19424057006836 13.91423666832921
5082.327 13.991406440734863 14.19424057006836 13.933794603521868
5082.347 14.030794143676758 14.19424057006836 13.95504573439074
5082.362 14.071614265441895 14.19424057006836 13.976920012883506
5082.377 14.085885047912598 14.19424057006836 13.998633261587116
5082.397 14.091143608093262 14.19424057006836 14.019627959750645
5082.412 14.117243766784668 14.19424057006836 14.039524510583469
5082.427 14.093302726745605 14.19424057006836 14.058081373820288
5082.447 14.070204734802246 14.19424057006836 14.075162659156089
5082.462 14.06942081451416 14.19424057006836 14.090711966820253
5082.477 14.068819999694824 14.19424057006836 14.104731431917772
5082.497 14.06622314453125 14.19424057006836 14.11726508023847
5082.512 14.073814392089844 14.19424057006836 14.12838573629029
5082.527 14.12491226196289 14.19424057006836 14.138184840758855
5082.547 14.107539176940918 14.19424057006836 14.146764635904209
5082.562 14.157292366027832 14.19424057006836 14.154232265051492
5082.577 14.170291900634766 14.19424057006836 14.160695407751975
5082.597 14.191788673400879 14.19424057006836 14.166259136753355
5082.612 14.18843936920166 14.19424057006836 14.171023737906399
5082.627 14.190848350524902 14.19424057006836 14.175083280734109
5082.667 14.206803321838379 14.19424057006836 14.178524766682104
5082.667 14.206803321838379 14.19424057006836 14.181427715033578
5082.677 14.205180168151855 14.453566551208496 14.191067574213717
5082.697 14.210176467895508 14.453566551208496 14.205267778827466
5082.712 14.246917724609375 14.453566551208496 14.222341780765278
5082.727 14.209857940673828 14.453566551208496 14.24100105952846
5082.747 14.263018608093262 14.453566551208496 14.260278139973353
5082.762 14.255820274353027 14.453566551208496 14.279462503768357
5082.777 14.305054664611816 14.453566551208496 14.298047521582417
5082.797 14.347904205322266 14.453566551208496 14.315686757570306
5082.812 14.371912002563477 14.453566551208496 14.332158204434867
5082.827 14.396514892578125 14.453566551208496 14.34733519553989
5082.847 14.3854398727417 15.068183898925781 14.37823561612356
5082.862 14.416240692138672 15.068183898925781 14.419546149162171
5082.877 14.438030242919922 15.068183898925781 14.467169747713337
5082.897 14.543431282043457 15.068183898925781 14.517994831913025
5082.912 14.602683067321777 15.068183898925781 14.569702506071815
5082.927 14.690922737121582 15.068183898925781 14.620606378589576
5082.947 14.767145156860352 15.068183898925781 14.66952019667016
5082.962 14.828350067138672 15.068183898925781 14.715649091789542
5082.977 14.863774299621582 15.068183898925781 14.758500767163135
5082.997 14.867815971374512 15.068183898925781 14.79781344399391
5083.012 14.871774673461914 15.068183898925781 14.833497819673202
5083.027 14.877083778381348 15.068183898925781 14.86559068015306
5083.047 14.88520336151123 15.712013244628906 14.912102303377296
5083.062 14.877708435058594 15.712013244628906 14.967655383353163
5083.077 14.91435432434082 15.712013244628906 15.028145032596026
5083.097 15.041792869567871 15.712013244628906 15.090492288197497
5083.112 15.134702682495117 15.712013244628906 15.152438959936722
5083.127 15.306402206420898 15.712013244628906 15.212377805519457
5083.147 15.38322925567627 15.712013244628906 15.269212740946521
5083.162 15.459768295288086 15.712013244628906 15.32224445910357
5083.177 15.5648775100708 15.712013244628906 15.371077434837513
5083.197 15.551877975463867 15.712013244628906 15.415544840207284
5083.217 15.531632423400879 15.712013244628906 15.455648381047016
5083.227 15.536450386047363 16.926774978637695 15.525253883362913
5083.247 15.590218544006348 16.926774978637695 15.614068971256991
5083.262 15.676163673400879 16.926774978637695 15.7141838424994
5083.277 15.761878967285156 16.926774978637695 15.819615922705438
5083.302 16.06290626525879 16.926774978637695 15.92593000005674
5083.312 16.12440299987793 16.926774978637695 16.02992300622576
5083.327 16.23699378967285 16.926774978637695 16.129363883164658
5083.347 16.362844467163086 16.926774978637695 16.22278015401947
5083.362 16.44589614868164 16.926774978637695 16.30928389391975
5083.377 16.481891632080078 16.926774978637695 16.388430771490224
5083.397 16.55701446533203 16.926774978637695 16.460106706560097
5083.412 16.58190155029297 18.446712493896484 16.56665795881645
5083.427 16.623836517333984 18.446712493896484 16.69524343055858
5083.447 16.742679595947266 18.446712493896484 16.836048273574512
5083.462 17.012393951416016 18.446712493896484 16.98169908644213
5083.477 17.195188522338867 18.446712493896484 17.12677698796351
5083.497 17.439849853515625 18.446712493896484 17.267414360899267
5083.512 17.638607025146484 18.446712493896484 17.400962760980796
5083.527 17.81715202331543 18.446712493896484 17.525721052454557
5083.547 17.87369728088379 18.446712493896484 17.640714257764667
5083.562 17.947050094604492 18.446712493896484 17.745514895432215
5083.577 17.939632415771484 18.446712493896484 17.840099730645456
5083.597 17.991168975830078 20.28995704650879 17.975937127022917
5083.612 18.034194946289062 20.28995704650879 18.137565596887747
5083.627 18.142898559570312 20.28995704650879 18.31318798885063
5083.652 18.596887588500977 20.28995704650879 18.49396095782473
5083.662 18.701385498046875 20.28995704650879 18.673403701696582
5083.677 18.985551834106445 20.28995704650879 18.84690859641512
5083.697 19.176076889038086 20.28995704650879 19.01133845174995
5083.712 19.349842071533203 20.28995704650879 19.164697032535944
5083.727 19.509029388427734 20.28995704650879 19.305861239037135
5083.747 19.669748306274414 22.374723434448242 19.490081005584926
5083.762 19.784940719604492 22.374723434448242 19.702234133604048
5083.777 19.943628311157227 22.374723434448242 19.92851302720517
5083.797 20.385820388793945 22.374723434448242 20.15862986045344
5083.812 20.613962173461914 22.374723434448242 20.38510508213514
5083.827 20.704374313354492 22.374723434448242 20.602679503211696
5083.847 21.060863494873047 22.374723434448242 20.80783128277022
5083.862 21.257884979248047 22.374723434448242 20.998381508286684
5083.877 21.39556121826172 22.374723434448242 21.173174224583423
5083.897 21.520612716674805 24.52701187133789 21.391022500926763
5083.912 21.721206665039062 24.52701187133789 21.634257920684803
5083.927 21.884666442871094 24.52701187133789 21.888930919372413
5083.947 21.98291778564453 24.52701187133789 22.144726598755756
5083.962 22.516572952270508 24.52701187133789 22.39422142967487
5083.977 22.719606399536133 24.52701187133789 22.63227023992819
5083.997 23.112199783325195 24.52701187133789 22.855503601232275
5084.017 23.446813583374023 24.52701187133789 23.061918296991973
5084.027 23.598291397094727 26.502826690673828 23.305429624586143
5084.047 23.84946060180664 26.502826690673828 23.568762666863663
5084.062 23.965831756591797 26.502826690673828 23.838986463545087
5084.077 24.223581314086914 26.502826690673828 24.106642416756706
5084.097 24.56805992126465 26.502826690673828 24.365023193821514
5084.112 24.776519775390625 26.502826690673828 24.609579516895497
5084.127 24.996938705444336 26.502826690673828 24.837435082908588
5084.147 25.229427337646484 28.24410057067871 25.095361175270757
5084.162 25.444425582885742 28.24410057067871 25.367673196648028
5084.177 25.6873779296875 28.24410057067871 25.642730910001827
5084.197 26.058507919311523 28.24410057067871 25.912115876396996
5084.212 26.417098999023438 28.24410057067871 26.169952457708575
5084.227 26.584794998168945 28.24410057067871 26.412350568541846
5084.252 26.864994049072266 28.24410057067871 26.636951160868314
5084.262 27.075178146362305 29.785579681396484 26.885376827854355
5084.277 27.32363510131836 29.785579681396484 27.143976417636058
5084.297 27.54395294189453 29.785579681396484 27.402683995916654
5084.312 27.7696590423584 29.785579681396484 27.654282643584697
5084.327 27.988990783691406 29.785579681396484 27.89379770569902
5084.347 28.27552032470703 29.785579681396484 28.11799966814791
5084.362 28.47621726989746 29.785579681396484 28.324999409789662
5084.377 28.5499324798584 31.17690086364746 28.552568714666705
5084.397 28.86220932006836 31.17690086364746 28.78855816931913
5084.412 29.24460220336914 31.17690086364746 29.024026801206485
5084.427 29.405879974365234 31.17690086364746 29.252581380774107
5084.447 29.6568603515625 31.17690086364746 29.46983215063121
5084.467 29.882173538208008 31.17690086364746 29.67294711279286
5084.477 30.054000854492188 32.45048904418945 29.895666783260527
5084.497 30.264583587646484 32.45048904418945 30.12624983623283
5084.512 30.445281982421875 32.45048904418945 30.35606322774437
5084.527 30.633909225463867 32.45048904418945 30.578941322568102
5084.547 30.792186737060547 32.45048904418945 30.790658062699393
5084.562 31.155162811279297 32.45048904418945 30.98849481096006
5084.577 31.352699279785156 33.29999923706055 31.194486273934807
5084.597 31.629108428955078 33.29999923706055 31.400599963321326
5084.612 31.78734588623047 33.29999923706055 31.601075867443207
5084.627 31.89876937866211 33.29999923706055 31.791942583180038
5084.647 32.08428955078125 33.29999923706055 31.970620860281638
5084.662 32.26598358154297 33.29999923706055 32.135600803882014
5084.677 32.34162902832031 33.29999923706055 32.28618083198645
5084.697 32.47545623779297 33.29999923706055 32.42225814187017
5084.712 32.557735443115234 33.29999923706055 32.54416191157451
5084.727 32.65904998779297 33.29999923706055 32.65252176151476
5084.747 32.72847366333008 33.29999923706055 32.74816513967857
5084.762 32.82046127319336 33.29999923706055 32.83203828580883
5084.777 32.897586822509766 33.29999923706055 32.905146289297896
5084.797 32.975929260253906 33.29999923706055 32.96850849596667
5084.822 33.058799743652344 33.29999923706055 33.02312615357829
5084.827 33.042449951171875 33.29999923706055 33.06995972718071
5084.852 33.124290466308594 33.29999923706055 33.10991377462246
5084.862 33.126739501953125 33.29999923706055 33.14382766031714
5084.877 33.146358489990234 33.29999923706055 33.172470711037
5084.897 33.194297790527344 33.29999923706055 33.19654068972202
5084.917 33.214027404785156 33.29999923706055 33.21666468959422
5084.927 33.227054595947266 33.29999923706055 33.23340173798744
5084.947 33.21049118041992 32.955631256103516 33.23768077489811
5084.962 33.225563049316406 32.955631256103516 33.23291270828156
5084.977 33.217926025390625 32.955631256103516 33.22179333057958
5084.997 33.188232421875 32.955631256103516 33.206431051661944
5085.012 33.16202926635742 32.955631256103516 33.188454756950236
5085.027 33.12449645996094 30.908309936523438 33.127422902191924
5085.047 33.03193283081055 30.908309936523438 33.023335487387016
5085.062 32.81342315673828 30.908309936523438 32.88998879244054
5085.077 32.729713439941406 30.908309936523438 32.7393770224043
5085.097 32.357582092285156 30.908309936523438 32.580575609524026
5085.112 32.228092193603516 30.908309936523438 32.42031610354445
5085.127 32.03189468383789 28.714641571044922 32.21700103751827
5085.147 31.745410919189453 28.714641571044922 31.974004136765064
5085.162 31.489093780517578 28.714641571044922 31.709318502991078
5085.177 31.194297790527344 28.714641571044922 31.43644165702222
5085.202 30.72165870666504 28.714641571044922 31.16527435561341
5085.217 30.72165870666504 28.714641571044922 30.902864653605537
5085.227 30.291889190673828 26.33890151977539 30.597399391551065
5085.247 29.94495964050293 26.33890151977539 30.260191005037782
5085.262 29.68260955810547 26.33890151977539 29.91352432029104
5085.277 29.371667861938477 26.33890151977539 29.566857635544295
5085.297 28.82467269897461 26.33890151977539 29.22596341595753
5085.317 28.625852584838867 26.33890151977539 28.901459724809786
5085.327 28.38490867614746 23.727092742919922 28.554793040063043
5085.347 27.96400260925293 23.727092742919922 28.2081263553163
5085.362 27.629087448120117 23.727092742919922 27.861459670569555
5085.377 27.286033630371094 23.727092742919922 27.51479298582281
5085.397 26.78683853149414 23.727092742919922 27.168126301076068
5085.412 26.463850021362305 23.727092742919922 26.821459616329324
5085.427 26.187191009521484 20.863107681274414 26.47479293158258
5085.447 25.77886962890625 20.863107681274414 26.128126246835837
5085.462 25.44489097595215 20.863107681274414 25.781459562089093
5085.477 25.09249496459961 20.863107681274414 25.43479287734235
5085.497 24.74805450439453 20.863107681274414 25.088126192595606
5085.512 24.322084426879883 20.863107681274414 24.741459507848862
5085.527 23.980224609375 20.863107681274414 24.39479282310212
5085.547 23.802202224731445 18.336048126220703 24.048126138355375
5085.562 23.54701042175293 18.336048126220703 23.70145945360863
5085.577 23.243173599243164 18.336048126220703 23.354792768861888
5085.597 22.73944091796875 18.336048126220703 23.008126084115144
5085.612 22.51437759399414 18.336048126220703 22.6614593993684
5085.627 22.18148422241211 18.336048126220703 22.314792714621657
5085.647 21.64889907836914 18.336048126220703 21.968126029874913
5085.662 21.368337631225586 18.336048126220703 21.62145934512817
5085.677 21.136600494384766 16.45696449279785 21.274792660381426
5085.697 20.77887535095215 16.45696449279785 20.928125975634682
5085.712 20.38129997253418 16.45696449279785 20.58145929088794
5085.727 20.189632415771484 16.45696449279785 20.234792606141195
5085.747 19.749849319458008 16.45696449279785 19.88812592139445
5085.762 19.424821853637695 16.45696449279785 19.541459236647707
5085.777 19.052833557128906 16.45696449279785 19.194792551900964
5085.797 18.881656646728516 16.45696449279785 18.85461002830102
5085.812 18.545312881469727 16.45696449279785 18.544211286259127
5085.827 18.27698516845703 15.166143417358398 18.22792363068084
5085.847 17.8875789642334 15.166143417358398 17.916201356282098
5085.862 17.448793411254883 15.166143417358398 17.616409891297728
5085.877 17.28410530090332 15.166143417358398 17.33349638111333
5085.897 16.89907455444336 15.166143417358398 17.07053744772214
5085.912 16.7177677154541 15.166143417358398 16.829183709649534
5085.927 16.483022689819336 15.166143417358398 16.610017965770655
5085.947 16.21108627319336 15.166143417358398 16.41284155536773
5085.962 15.988057136535645 15.166143417358398 16.236901290046806
5085.977 15.896450996398926 15.166143417358398 16.081067491822868
5086.002 15.811187744140625 14.09099292755127 15.914106750624782
5086.012 15.751341819763184 14.09099292755127 15.743809499310021
5086.027 15.604793548583984 14.09099292755127 15.575851562157563
5086.047 15.453855514526367 14.09099292755127 15.414235632194405
5086.062 15.291559219360352 14.09099292755127 15.261654139146001
5086.077 15.10498046875 14.09099292755127 15.119785701002
5086.097 14.961308479309082 14.09099292755127 14.989535742407348
5086.112 14.785588264465332 14.09099292755127 14.871230415434177
5086.127 14.682463645935059 14.09099292755127 14.7647716670386
5086.147 14.540141105651855 14.09099292755127 14.669760154212467
5086.162 14.487471580505371 13.774555206298828 14.576801764721866
5086.177 14.427929878234863 13.774555206298828 14.48789695801325
5086.197 14.33604907989502 13.774555206298828 14.404366797126883
5086.212 14.327438354492188 13.774555206298828 14.327008748155906
5086.227 14.253116607666016 13.774555206298828 14.2562228808842
5086.247 14.194013595581055 13.774555206298828 14.1921133513625
5086.262 14.162925720214844 13.774555206298828 14.13456935091323
5086.277 14.098042488098145 13.774555206298828 14.083329090825835
5086.297 14.045387268066406 13.774555206298828 14.038029851944415
5086.312 13.998568534851074 13.774555206298828 13.998246657161891
5086.327 13.949993133544922 13.774555206298828 13.963521716094627
5086.347 13.918137550354004 13.774555206298828 13.933386438578815
5086.362 13.889028549194336 13.489914894104004 13.899470834839665
5086.377 13.86430835723877 13.489914894104004 13.863788097565122
5086.397 13.805464744567871 13.489914894104004 13.827830101866228
5086.412 13.781848907470703 13.489914894104004 13.792673670951995
5086.427 13.748151779174805 13.489914894104004 13.759068262415518
5086.447 13.712066650390625 13.489914894104004 13.72750790356134
5086.462 13.680241584777832 13.489914894104004 13.698289840342207
5086.477 13.653336524963379 13.489914894104004 13.671562035245433
5086.497 13.612183570861816 13.489914894104004 13.64736135420746
5086.512 13.563796997070312 13.489914894104004 13.625644019917681
5086.527 13.577425003051758 13.489914894104004 13.606309676776164
5086.547 13.573606491088867 13.489914894104004 13.589220209065639
5086.562 13.557433128356934 13.417671203613281 13.57220750681045
5086.577 13.579675674438477 13.417671203613281 13.555722394909058
5086.597 13.555516242980957 13.417671203613281 13.540073309242892
5086.612 13.5503511428833 13.417671203613281 13.525458072569021
5086.627 13.5503511428833 13.417671203613281 13.511989739829861
5086.652 13.486912727355957 13.417671203613281 13.499717475286518
5086.662 13.507061958312988 13.417671203613281 13.488643289205378
5086.677 13.462800025939941 13.417671203613281 13.478735342316563
5086.697 13.450638771057129 13.417671203613281 13.469938420940634
5086.712 13.45317554473877 13.417671203613281 13.462182093451787
5086.727 13.42836856842041 13.417671203613281 13.455386978463801
5086.747 13.446508407592773 13.417671203613281 13.449469485634362
5086.762 13.427952766418457 13.417671203613281 13.444345330156876
5086.777 13.443918228149414 13.810717582702637 13.450850026883769
5086.797 13.457980155944824 13.810717582702637 13.465508048146255
5086.817 13.47926139831543 13.810717582702637 13.485602117905673
5086.827 13.505648612976074 13.810717582702637 13.509033853678247
5086.847 13.568209648132324 13.810717582702637 13.534206701760464
5086.867 13.64269733428955 13.810717582702637 13.5599281011192
5086.877 13.637845993041992 13.810717582702637 13.585328145494621
5086.902 13.675166130065918 13.810717582702637 13.60979232860828
5086.912 13.692239761352539 13.810717582702637 13.63290625045191
5086.927 13.728926658630371 13.810717582702637 13.654410431620454
5086.957 13.720012664794922 13.810717582702637 13.674163626900873
5086.962 13.704855918884277 13.810717582702637 13.69211324906121
5086.977 13.704413414001465 13.810717582702637 13.708271709844567
5086.997 13.720396995544434 14.539824485778809 13.742950630463643
5087.017 13.719022750854492 14.539824485778809 13.78993924357363
5087.027 13.753168106079102 14.539824485778809 13.844444563397667
5087.047 13.855111122131348 14.539824485778809 13.902822819435997
5087.062 13.981088638305664 14.539824485778809 13.962355061311568
5087.077 14.098150253295898 14.539824485778809 14.021060652795521
5087.097 14.197474479675293 14.539824485778809 14.077543100466379
5087.112 14.267515182495117 14.539824485778809 14.130863338060633
5087.127 14.330267906188965 14.539824485778809 14.180436207281275
5087.152 14.384439468383789 14.539824485778809 14.225946438267549
5087.162 14.359492301940918 14.539824485778809 14.267280938697743
5087.177 14.375853538513184 14.539824485778809 14.304474651603849
5087.197 14.35180950164795 14.539824485778809 14.337667641379277
5087.212 14.3253812789917 14.204200744628906 14.357748536042505
5087.227 14.320673942565918 14.204200744628906 14.3678746267147
5087.247 14.294149398803711 14.204200744628906 14.370585161014631
5087.262 14.279449462890625 14.204200744628906 14.367905920730056
5087.277 14.261194229125977 14.204200744628906 14.361438432088566
5087.297 14.281213760375977 14.204200744628906 14.3524356846616
5087.327 14.281213760375977 14.204200744628906 14.341866078152675
5087.327 14.281213760375977 14.204200744628906 14.330467156202927
5087.352 14.295269966125488 14.204200744628906 14.318790528286698
5087.367 14.324254989624023 14.204200744628906 14.307239228574545
5087.377 14.320503234863281 14.204200744628906 14.296098616876712
5087.397 14.29018783569336 14.204200744628906 14.285561793051404
5087.412 14.298672676086426 14.127482414245605 14.273619308485225
5087.427 14.291516304016113 14.127482414245605 14.26100116945919
5087.447 14.269500732421875 14.127482414245605 14.248249315311972
5087.462 14.228147506713867 14.127482414245605 14.235755850204251
5087.477 14.197420120239258 14.127482414245605 14.223794604637988
5087.497 14.207987785339355 14.127482414245605 14.212547039924512
5087.512 14.172022819519043 14.127482414245605 14.202123378864066
5087.527 14.180022239685059 14.127482414245605 14.192579728246884
5087.547 14.148174285888672 14.127482414245605 14.183931853201388
5087.562 14.133018493652344 14.127482414245605 14.176166169412019
5087.577 14.148255348205566 14.127482414245605 14.169248436137599
5087.597 14.171036720275879 14.127482414245605 14.163130559997361
5087.612 14.174810409545898 14.127482414245605 14.157755855813091
5087.627 14.196695327758789 14.127482414245605 14.153063055540308
5087.652 14.15368366241455 14.127482414245605 14.14898930863741
5087.662 14.15347957611084 14.127482414245605 14.145472376288442
5087.677 14.156963348388672 14.127482414245605 14.142452186937003
5087.697 14.155167579650879 14.127482414245605 14.139871890883855
5087.712 14.118986129760742 14.127482414245605 14.137678526585823
5087.727 14.10488510131836 14.127482414245605 14.135823390165651
5087.747 14.114036560058594 14.127482414245605 14.134262181958883
5087.762 14.127167701721191 14.127482414245605 14.132954989199868
5087.777 14.140016555786133 14.127482414245605 14.131866151755082
5087.797 14.139647483825684 14.127482414245605 14.130964047769998
5087.812 14.132402420043945 14.127482414245605 14.13022082787492
5087.827 14.148438453674316 14.127482414245605 14.129612119907904
5087.847 14.143808364868164 14.427736282348633 14.137457106805467
5087.862 14.134303092956543 14.427736282348633 14.151142658572287
5087.877 14.170034408569336 14.427736282348633 14.1686337941537
5087.897 14.217179298400879 14.427736282348633 14.188366399818065
5087.912 14.23590087890625 14.427736282348633 14.209157264349793
5087.927 14.257020950317383 14.427736282348633 14.230129023645818
5087.947 14.299576759338379 14.427736282348633 14.250647875256815
5087.962 14.301722526550293 14.427736282348633 14.270272174873812
5087.977 14.330890655517578 14.427736282348633 14.28871025941766
5088.002 14.324583053588867 14.427736282348633 14.305786054108085
5088.012 14.350860595703125 14.427736282348633 14.321411213410586
5088.027 14.359230995178223 14.427736282348633 14.335562718458393
5088.047 14.343562126159668 14.427736282348633 14.348265007242
5088.062 14.361414909362793 14.427736282348633 14.359575849665777
5088.077 14.365822792053223 14.427736282348633 14.36957529878547
5088.097 14.327909469604492 14.427736282348633 14.378357153552095
5088.117 14.331618309020996 14.427736282348633 14.386022458614717
5088.127 14.331618309020996 14.427736282348633 14.392674644576465
5088.147 14.380226135253906 14.427736282348633 14.398415978901568
5088.162 14.419926643371582 14.427736282348633 14.403345054708202
5088.177 14.445326805114746 14.427736282348633 14.40755509313525
5088.197 14.450876235961914 14.427736282348633 14.411132875926823
5088.212 14.449222564697266 14.427736282348633 14.414158159323295
5088.227 14.441786766052246 14.427736282348633 14.416703449169441
5088.247 14.457446098327637 14.427736282348633 14.418834041141846
5088.262 14.454063415527344 15.587628364562988 14.452827477727693
5088.277 14.42839241027832 15.587628364562988 14.50871169025646
5088.297 14.523415565490723 15.587628364562988 14.578731952488672
5088.312 14.589322090148926 15.587628364562988 14.656938042645693
5088.327 14.812397956848145 15.587628364562988 14.738838251074682
5088.347 15.002859115600586 15.587628364562988 14.82111090485033
5088.367 15.092034339904785 15.587628364562988 14.901365126053433
5088.377 15.228475570678711 15.587628364562988 14.977943519787862
5088.402 15.253084182739258 15.587628364562988 15.049760392731779
5088.412 15.293038368225098 15.587628364562988 15.116169929167437
5088.427 15.272026062011719 15.587628364562988 15.17685949831423
5088.447 15.26358699798584 16.20612144470215 15.248944301243409
5088.462 15.257195472717285 16.20612144470215 15.327193332369127
5088.477 15.26935863494873 16.20612144470215 15.407686475853284
5088.497 15.347245216369629 16.20612144470215 15.487551978942266
5088.512 15.486456871032715 16.20612144470215 15.564749186662324
5088.527 15.486456871032715 16.20612144470215 15.637889748969295
5088.552 15.946183204650879 16.20612144470215 15.70609136629194
5088.562 15.946183204650879 16.20612144470215 15.768858916881115
5088.577 16.17983055114746 16.20612144470215 15.825988509804484
5088.597 16.156648635864258 16.20612144470215 15.877490633181711
5088.612 16.117679595947266 16.20612144470215 15.923529122113214
5088.627 16.00152015686035 16.884647369384766 15.983221103709482
5088.647 15.972453117370605 16.884647369384766 16.051039977407555
5088.662 15.963212013244629 16.884647369384766 16.12279926585927
5088.677 15.963212013244629 16.884647369384766 16.195389204383517
5088.697 16.083364486694336 16.884647369384766 16.26655805472258
5088.717 16.180065155029297 16.884647369384766 16.334731545834302
5088.727 16.321788787841797 16.884647369384766 16.39886465459339
5088.747 16.486122131347656 16.884647369384766 16.458320680630333
5088.762 16.769556045532227 16.884647369384766 16.51277324100111
5088.777 16.86152458190918 16.884647369384766 16.562127413105888
5088.797 16.899267196655273 17.860795974731445 16.63357203285965
5088.812 16.892868041992188 17.860795974731445 16.718863566790812
5088.827 16.92130470275879 17.860795974731445 16.8117095128215
5088.847 16.94796371459961 17.860795974731445 16.90739039975313
5088.862 17.005186080932617 17.860795974731445 17.00244519159654
5088.877 17.072673797607422 17.860795974731445 17.094410870809355
5088.897 17.16866683959961 17.860795974731445 17.181608083549072
5088.912 17.2464656829834 17.860795974731445 17.26296575033589
5088.927 17.34515953063965 17.860795974731445 17.337878473851838
5088.947 17.418296813964844 17.860795974731445 17.40609141224862
5088.962 17.516828536987305 18.825193405151367 17.494396854339627
5088.977 17.561246871948242 18.825193405151367 17.594648994578424
5088.997 17.640954971313477 18.825193405151367 17.700678153016156
5089.012 17.920930862426758 18.825193405151367 17.807902253036165
5089.027 18.047578811645508 18.825193405151367 17.913004280305692
5089.047 18.18555450439453 18.825193405151367 18.01366598774005
5089.067 18.32537269592285 18.825193405151367 18.10834930719332
5089.077 18.489145278930664 18.825193405151367 18.1961180228671
5089.097 18.50436782836914 18.825193405151367 18.276493252466963
5089.112 18.479244232177734 18.825193405151367 18.34933717165689
5089.127 18.479244232177734 18.825193405151367 18.41476020942021
5089.147 18.412424087524414 20.20502471923828 18.511376293754864
5089.162 18.46046257019043 20.20502471923828 18.627663613937692
5089.177 18.538143157958984 20.20502471923828 18.754818449179016
5089.197 18.766456604003906 20.20502471923828 18.886229590926543
5089.212 19.04461669921875 20.20502471923828 19.017040775733545
5089.227 19.2786808013916 20.20502471923828 19.143788347007263
5089.247 19.434005737304688 20.20502471923828 19.264102895739555
5089.262 19.654296875 20.20502471923828 19.376465040598823
5089.277 19.708139419555664 20.20502471923828 19.480006791783843
5089.312 19.81805419921875 21.845537185668945 19.619920896398327
5089.312 19.81805419921875 21.845537185668945 19.7820153504551
5089.327 19.92496681213379 21.845537185668945 19.955503097090965
5089.347 20.175756454467773 21.845537185668945 20.132336931997592
5089.372 20.239730834960938 21.845537185668945 20.306656745300163
5089.377 20.57381248474121 21.845537185668945 20.47433262561571
5089.397 20.87360191345215 21.845537185668945 20.632589356894137
5089.417 21.004892349243164 21.845537185668945 20.77969967739665
5089.427 21.143049240112305 21.845537185668945 20.91473533878982
5089.447 21.28904914855957 23.679473876953125 21.08830919486362
5089.462 21.421316146850586 23.679473876953125 21.28468059338408
5089.477 21.504119873046875 23.679473876953125 21.491935468682122
5089.502 21.8175048828125 23.679473876953125 21.701233088373368
5089.517 22.124664306640625 23.679473876953125 21.906180851473927
5089.527 22.25567054748535 23.679473876953125 22.102318223402154
5089.547 22.442731857299805 23.679473876953125 22.28669322088743
5089.562 22.651880264282227 25.62340545654297 22.51151509368575
5089.577 22.82563591003418 25.62340545654297 22.75907884052049
5089.602 23.354934692382812 25.62340545654297 23.01606415861589
5089.612 23.354934692382812 25.62340545654297 23.272663120839404
5089.627 23.50588607788086 25.62340545654297 23.521857444999636
5089.647 23.944849014282227 25.62340545654297 23.75882304670857
5089.662 24.396257400512695 25.62340545654297 23.9804423523296
5089.677 24.598432540893555 25.62340545654297 24.184907386849467
5089.697 24.66840362548828 27.481033325195312 24.422999721960622
5089.712 24.757186889648438 27.481033325195312 24.678577945333455
5089.727 24.861597061157227 27.481033325195312 24.939588325867884
5089.747 25.24102783203125 27.481033325195312 25.197241463183413
5089.762 25.34933853149414 27.481033325195312 25.445331543903038
5089.777 25.796459197998047 27.481033325195312 25.679676709020317
5089.797 26.05258560180664 27.481033325195312 25.897661762893428
5089.812 26.36726188659668 29.108325958251953 26.14306950745513
5089.827 26.574913024902344 29.108325958251953 26.401313297433997
5089.847 26.90513801574707 29.108325958251953 26.661582813746715
5089.862 27.245656967163086 29.108325958251953 26.916074391028175
5089.877 27.311840057373047 29.108325958251953 27.159355900871866
5089.897 27.684066772460938 29.94668960571289 27.41113359031995
5089.917 27.81344985961914 29.94668960571289 27.662006382922563
5089.927 27.97574806213379 29.94668960571289 27.90526197672233
5089.947 28.253307342529297 29.94668960571289 28.13630147762669
5089.962 28.450288772583008 29.94668960571289 28.352168347553093
5089.977 28.714221954345703 31.32429313659668 28.589431965006607
5090.002 28.922222137451172 31.32429313659668 28.835439261143872
5090.012 28.987504959106445 31.32429313659668 29.080879323492013
5090.027 29.28159523010254 31.32429313659668 29.319095088078843
5090.052 29.831029891967773 31.32429313659668 29.545516334114748
5090.062 29.920320510864258 31.32429313659668 29.75719536231751
5090.077 29.920320510864258 31.32429313659668 29.95242916100541
5090.097 30.40151596069336 32.578426361083984 30.16529108812431
5090.112 30.900272369384766 32.578426361083984 30.38487367509932
5090.127 31.064489364624023 32.578426361083984 30.603173217930813
5090.152 31.127416610717773 32.578426361083984 30.814489368989467
5090.162 31.127416610717773 32.578426361083984 31.014930862350205
5090.177 31.28200340270996 33.29999923706055 31.222054724437413
5090.202 31.384164810180664 33.29999923706055 31.428214176132848
5090.212 31.516653060913086 33.29999923706055 31.62795581502844
5090.227 31.67770004272461 33.29999923706055 31.817549642075363
5090.247 31.97814178466797 33.29999923706055 31.99460437503561
5090.272 32.163658142089844 33.29999923706055 32.157754569879344
5090.277 32.34993362426758 33.29999923706055 32.30640789561556
5090.297 32.573875427246094 33.29999923706055 32.44054253922666
5090.317 32.63685989379883 33.29999923706055 32.56054616481813
5090.327 32.89589309692383 33.29999923706055 32.66708912664576
5090.347 32.973697662353516 33.29999923706055 32.76102575261542
5090.362 32.98772048950195 33.29999923706055 32.84331848707958
5090.377 32.994140625 33.29999923706055 32.91498052327443
5090.397 32.97581481933594 33.29999923706055 32.9770332802092
5090.412 32.9476203918457 33.29999923706055 33.03047569927715
5090.427 32.9538688659668 33.29999923706055 33.07626286453881
5090.447 32.977352142333984 33.29999923706055 33.11529189885139
5090.467 33.01180648803711 33.29999923706055 33.14839346612855
5090.477 33.06633377075195 33.29999923706055 33.17632752737543
5090.497 33.148651123046875 33.29999923706055 33.19978226315027
5090.512 33.18863296508789 33.29999923706055 33.21937529523019
5090.527 33.26230239868164 33.29999923706055 33.23565652210462
5090.547 33.30051040649414 31.646512985229492 33.20888218893244
5090.562 33.26332473754883 31.646512985229492 33.14629476814717
5090.577 33.26332473754883 31.646512985229492 33.059779841415995
5090.597 32.93185806274414 31.646512985229492 32.958520061770365
5090.612 32.856201171875 31.646512985229492 32.84950590970415
5090.627 32.66518020629883 31.646512985229492 32.737962628724354
5090.647 32.336082458496094 29.5609188079834 32.58336378769796
5090.662 32.13007736206055 29.5609188079834 32.3886111401641
5090.677 31.885480880737305 29.5609188079834 32.17049139488903
5090.697 31.459680557250977 29.5609188079834 31.941684112356562
5090.717 31.41269874572754 29.5609188079834 31.711573186791977
5090.727 31.127262115478516 27.325510025024414 31.438406701180792
5090.747 30.883914947509766 27.325510025024414 31.128390248719217
5090.762 30.619478225708008 27.325510025024414 30.800576222914916
5090.777 30.505136489868164 27.325510025024414 30.469113215922377
5090.802 29.84943962097168 27.325510025024414 30.144242412509044
5090.812 29.84943962097168 27.325510025024414 29.833120211488396
5090.827 28.935104370117188 24.89288330078125 29.486453526741652
5090.847 28.6347713470459 24.89288330078125 29.13978684199491
5090.862 28.328582763671875 24.89288330078125 28.793120157248165
5090.877 28.04807472229004 24.89288330078125 28.44645347250142
5090.902 27.580596923828125 24.89288330078125 28.099786787754677
5090.912 27.41863441467285 24.89288330078125 27.753120103007934
5090.927 27.353668212890625 24.89288330078125 27.416020435705725
5090.947 26.9378604888916 22.140626907348633 27.06935375095898
5090.962 26.77956771850586 22.140626907348633 26.722687066212238
5090.977 26.504615783691406 22.140626907348633 26.376020381465494
5090.997 25.869831085205078 22.140626907348633 26.02935369671875
5091.012 25.451919555664062 22.140626907348633 25.682687011972007
5091.027 25.337181091308594 22.140626907348633 25.336020327225263
5091.047 24.545129776000977 22.140626907348633 24.98935364247852
5091.062 24.17490577697754 19.60661506652832 24.642686957731776
5091.077 23.78301429748535 19.60661506652832 24.296020272985032
5091.097 23.476242065429688 19.60661506652832 23.94935358823829
5091.112 23.102378845214844 19.60661506652832 23.602686903491545
5091.127 22.835678100585938 19.60661506652832 23.2560202187448
5091.147 22.66312026977539 19.60661506652832 22.909353533998058
5091.162 22.459455490112305 19.60661506652832 22.562686849251314
5091.177 22.17936897277832 17.62635612487793 22.21602016450457
5091.197 21.90370750427246 17.62635612487793 21.869353479757827
5091.222 21.453523635864258 17.62635612487793 21.522686795011083
5091.227 21.327796936035156 17.62635612487793 21.17602011026434
5091.247 21.105375289916992 17.62635612487793 20.829353425517596
5091.262 20.33655548095703 17.62635612487793 20.482686740770852
5091.277 19.94894027709961 17.62635612487793 20.138191027182504
5091.297 19.45147705078125 17.62635612487793 19.821529238526203
5091.312 19.047863006591797 17.62635612487793 19.53361125737342
5091.327 18.90658187866211 16.162445068359375 19.23362652678365
5091.347 18.646638870239258 16.162445068359375 18.93332686932792
5091.362 18.38670539855957 16.162445068359375 18.641143172311224
5091.377 18.198312759399414 16.162445068359375 18.362892128141848
5091.397 18.0380859375 16.162445068359375 18.10235534811809
5091.412 17.91694450378418 16.162445068359375 17.86175092400359
5091.427 17.678932189941406 16.162445068359375 17.642114811585397
5091.452 17.355064392089844 16.162445068359375 17.443606992665483
5091.462 17.255916595458984 16.162445068359375 17.2657552237634
5091.477 17.153827667236328 16.162445068359375 17.107647284498125
5091.497 16.901426315307617 14.961148262023926 16.934711617961828
5091.512 16.81739616394043 14.961148262023926 16.755953182783042
5091.527 16.568124771118164 14.961148262023926 16.57798727610276
5091.547 16.307573318481445 14.961148262023926 16.40553284609146
5091.562 16.147838592529297 14.961148262023926 16.241818708944816
5091.577 15.819117546081543 14.961148262023926 16.08891606361711
5091.597 15.752986907958984 14.961148262023926 15.948008950079789
5091.612 15.682258605957031 14.961148262023926 15.81961272104374
5091.627 15.550289154052734 14.961148262023926 15.703749188005085
5091.647 15.45042610168457 14.58132553100586 15.589535219537353
5091.662 15.40791130065918 14.58132553100586 15.479676049553884
5091.677 15.353676795959473 14.58132553100586 15.37598946234875
5091.697 15.3031005859375 14.58132553100586 15.279606742655224
5091.712 15.270098686218262 14.58132553100586 15.191135759285615
5091.727 15.224029541015625 14.58132553100586 15.110792381070066
5091.747 15.07451057434082 14.58132553100586 15.038505547166936
5091.762 15.049091339111328 14.58132553100586 14.974000537719856
5091.777 14.901598930358887 14.58132553100586 14.91686430835616
5091.797 14.845111846923828 14.58132553100586 14.866596155591209
5091.812 14.75645637512207 14.58132553100586 14.822646462009656
5091.827 14.672212600708008 14.58132553100586 14.784445822365223
5091.847 14.656410217285156 14.167482376098633 14.739930822556177
5091.862 14.650745391845703 14.167482376098633 14.692127059290588
5091.877 14.650530815124512 14.167482376098633 14.643294231381182
5091.897 14.564799308776855 14.167482376098633 14.59508037474233
5091.912 14.535906791687012 14.167482376098633 14.548649388106787
5091.927 14.525837898254395 14.167482376098633 14.504785874710564
5091.952 14.426685333251953 14.167482376098633 14.463980814819346
5091.962 14.408134460449219 14.167482376098633 14.426501120565618
5091.977 14.383639335632324 14.167482376098633 14.392445707696373
5091.997 14.337448120117188 14.167482376098633 14.36179034689156
5092.017 14.307870864868164 14.167482376098633 14.33442322790497
5092.027 14.292531967163086 13.986425399780273 14.305143519023883
5092.047 14.260117530822754 13.986425399780273 14.275306446078199
5092.062 14.21772289276123 13.986425399780273 14.245898736562735
5092.077 14.216901779174805 13.986425399780273 14.21761561840433
5092.097 14.195087432861328 13.986425399780273 14.19092409962155
5092.112 14.184826850891113 13.986425399780273 14.166114658189086
5092.127 14.127874374389648 13.986425399780273 14.143343190052653
5092.147 14.127874374389648 13.986425399780273 14.122664810262476
5092.162 14.081991195678711 13.986425399780273 14.10406087658805
5092.177 14.107105255126953 13.986425399780273 14.08746040525523
5092.197 14.030658721923828 13.986425399780273 14.072756872822744
5092.212 14.026033401489258 13.986425399780273 14.05982124473986
5092.227 14.03465461730957 13.986425399780273 14.048511937787849
5092.247 14.014944076538086 13.986425399780273 14.038682308403699
5092.262 14.029027938842773 13.986425399780273 14.030186159877138
5092.277 14.02794075012207 13.986425399780273 14.022881676762498
5092.297 14.030328750610352 13.986425399780273 14.016634122838697
5092.327 14.010282516479492 13.986425399780273 14.01131757800203
5092.327 14.010282516479492 13.986425399780273 14.006815938147142
5092.347 14.025055885314941 13.986425399780273 14.003023359081721
5092.362 14.040186882019043 13.986425399780273 13.999844289667747
5092.377 14.016100883483887 13.986425399780273 13.99719320965451
5092.397 14.002500534057617 13.986425399780273 13.994994163156493
5092.412 13.978235244750977 13.986425399780273 13.993180158635687
5092.427 14.000957489013672 13.986425399780273 13.991692489879249
5092.447 13.986994743347168 14.366189002990723 14.001029009297298
5092.462 13.99007511138916 14.366189002990723 14.017863515625118
5092.477 14.008052825927734 14.366189002990723 14.039603953902924
5092.497 14.062601089477539 14.366189002990723 14.064256408879464
5092.512 14.132919311523438 14.366189002990723 14.090311018626286
5092.527 14.141871452331543 14.366189002990723 14.116646766702631
5092.547 14.215622901916504 14.366189002990723 14.142452448610332
5092.562 14.237430572509766 14.366189002990723 14.167161425199463
5092.577 14.230582237243652 14.366189002990723 14.190398069127424
5092.597 14.266409873962402 14.366189002990723 14.211934078937976
5092.612 14.2698974609375 14.366189002990723 14.231653078432378
5092.627 14.257948875427246 14.366189002990723 14.249522137183966
5092.647 14.270673751831055 14.366189002990723 14.265569042302333
5092.662 14.26557731628418 14.366189002990723 14.279864323266256
5092.677 14.280680656433105 14.275613784790039 14.289991203886949
5092.697 14.278908729553223 14.275613784790039 14.296849428721117
5092.712 14.272866249084473 14.275613784790039 14.301174610691312
5092.727 14.295300483703613 14.275613784790039 14.303564301356943
5092.747 14.286795616149902 14.275613784790039 14.304500509646378
5092.762 14.28332805633545 14.275613784790039 14.304369049799153
5092.777 14.293625831604004 14.275613784790039 14.303476079465904
5092.797 14.305854797363281 14.275613784790039 14.302062164696324
5092.812 14.280390739440918 14.275613784790039 14.300314181836098
5092.827 14.304699897766113 14.275613784790039 14.298375338600364
5092.847 14.285276412963867 14.275613784790039 14.2963535688605
5092.862 14.299943923950195 14.275613784790039 14.29432852873698
5092.877 14.288700103759766 14.275613784790039 14.292357395958962
5092.897 14.305316925048828 14.275613784790039 14.290479650471749
5092.912 14.297540664672852 14.275613784790039 14.288720992143872
5092.927 14.28976821899414 14.275613784790039 14.287096531237076
5092.947 14.270465850830078 14.275613784790039 14.285613369065521
5092.962 14.28288745880127 14.275613784790039 14.284272669938977
5092.977 14.281576156616211 14.275613784790039 14.283071310972206
5092.997 14.278902053833008 14.275613784790039 14.282003183537103
5093.012 14.279802322387695 14.275613784790039 14.281060208907356
5093.027 14.252403259277344 14.275613784790039 14.280233120862041
5093.047 14.279117584228516 14.275613784790039 14.279512059537515
5093.062 14.306825637817383 14.275613784790039 14.278887013511312
5093.077 14.290976524353027 14.275613784790039 14.278348140838917
5093.102 14.279254913330078 13.953975677490234 14.268951601621014
5093.112 14.283744812011719 13.953975677490234 14.253468083181888
5093.127 14.27970027923584 13.953975677490234 14.234052327503449
5093.147 14.197793960571289 13.953975677490234 14.212357795131155
5093.162 14.170427322387695 13.953975677490234 14.189632765457361
5093.177 14.125176429748535 13.953975677490234 14.166800463622836
5093.197 14.085163116455078 13.953975677490234 14.14452551408071
5093.212 14.04053020477295 13.953975677490234 14.123268749002833
5093.227 14.015264511108398 13.953975677490234 14.103332148534152
5093.247 14.04394817352295 13.953975677490234 14.084895460531117
5093.262 14.048563957214355 13.953975677490234 14.068045840048688
5093.277 14.042908668518066 13.953975677490234 14.0528016629948
5093.297 14.039310455322266 13.84626293182373 14.036139482089366
5093.312 14.030667304992676 13.84626293182373 14.018923903518042
5093.327 14.035346984863281 13.84626293182373 14.00178993386009
5093.352 14.021662712097168 13.84626293182373 13.985190394240105
5093.362 14.010972023010254 13.84626293182373 13.969434961176972
5093.377 13.987237930297852 13.84626293182373 13.954722122097849
5093.397 13.948797225952148 13.84626293182373 13.941165165375574
5093.412 13.863860130310059 13.84626293182373 13.928813173162416
5093.427 13.864672660827637 13.84626293182373 13.917667849760251
5093.447 13.890275001525879 13.84626293182373 13.907696898003822
5093.462 13.862177848815918 13.84626293182373 13.898844550153829
5093.477 13.843629837036133 13.84626293182373 13.891039766997288
5093.497 13.85184097290039 13.84626293182373 13.884202538076984
5093.512 13.87358570098877 14.19424057006836 13.887914692572101
5093.527 13.88505744934082 14.19424057006836 13.899084122945652
5093.547 13.936675071716309 14.19424057006836 13.915287672268033
5093.562 13.972472190856934 14.19424057006836 13.934648908123448
5093.577 13.994316101074219 14.19424057006836 13.95573534045102
5093.597 14.083919525146484 14.19424057006836 13.977472429265722
5093.612 14.109748840332031 14.19424057006836 13.999072013800976
5093.627 14.115012168884277 14.19424057006836 14.01997306508276
5093.647 14.105742454528809 14.19424057006836 14.039792916058161
5093.662 14.099618911743164 14.19424057006836 14.058287355356551
5093.677 14.07474136352539 14.19424057006836 14.075318181827463
5093.697 14.046069145202637 14.19424057006836 14.090827007231214
5093.712 14.03836441040039 14.19424057006836 14.104814264475396
5093.727 14.066902160644531 14.19424057006836 14.117322529597061
5093.747 14.078716278076172 14.19424057006836 14.128423398540933
5093.762 14.112515449523926 14.19424057006836 14.138207276075356
5093.777 14.14470100402832 14.19424057006836 14.146775535381497
5093.797 14.15101146697998 14.19424057006836 14.154234594414227
5093.817 14.152456283569336 14.19424057006836 14.16069153049488
5093.827 14.152456283569336 14.19424057006836 14.166250919120403
5093.852 14.232575416564941 14.19424057006836 14.171012637938418
5093.862 14.277090072631836 14.19424057006836 14.17507042342521
5093.877 14.244415283203125 14.19424057006836 14.17851100709308
5093.897 14.214859008789062 14.453566551208496 14.188617191248822
5093.912 14.20324420928955 14.453566551208496 14.2032196616221
5093.927 14.1785888671875 14.453566551208496 14.22063884616549
5093.947 14.182703971862793 14.453566551208496 14.23959280953472
5093.972 14.277873992919922 14.453566551208496 14.259120198669057
5093.977 14.277873992919922 14.453566551208496 14.278516115394048
5093.997 14.311485290527344 14.453566551208496 14.297279034706834
5094.012 14.329150199890137 14.453566551208496 14.315067113626064
5094.027 14.325496673583984 14.453566551208496 14.331662443589465
5094.052 14.401277542114258 14.453566551208496 14.34694198871619
5094.062 14.370329856872559 14.453566551208496 14.360854122876061
5094.077 14.390933990478516 15.068183898925781 14.390472536869222
5094.102 14.443795204162598 15.068183898925781 14.430524384036298
5094.117 14.459877014160156 15.068183898925781 14.476940973397594
5094.127 14.508326530456543 15.068183898925781 14.526629611398395
5094.147 14.64020824432373 15.068183898925781 14.57728297745405
5094.162 14.692553520202637 15.068183898925781 14.627220693842007
5094.177 14.692553520202637 15.068183898925781 14.675258369045443
5094.197 14.833996772766113 15.068183898925781 14.720599968088765
5094.212 14.882722854614258 15.068183898925781 14.76274989026349
5094.227 14.936625480651855 15.068183898925781 14.801441612769239
5094.247 14.919116020202637 15.068183898925781 14.836580188714942
5094.262 14.917434692382812 15.068183898925781 14.868196271355925
5094.277 14.90813159942627 15.712013244628906 14.914293826261718
5094.297 14.887685775756836 15.712013244628906 14.969489281640124
5094.317 14.962751388549805 15.712013244628906 15.029671691635695
5094.327 15.000762939453125 15.712013244628906 15.091756351914512
5094.352 15.152694702148438 15.712013244628906 15.153479717458357
5094.362 15.215195655822754 15.712013244628906 15.213229617003531
5094.377 15.319676399230957 15.712013244628906 15.269905479673888
5094.397 15.419124603271484 15.712013244628906 15.322803952946547
5094.412 15.51223087310791 15.712013244628906 15.371525895018051
5094.427 15.575162887573242 15.712013244628906 15.415901269036178
5094.447 15.553609848022461 15.712013244628906 15.455928953273425
5094.462 15.559720993041992 16.926774978637695 15.525472298018226
5094.477 15.571554183959961 16.926774978637695 15.614236772579545
5094.497 15.747709274291992 16.926774978637695 15.714310709785892
5094.512 15.80294132232666 16.926774978637695 15.819709929841695
5094.527 15.913335800170898 16.926774978637695 15.925997846109535
5094.547 16.15098762512207 16.926774978637695 16.029970218889687
5094.562 16.275821685791016 16.926774978637695 16.129394997103844
5094.577 16.391138076782227 16.926774978637695 16.22279886626332
5094.597 16.467243194580078 16.926774978637695 16.30929319849752
5094.612 16.537113189697266 16.926774978637695 16.38843307544692
5094.627 16.557756423950195 16.926774978637695 16.460103929406323
5094.647 16.601356506347656 18.446712493896484 16.566651617343418
5094.662 16.64595603942871 18.446712493896484 16.695234710808844
5094.677 16.743152618408203 18.446712493896484 16.83603809160847
5094.697 16.83869171142578 18.446712493896484 16.98168813938684
5094.712 17.171091079711914 18.446712493896484 17.126765796679173
5094.727 17.38761329650879 18.446712493896484 17.267403305453158
5094.747 17.618608474731445 18.446712493896484 17.400952109981173
5094.762 17.770694732666016 18.446712493896484 17.525710987169376
5094.777 17.856138229370117 18.446712493896484 17.64070489183278
5094.797 18.008220672607422 18.446712493896484 17.745506290868313
5094.812 18.058198928833008 20.28995704650879 17.891293153657557
5094.827 18.09459686279297 20.28995704650879 18.06240329603143
5094.847 18.187015533447266 20.28995704650879 18.24690872839392
5094.862 18.34833335876465 20.28995704650879 18.435888966950085
5094.877 18.586708068847656 20.28995704650879 18.622826698260365
5094.897 19.0434627532959 20.28995704650879 18.803107917441015
5094.912 19.27223777770996 20.28995704650879 18.973610824194196
5094.927 19.4008731842041 20.28995704650879 19.132369748170575
5094.947 19.56829071044922 20.28995704650879 19.27830218076
5094.972 19.639680862426758 22.374723434448242 19.467290173396027
5094.977 19.639680862426758 22.374723434448242 19.683493608779205
5094.997 19.83268928527832 22.374723434448242 19.913195792786375
5095.012 19.83268928527832 22.374723434448242 20.14619146288663
5095.027 20.32813262939453 22.374723434448242 20.37507536201594
5095.052 20.828596115112305 22.374723434448242 20.59465460526006
5095.062 20.828596115112305 22.374723434448242 20.80146608786429
5095.077 21.449607849121094 22.374723434448242 20.993382578193703
5095.097 21.603342056274414 22.374723434448242 21.169293310103267
5095.112 21.88871955871582 22.374723434448242 21.328846838985722
5095.127 21.925262451171875 24.52701187133789 21.531455927914777
5095.147 21.970699310302734 24.52701187133789 21.75986900131676
5095.172 22.0268611907959 24.52701187133789 22.000430121620052
5095.177 22.049711227416992 24.52701187133789 22.243015087984336
5095.197 22.304628372192383 24.52701187133789 22.480312005338313
5095.217 22.676225662231445 24.52701187133789 22.707227572587882
5095.227 22.874771118164062 24.52701187133789 22.920399961557177
5095.247 23.47975730895996 24.52701187133789 23.11780161709522
5095.267 23.696516036987305 26.502826690673828 23.35330128472116
5095.277 23.818862915039062 26.502826690673828 23.609562868997376
5095.297 24.118898391723633 26.502826690673828 23.873585448482654
5095.312 24.118898391723633 26.502826690673828 24.135836113113488
5095.327 24.118898391723633 26.502826690673828 24.38953216401411
5095.347 24.77693748474121 26.502826690673828 24.6300502952744
5095.362 25.27676010131836 26.502826690673828 24.854443191088624
5095.377 25.605836868286133 28.24410057067871 25.109415255694046
5095.402 25.72152328491211 28.24410057067871 25.37921983272571
5095.412 25.903533935546875 28.24410057067871 25.652159804411042
5095.427 25.903533935546875 28.24410057067871 25.919765142214192
5095.447 26.40777015686035 28.24410057067871 26.17611384343293
5095.462 26.734384536743164 28.24410057067871 26.41727449060034
5095.477 26.912235260009766 28.24410057067871 26.64085145835756
5095.497 27.107881546020508 29.785579681396484 26.88843518614254
5095.512 27.216997146606445 29.785579681396484 27.14634643177017
5095.527 27.216997146606445 29.785579681396484 27.404494863017703
5095.547 27.60426139831543 29.785579681396484 27.655642486784483
5095.567 27.985692977905273 29.785579681396484 27.89479654168341
5095.577 28.15901756286621 29.785579681396484 28.11871203685303
5095.602 28.623172760009766 31.17690086364746 28.364134503576583
5095.617 28.782732009887695 31.17690086364746 28.61815300814256
5095.627 28.782732009887695 31.17690086364746 28.871275936061302
5095.652 29.503917694091797 31.17690086364746 29.116725840887163
5095.667 29.768150329589844 31.17690086364746 29.34985869232017
5095.677 29.955158233642578 31.17690086364746 29.567688409121672
5095.697 30.172639846801758 31.17690086364746 29.768500053565543
5095.712 30.255416870117188 32.45048904418945 29.986914764404514
5095.727 30.324810028076172 32.45048904418945 30.211877929965926
5095.747 30.430036544799805 32.45048904418945 30.435285177175352
5095.762 30.54852294921875 32.45048904418945 30.651371592074607
5095.777 30.75853157043457 32.45048904418945 30.85620900955312
5095.797 30.946475982666016 32.45048904418945 31.047294716856193
5095.817 31.154321670532227 33.29999923706055 31.246814603021384
5095.827 31.29196548461914 33.29999923706055 31.446836764274888
5095.847 31.716156005859375 33.29999923706055 31.64166271760877
5095.862 31.97249412536621 33.29999923706055 31.82735288940883
5095.877 32.230735778808594 33.29999923706055 32.00133769037884
5095.897 32.44643020629883 33.29999923706055 32.162100730784786
5095.912 32.604923248291016 33.29999923706055 32.308922535838114
5095.927 32.735897064208984 33.29999923706055 32.44167473852897
5095.947 32.77732467651367 33.29999923706055 32.56065616483078
5095.962 32.79113006591797 33.29999923706055 32.66646349495971
5095.977 32.80653381347656 33.29999923706055 32.75989029688259
5095.997 32.77455139160156 33.29999923706055 32.84184919789441
5096.012 32.77078628540039 33.29999923706055 32.913312800379416
5096.027 32.80284118652344 33.29999923706055 32.975269672132534
5096.052 32.80988311767578 33.29999923706055 33.028692362606726
5096.062 32.92864990234375 33.29999923706055 33.07451492617807
5096.077 33.025203704833984 33.29999923706055 33.11361788312714
5096.097 33.1502799987793 33.29999923706055 33.146818928734334
5096.112 33.227073669433594 33.29999923706055 33.17486801993733
5096.127 33.30409622192383 33.29999923706055 33.1984457357232
5096.147 33.2929573059082 33.29999923706055 33.21816402924161
5096.162 33.32647705078125 33.29999923706055 33.23456867309274
5096.177 33.323204040527344 32.955631256103516 33.23857707188573
5096.202 33.26112365722656 32.955631256103516 33.233590150814365
5096.217 33.23984909057617 32.955631256103516 33.22229510957291
5096.227 33.19343185424805 32.955631256103516 33.206793000147755
5096.252 33.109130859375 32.955631256103516 33.18870643944874
5096.262 33.08396911621094 30.908309936523438 33.127564318703115
5096.277 33.016151428222656 30.908309936523438 33.0233666379109
5096.297 32.7862548828125 30.908309936523438 32.88994005371606
5096.312 32.745304107666016 30.908309936523438 32.73927238357327
5096.327 32.54393768310547 30.908309936523438 32.580433815585295
5096.347 32.07020568847656 28.714641571044922 32.37853968755072
5096.362 31.818666458129883 28.714641571044922 32.13358999946954
5096.377 31.573984146118164 28.714641571044922 31.863071927046295
5096.397 31.18511390686035 28.714641571044922 31.581744237906847
5096.412 30.925418853759766 28.714641571044922 31.300484315793973
5096.427 30.743587493896484 28.714641571044922 31.027085736478323
5096.452 30.361812591552734 26.33890151977539 30.710631597116073
5096.467 30.1524658203125 26.33890151977539 30.36396491236933
5096.477 29.908430099487305 26.33890151977539 30.017298227622586
5096.497 29.582578659057617 26.33890151977539 29.670631542875842
5096.512 29.079448699951172 26.33890151977539 29.3239648581291
5096.527 28.6938419342041 26.33890151977539 28.98922422058329
5096.547 28.27555274963379 23.727092742919922 28.642557535836545
5096.562 28.17162322998047 23.727092742919922 28.2958908510898
5096.577 27.740123748779297 23.727092742919922 27.949224166343058
5096.597 27.138139724731445 23.727092742919922 27.602557481596314
5096.612 26.640371322631836 23.727092742919922 27.25589079684957
5096.627 26.409786224365234 23.727092742919922 26.909224112102827
5096.647 26.15255355834961 23.727092742919922 26.562557427356083
5096.662 25.972688674926758 20.863107681274414 26.21589074260934
5096.677 25.834829330444336 20.863107681274414 25.869224057862596
5096.702 25.13116455078125 20.863107681274414 25.522557373115852
5096.712 25.018638610839844 20.863107681274414 25.17589068836911
5096.727 24.734783172607422 20.863107681274414 24.829224003622365
5096.747 24.29189109802246 20.863107681274414 24.48255731887562
5096.762 23.93206214904785 20.863107681274414 24.135890634128877
5096.777 23.545879364013672 18.336048126220703 23.789223949382134
5096.797 23.344257354736328 18.336048126220703 23.44255726463539
5096.812 22.880149841308594 18.336048126220703 23.095890579888646
5096.827 22.475210189819336 18.336048126220703 22.749223895141903
5096.847 21.990915298461914 18.336048126220703 22.40255721039516
5096.862 21.643789291381836 18.336048126220703 22.055890525648415
5096.877 21.43985939025879 18.336048126220703 21.70922384090167
5096.897 21.04998016357422 18.336048126220703 21.362557156154928
5096.912 20.796409606933594 16.45696449279785 21.015890471408184
5096.927 20.51150131225586 16.45696449279785 20.66922378666144
5096.952 20.19133758544922 16.45696449279785 20.322557101914697
5096.962 20.00311279296875 16.45696449279785 19.975890417167953
5096.977 19.574708938598633 16.45696449279785 19.62922373242121
5096.997 19.38299560546875 16.45696449279785 19.282557047674466
5097.012 18.999937057495117 16.45696449279785 18.939367971453123
5097.027 18.644577026367188 16.45696449279785 18.624460145854954
5097.047 18.21405792236328 16.45696449279785 18.33856798996453
5097.062 17.937097549438477 15.166143417358398 18.045555701814468
5097.077 17.652088165283203 15.166143417358398 17.755579883392254
5097.097 17.363750457763672 15.166143417358398 17.475835086248715
5097.112 16.966815948486328 15.166143417358398 17.211193210490467
5097.127 16.709850311279297 15.166143417358398 16.96472625881746
5097.147 16.461788177490234 15.166143417358398 16.738130974064234
5097.162 16.300132751464844 15.166143417358398 16.532071364431793
5097.177 16.164949417114258 15.166143417358398 16.34645286697485
5097.197 16.059837341308594 15.166143417358398 16.180639902853247
5097.212 15.974546432495117 15.166143417358398 16.033626820146452
5097.227 15.919607162475586 14.09099292755127 15.874305388178222
5097.247 15.7682466506958 14.09099292755127 15.710588568548587
5097.267 15.723491668701172 14.09099292755127 15.548269411068414
5097.277 15.570269584655762 14.09099292755127 15.391460777397242
5097.297 15.292954444885254 14.09099292755127 15.242957148208523
5097.317 15.0004243850708 14.09099292755127 15.104530540017253
5097.327 14.784576416015625 14.09099292755127 14.977170980687198
5097.347 14.677793502807617 14.09099292755127 14.861280572116774
5097.367 14.58562183380127 14.09099292755127 14.756828899772904
5097.377 14.50845718383789 14.09099292755127 14.663476423867897
5097.397 14.427343368530273 14.09099292755127 14.580671496514572
5097.412 14.364250183105469 13.774555206298828 14.498935844959957
5097.427 14.365678787231445 13.774555206298828 14.420236942714181
5097.452 14.37380599975586 13.774555206298828 14.345900458274164
5097.462 14.363977432250977 13.774555206298828 14.276755275758084
5097.477 14.373424530029297 13.774555206298828 14.213251225925463
5097.497 14.253799438476562 13.774555206298828 14.155553989334198
5097.512 14.188036918640137 13.774555206298828 14.103621003330366
5097.527 14.128076553344727 13.774555206298828 14.057261646590705
5097.547 13.99132251739502 13.774555206298828 14.016184484118432
5097.562 13.893203735351562 13.774555206298828 13.980033926536313
5097.577 13.842611312866211 13.774555206298828 13.948418284645808
5097.597 13.824408531188965 13.489914894104004 13.913024201803479
5097.612 13.797480583190918 13.489914894104004 13.875905405405238
5097.627 13.788895606994629 13.489914894104004 13.838581642102692
5097.647 13.770556449890137 13.489914894104004 13.802147757166082
5097.662 13.758523941040039 13.489914894104004 13.767363670843492
5097.677 13.72638988494873 13.489914894104004 13.734728164890761
5097.697 13.70557689666748 13.489914894104004 13.704539016764592
5097.717 13.677356719970703 13.489914894104004 13.67694167924673
5097.727 13.674217224121094 13.489914894104004 13.651968398748647
5097.747 13.628094673156738 13.489914894104004 13.629569394717713
5097.762 13.603325843811035 13.489914894104004 13.609637483404844
5097.777 13.587733268737793 13.489914894104004 13.59202731943102
5097.797 13.584725379943848 13.417671203613281 13.574563476232102
5097.812 13.562493324279785 13.417671203613281 13.557689603059163
5097.827 13.537789344787598 13.417671203613281 13.5417072604776
5097.847 13.522618293762207 13.417671203613281 13.526807802146918
5097.862 13.510268211364746 13.417671203613281 13.513098284732392
5097.877 13.487334251403809 13.417671203613281 13.500622378258097
5097.897 13.468076705932617 13.417671203613281 13.489377112599838
5097.912 13.469948768615723 13.417671203613281 13.479326174697977
5097.927 13.472532272338867 13.417671203613281 13.470410364419172
5097.947 13.444464683532715 13.417671203613281 13.462555723675916
5097.962 13.439035415649414 13.417671203613281 13.455679772238637
5097.977 13.463704109191895 13.417671203613281 13.449696213460472
5097.997 13.454739570617676 13.417671203613281 13.444518412724882
5098.012 13.47461986541748 13.417671203613281 13.440061899721112
5098.027 13.43502140045166 13.810717582702637 13.447164057735483
5098.047 13.416632652282715 13.810717582702637 13.462352647621076
5098.062 13.477685928344727 13.810717582702637 13.482914608242945
5098.077 13.525829315185547 13.810717582702637 13.506756318847335
5098.097 13.560623168945312 13.810717582702637 13.532286247082643
5098.117 13.616323471069336 13.810717582702637 13.558316899847988
5098.127 13.649333000183105 13.810717582702637 13.583983331422443
5098.147 13.674015045166016 13.810717582702637 13.608675781308486
5098.162 13.696554183959961 13.810717582702637 13.631984309541625
5098.177 13.711848258972168 13.810717582702637 13.653653568092176
5098.197 13.723027229309082 13.810717582702637 13.673546092816352
5098.212 13.718263626098633 13.810717582702637 13.691612721469015
5098.227 13.698484420776367 13.810717582702637 13.707868940449154
5098.247 13.677555084228516 14.539824485778809 13.74262910914774
5098.267 13.695281028747559 14.539824485778809 13.78968488119544
5098.277 13.771568298339844 14.539824485778809 13.844245397212864
5098.307 13.969853401184082 14.539824485778809 13.902668742916905
5098.312 13.969853401184082 14.539824485778809 13.96223757895599
5098.327 14.08071517944336 14.539824485778809 14.020972659655694
5098.347 14.178781509399414 14.539824485778809 14.077478685518209
5098.362 14.234644889831543 14.539824485778809 14.13081761012044
5098.377 14.307767868041992 14.539824485778809 14.180405141917214
5098.397 14.367045402526855 14.539824485778809 14.225926744009703
5098.412 14.376569747924805 14.539824485778809 14.267269940795293
5098.427 14.381904602050781 14.539824485778809 14.304470191586626
5098.447 14.356829643249512 14.204200744628906 14.328345108064688
5098.462 14.311695098876953 14.204200744628906 14.342007009621582
5098.477 14.300090789794922 14.204200744628906 14.34797008666417
5098.497 14.259599685668945 14.204200744628906 14.348250031872363
5098.512 14.247968673706055 14.204200744628906 14.344449289759961
5098.527 14.23244571685791 14.204200744628906 14.3378296313089
5098.547 14.216883659362793 14.204200744628906 14.329373628944053
5098.562 14.241106986999512 14.204200744628906 14.319836469113875
5098.577 14.230877876281738 14.204200744628906 14.30978940091688
5098.602 14.275480270385742 14.204200744628906 14.299655983654674
5098.612 14.275480270385742 14.204200744628906 14.289742166739208
5098.627 14.345864295959473 14.204200744628906 14.280261113900927
5098.647 14.369551658630371 14.204200744628906 14.271353571251213
5098.662 14.364596366882324 14.127482414245605 14.260973411039085
5098.677 14.32465648651123 14.127482414245605 14.249826212742734
5098.697 14.286201477050781 14.127482414245605 14.23843894826011
5098.712 14.234090805053711 14.127482414245605 14.227195949282828
5098.727 14.177474975585938 14.127482414245605 14.216368646141964
5098.752 14.151265144348145 14.127482414245605 14.206140016796342
5098.762 14.12368106842041 14.127482414245605 14.196624565617702
5098.777 14.086198806762695 14.127482414245605 14.187884543564058
5098.807 14.101883888244629 14.127482414245605 14.179943024120908
5098.812 14.111560821533203 14.127482414245605 14.172794362655463
5098.827 14.143694877624512 14.127482414245605 14.166412490012634
5098.847 14.18537712097168 14.127482414245605 14.160757423606585
5098.867 14.182082176208496 14.127482414245605 14.155780320187151
5098.877 14.208626747131348 14.127482414245605 14.151427343118625
5098.902 14.187841415405273 14.127482414245605 14.147642572634654
5098.917 14.223312377929688 14.127482414245605 14.144370149385626
5098.927 14.223312377929688 14.127482414245605 14.14155580896936
5098.947 14.167028427124023 14.127482414245605 14.139147937373963
5098.962 14.152228355407715 14.127482414245605 14.137098253756589
5098.977 14.0977783203125 14.127482414245605 14.135362207180147
5098.997 14.079286575317383 14.127482414245605 14.133899157332783
5099.012 14.063879013061523 14.127482414245605 14.132672395415
5099.027 14.073229789733887 14.127482414245605 14.131649049900084
5099.047 14.089997291564941 14.127482414245605 14.13079991240482
5099.062 14.098973274230957 14.127482414245605 14.130099211142838
5099.077 14.133411407470703 14.427736282348633 14.137864739200209
5099.097 14.16618537902832 14.427736282348633 14.151482022342806
5099.117 14.206730842590332 14.427736282348633 14.168914805305484
5099.127 14.22644329071045 14.427736282348633 14.188597785727808
5099.147 14.287830352783203 14.427736282348633 14.209346658116422
5099.162 14.313726425170898 14.427736282348633 14.230283062105324
5099.177 14.3057279586792 14.427736282348633 14.250772296900195
5099.197 14.317756652832031 14.427736282348633 14.270371914975618
5099.212 14.327159881591797 14.427736282348633 14.28878954052303
5099.227 14.285356521606445 14.427736282348633 14.305848470679821
5099.247 14.315008163452148 14.427736282348633 14.321459809939629
5099.262 14.333704948425293 14.427736282348633 14.335600060719983
5099.277 14.315813064575195 14.427736282348633 14.348293246660264
5099.302 14.362333297729492 14.427736282348633 14.359596780951424
5099.312 14.36410903930664 14.427736282348633 14.36959041115152
5099.327 14.37210464477539 14.427736282348633 14.378367675904531
5099.352 14.380169868469238 14.427736282348633 14.386029399169866
5099.362 14.41232967376709 14.427736282348633 14.392678825383726
5099.377 14.380468368530273 14.427736282348633 14.398418065756003
5099.397 14.41336441040039 14.427736282348633 14.403345582928292
5099.412 14.406399726867676 14.427736282348633 14.4075544896613
5099.427 14.411243438720703 14.427736282348633 14.411131478168661
5099.447 14.407737731933594 14.427736282348633 14.414156231154745
5099.462 14.427669525146484 14.427736282348633 14.4167011944337
5099.477 14.408296585083008 15.587628364562988 14.451050842864523
5099.497 14.492539405822754 15.587628364562988 14.507239691517162
5099.512 14.530142784118652 15.587628364562988 14.57751916515845
5099.527 14.638506889343262 15.587628364562988 14.655944712028607
5099.547 14.827155113220215 15.587628364562988 14.738029790285454
5099.562 15.02640151977539 15.587628364562988 14.820457391348157
5099.577 15.102046966552734 15.587628364562988 14.900840811259423
5099.597 15.172286033630371 15.587628364562988 14.977526361700814
5099.612 15.231744766235352 15.587628364562988 15.049431618008985
5099.627 15.248442649841309 15.587628364562988 15.115913628486528
5099.652 15.273249626159668 15.587628364562988 15.176662256826367
5099.662 15.278800964355469 15.587628364562988 15.23161449931123
5099.677 15.240743637084961 16.20612144470215 15.298066579142239
5099.697 15.297122955322266 16.20612144470215 15.370914317602429
5099.712 15.360908508300781 16.20612144470215 15.44632206281739
5099.727 15.46817398071289 16.20612144470215 15.521469819694314
5099.747 15.585784912109375 16.20612144470215 15.594343813690724
5099.762 15.660909652709961 16.20612144470215 15.663563999834205
5099.777 15.77522087097168 16.20612144470215 15.728242840588086
5099.797 15.879134178161621 16.20612144470215 15.787870415893739
5099.812 15.957119941711426 16.20612144470215 15.842221595993768
5099.827 16.01828384399414 16.20612144470215 15.89128160444748
5099.852 16.03372573852539 16.884647369384766 15.954034772796387
5099.862 16.071584701538086 16.884647369384766 16.0248582284541
5099.877 16.125080108642578 16.884647369384766 16.099498071479285
5099.897 16.168169021606445 16.884647369384766 16.174799662872243
5099.912 16.26736068725586 16.884647369384766 16.248483796162116
5099.927 16.324413299560547 16.884647369384766 16.31896196947491
5099.947 16.450979232788086 16.884647369384766 16.38518481094416
5099.962 16.51662826538086 16.884647369384766 16.4465184744224
5099.977 16.55973243713379 16.884647369384766 16.502644514027224
5099.997 16.633996963500977 16.884647369384766 16.553479366448073
5100.012 16.670312881469727 16.884647369384766 16.599110122084056
5100.027 16.65935516357422 17.860795974731445 16.666858995844766
5100.047 16.74408721923828 17.860795974731445 16.748577273911707
5100.067 16.800642013549805 17.860795974731445 16.838037005786386
5100.077 16.89045524597168 17.860795974731445 16.930559786630937
5100.097 17.10400390625 17.860795974731445 17.02270767501154
5100.112 17.163312911987305 17.860795974731445 17.112027226632062
5100.127 17.309059143066406 17.860795974731445 17.1968387047014
5100.152 17.432567596435547 17.860795974731445 17.27606352215578
5100.162 17.473312377929688 17.860795974731445 17.349083876648717
5100.177 17.581995010375977 17.860795974731445 17.41562935605237
5100.197 17.584304809570312 18.825193405151367 17.502474842978536
5100.212 17.636329650878906 18.825193405151367 17.601456293440727
5100.227 17.69947052001953 18.825193405151367 17.70638569923588
5100.247 17.840274810791016 18.825193405151367 17.812663100244542
5100.262 17.975217819213867 18.825193405151367 17.916954414133677
5100.277 17.989736557006836 18.825193405151367 18.016925384372957
5100.297 18.156047821044922 18.825193405151367 18.111023136708486
5100.312 18.25682830810547 18.825193405151367 18.198297922906708
5100.327 18.35576057434082 18.825193405151367 18.27825861693786
5100.347 18.45730972290039 18.825193405151367 18.350756414402582
5100.367 18.49406623840332 20.20502471923828 18.45422062646575
5100.377 18.548566818237305 20.20502471923828 18.57700342900979
5100.402 18.79386329650879 20.20502471923828 18.710220587353223
5100.412 18.88843536376953 20.20502471923828 18.847215223525396
5100.427 19.118595123291016 20.20502471923828 18.983111645128403
5100.447 19.26812171936035 20.20502471923828 19.114446111979234
5100.462 19.34700584411621 20.20502471923828 19.23886299797647
5100.477 19.554956436157227 20.20502471923828 19.354866259492656
5100.497 19.632429122924805 20.20502471923828 19.46161744376575
5100.512 19.705564498901367 21.845537185668945 19.604342457321934
5100.527 19.762189865112305 21.845537185668945 19.76888413054265
5100.547 20.014070510864258 21.845537185668945 19.9444904736899
5100.562 20.177663803100586 21.845537185668945 20.123148542302545
5100.577 20.350811004638672 21.845537185668945 20.299030956141177
5100.597 20.640520095825195 21.845537185668945 20.468038527649878
5100.612 20.876422882080078 21.845537185668945 20.627424473669898
5100.627 20.993640899658203 21.845537185668945 20.77548753371395
5100.647 21.091041564941406 21.845537185668945 20.91132299576787
5100.662 21.168994903564453 23.679473876953125 21.085564829619436
5100.677 21.283348083496094 23.679473876953125 21.282491177913275
5100.697 21.577743530273438 23.679473876953125 21.490204584310124
5100.712 21.740201950073242 23.679473876953125 21.699878898075198
5100.727 22.016952514648438 23.679473876953125 21.905134241657528
5100.747 22.16657257080078 23.679473876953125 22.101521118757745
5100.762 22.464900970458984 23.679473876953125 22.286097070077247
5100.777 22.697399139404297 23.679473876953125 22.457081414468092
5100.797 22.798391342163086 25.62340545654297 22.66757364687568
5100.812 22.959232330322266 25.62340545654297 22.900532858045807
5100.827 23.198030471801758 25.62340545654297 23.1431223137896
5100.847 23.560882568359375 25.62340545654297 23.385874847973106
5100.862 23.840682983398438 25.62340545654297 23.622001128383094
5100.877 24.091957092285156 25.62340545654297 23.846819529657758
5100.897 24.372461318969727 25.62340545654297 24.057288994810172
5100.912 24.54751205444336 25.62340545654297 24.25162868131184
5100.927 24.630281448364258 27.481033325195312 24.48061114767563
5100.947 24.812957763671875 27.481033325195312 24.728060314366235
5100.962 25.002565383911133 27.481033325195312 24.98187036067091
5100.977 25.224063873291016 27.481033325195312 25.233188757472252
5101.002 25.641695022583008 27.481033325195312 25.47574040486036
5101.012 25.82647132873535 27.481033325195312 25.70527166883497
5101.027 26.045095443725586 27.481033325195312 25.919095789113516
5101.047 26.318300247192383 29.108325958251953 26.160926141647938
5101.062 26.483015060424805 29.108325958251953 26.41611011639191
5101.077 26.790725708007812 29.108325958251953 26.67377574237313
5101.097 27.178335189819336 29.108325958251953 26.926062505791656
5101.112 27.40448570251465 29.108325958251953 27.167486451404898
5101.127 27.49417495727539 29.108325958251953 27.394419156340547
5101.147 27.919233322143555 29.94668960571289 27.627950666957574
5101.162 28.1675968170166 29.94668960571289 27.85972433446607
5101.177 28.218076705932617 29.94668960571289 28.083800056337083
5101.197 28.482410430908203 29.94668960571289 28.296134591024877
5101.217 28.725034713745117 31.32429313659668 28.532423195008835
5101.227 28.835338592529297 31.32429313659668 28.77931530861689
5101.247 28.975933074951172 31.32429313659668 29.026948488983276
5101.262 29.267019271850586 31.32429313659668 29.268234067010056
5101.277 29.627761840820312 31.32429313659668 29.498268152254063
5101.297 29.85045623779297 31.32429313659668 29.713848831468944
5101.312 30.12336540222168 32.578426361083984 29.947919921398803
5101.327 30.282337188720703 32.578426361083984 30.188740496669347
5101.347 30.590351104736328 32.578426361083984 30.42770874187903
5101.362 30.68896484375 32.578426361083984 30.658711476402026
5101.377 31.083831787109375 32.578426361083984 30.877588851755643
5101.402 31.500228881835938 32.578426361083984 31.081696458823043
5101.412 31.567096710205078 33.29999923706055 31.289593102250375
5101.427 31.67259979248047 33.29999923706055 31.49443031431543
5101.447 31.84601402282715 33.29999923706055 31.691385010798527
5101.462 31.9444637298584 33.29999923706055 31.877219606869172
5101.477 32.0594596862793 33.29999923706055 32.049922725157025
5101.497 32.16546630859375 33.29999923706055 32.2084176418862
5101.512 32.3386344909668 33.29999923706055 32.3523273773399
5101.527 32.46572494506836 33.29999923706055 32.48178690669323
5101.547 32.64204406738281 33.29999923706055 32.59729435680881
5101.572 32.75008773803711 33.29999923706055 32.6995942763945
5101.577 32.86019515991211 33.29999923706055 32.789587134566254
5101.602 32.897159576416016 33.29999923706055 32.86826013036326
5101.612 32.96491622924805 33.29999923706055 32.93663519706998
5101.627 32.993045806884766 33.29999923706055 32.995730773807544
5101.647 33.04247283935547 33.29999923706055 33.046534505568175
5101.662 33.063331604003906 33.29999923706055 33.089984533632865
5101.677 33.08183670043945 33.29999923706055 33.126957462140886
5101.697 33.10525131225586 33.29999923706055 33.158261443496656
5101.712 33.149078369140625 33.29999923706055 33.18463312434872
5101.727 33.21073913574219 33.29999923706055 33.20673744314594
5101.747 33.22646713256836 33.29999923706055 33.22516947694738
5101.762 33.26603698730469 33.29999923706055 33.24045770556378
5101.777 33.260826110839844 31.646512985229492 33.21269037413358
5101.797 33.182132720947266 31.646512985229492 33.14928552167811
5101.812 33.09415817260742 31.646512985229492 33.06210169243307
5101.827 32.876380920410156 31.646512985229492 32.96029803679407
5101.852 32.73597717285156 31.646512985229492 32.85084471874039
5101.862 32.52570724487305 31.646512985229492 32.738949512998964
5101.877 32.418975830078125 29.5609188079834 32.583998747210934
5101.897 32.14958953857422 29.5609188079834 32.38897624917035
5101.917 32.14958953857422 29.5609188079834 32.17065296911821
5101.927 31.841970443725586 29.5609188079834 31.94169533182502
5101.947 31.437519073486328 29.5609188079834 31.71147634036554
5101.962 31.16623306274414 27.325510025024414 31.43820178885946
5101.977 30.899072647094727 27.325510025024414 31.128113581184323
5101.997 30.5781307220459 27.325510025024414 30.80025581602147
5102.012 30.11948585510254 27.325510025024414 30.468770362681692
5102.027 29.694969177246094 27.325510025024414 30.14389299642196
5102.047 29.403100967407227 27.325510025024414 29.832775798031587
5102.062 29.2336483001709 27.325510025024414 29.540162198378766
5102.077 28.941574096679688 24.89288330078125 29.204493038679345
5102.102 28.644397735595703 24.89288330078125 28.8578263539326
5102.112 28.343881607055664 24.89288330078125 28.511159669185858
5102.127 28.068296432495117 24.89288330078125 28.164492984439114
5102.147 27.633312225341797 24.89288330078125 27.81782629969237
5102.162 27.273645401000977 24.89288330078125 27.484232822848558
5102.177 26.96318244934082 22.140626907348633 27.137566138101814
5102.197 26.522558212280273 22.140626907348633 26.79089945335507
5102.212 26.281837463378906 22.140626907348633 26.444232768608327
5102.227 25.75465965270996 22.140626907348633 26.097566083861583
5102.247 25.402936935424805 22.140626907348633 25.75089939911484
5102.262 24.868343353271484 22.140626907348633 25.404232714368096
5102.277 24.579578399658203 22.140626907348633 25.057566029621352
5102.297 24.33574867248535 19.60661506652832 24.71089934487461
5102.312 24.13277816772461 19.60661506652832 24.364232660127865
5102.327 23.88965606689453 19.60661506652832 24.01756597538112
5102.347 23.445219039916992 19.60661506652832 23.670899290634377
5102.362 23.113916397094727 19.60661506652832 23.324232605887634
5102.377 22.800556182861328 19.60661506652832 22.97756592114089
5102.397 22.40254783630371 19.60661506652832 22.630899236394146
5102.412 22.124202728271484 17.62635612487793 22.284232551647403
5102.427 22.01943588256836 17.62635612487793 21.93756586690066
5102.447 21.59671401977539 17.62635612487793 21.590899182153915
5102.462 21.19709014892578 17.62635612487793 21.24423249740717
5102.477 20.440263748168945 17.62635612487793 20.897565812660428
5102.497 20.33553123474121 17.62635612487793 20.550899127913684
5102.512 20.144920349121094 17.62635612487793 20.20423244316694
5102.527 19.548084259033203 17.62635612487793 19.88095649190359
5102.547 19.23823356628418 17.62635612487793 19.58664760376971
5102.562 19.1257381439209 16.162445068359375 19.280609491273246
5102.577 18.8835506439209 16.162445068359375 18.974666494390775
5102.597 18.586076736450195 16.162445068359375 18.67729008116345
5102.612 18.36846351623535 16.162445068359375 18.394313509547
5102.627 18.195680618286133 16.162445068359375 18.12951728534815
5102.652 17.649799346923828 16.162445068359375 17.885105761302686
5102.662 17.56853675842285 16.162445068359375 17.662092481775357
5102.677 17.312082290649414 16.162445068359375 17.46060942446953
5102.697 17.071659088134766 16.162445068359375 17.280153111613245
5102.712 16.917884826660156 14.961148262023926 17.086409281969495
5102.727 16.81675910949707 14.961148262023926 16.888524505764767
5102.747 16.682828903198242 14.961148262023926 16.693168851164913
5102.762 16.533809661865234 14.961148262023926 16.505052280204985
5102.777 16.396442413330078 14.961148262023926 16.327349179929534
5102.797 16.13239860534668 14.961148262023926 16.162045264568835
5102.812 16.02097511291504 14.961148262023926 16.0102192074528
5102.827 15.737115859985352 14.961148262023926 15.872269672794962
5102.847 15.627890586853027 14.961148262023926 15.74809691094509
5102.862 15.507590293884277 14.961148262023926 15.63724674648185
5102.877 15.430975914001465 14.58132553100586 15.52847298232075
5102.897 15.324332237243652 14.58132553100586 15.424208798776252
5102.912 15.324332237243652 14.58132553100586 15.326072708896461
5102.927 15.216346740722656 14.58132553100586 15.23505442216683
5102.947 15.117069244384766 14.58132553100586 15.151665513595841
5102.962 15.102601051330566 14.58132553100586 15.076060684738838
5102.977 15.025741577148438 14.58132553100586 15.00813458058248
5103.002 14.934394836425781 14.58132553100586 14.947598398771492
5103.012 14.879894256591797 14.58132553100586 14.894039888646745
5103.027 14.846821784973145 14.58132553100586 14.8469697796749
5103.047 14.82709789276123 14.58132553100586 14.805857194596802
5103.062 14.76539421081543 14.167482376098633 14.758660540201523
5103.077 14.70384407043457 14.167482376098633 14.70841465453323
5103.097 14.635912895202637 14.167482376098633 14.657379205689598
5103.112 14.564342498779297 14.167482376098633 14.607195554753277
5103.127 14.533936500549316 14.167482376098633 14.55901634942047
5103.147 14.445754051208496 14.167482376098633 14.513611974806066
5103.162 14.418206214904785 14.167482376098633 14.471457461591918
5103.177 14.379449844360352 14.167482376098633 14.43280297448913
5103.197 14.352148056030273 14.167482376098633 14.397730575245951
5103.217 14.3258056640625 14.167482376098633 14.366199572329824
5103.227 14.297094345092773 14.167482376098633 14.338082431345894
5103.247 14.295757293701172 14.167482376098633 14.313192923138391
5103.262 14.306962013244629 13.986425399780273 14.28627856602851
5103.277 14.294790267944336 13.986425399780273 14.258660688343994
5103.297 14.275603294372559 13.986425399780273 14.231305784273752
5103.312 14.261619567871094 13.986425399780273 14.204899203148845
5103.327 14.21226692199707 13.986425399780273 14.17990576967295
5103.347 14.167080879211426 13.986425399780273 14.156619354104711
5103.362 14.139764785766602 13.986425399780273 14.135203146289436
5103.377 14.088935852050781 13.986425399780273 14.115722148726404
5103.397 14.038853645324707 13.986425399780273 14.098169190693188
5103.412 14.003512382507324 13.986425399780273 14.082485576512967
5103.427 14.00100326538086 13.986425399780273 14.068577314727994
5103.447 14.005743980407715 13.986425399780273 14.056327729445485
5103.462 14.028915405273438 13.986425399780273 14.045607128591904
5103.477 14.016040802001953 13.986425399780273 14.036280094389012
5103.497 14.03272533416748 13.986425399780273 14.028210867242294
5103.512 14.046012878417969 13.986425399780273 14.021267213689146
5103.527 14.074806213378906 13.986425399780273 14.015323100480241
5103.547 14.05836009979248 13.986425399780273 14.010260438776301
5103.562 14.042444229125977 13.986425399780273 14.005970113477671
5103.577 14.034786224365234 13.986425399780273 14.002352471639938
5103.597 13.994022369384766 13.986425399780273 13.999317409667437
5103.617 14.000858306884766 13.986425399780273 13.996784170542218
5103.627 13.986942291259766 13.986425399780273 13.994680938877622
5103.647 13.983795166015625 13.986425399780273 13.992944302328006
5103.662 13.983795166015625 13.986425399780273 13.99151863218123
5103.677 13.953932762145996 13.986425399780273 13.990355423237878
5103.697 13.97158145904541 14.366189002990723 13.999961612927757
5103.712 13.992009162902832 14.366189002990723 14.01701903284865
5103.727 13.985650062561035 14.366189002990723 14.038942683722214
5103.747 14.088737487792969 14.366189002990723 14.063744809674384
5103.762 14.121597290039062 14.366189002990723 14.08992089470871
5103.777 14.168054580688477 14.366189002990723 14.116354536849258
5103.797 14.212434768676758 14.366189002990723 14.142238493664964
5103.812 14.274020195007324 14.366189002990723 14.167009510463888
5103.827 14.263938903808594 14.366189002990723 14.19029483639549
5103.847 14.289434432983398 14.366189002990723 14.211868602550785
5103.862 14.274759292602539 14.366189002990723 14.231616479547085
5103.877 14.25503921508789 14.366189002990723 14.249507250477082
5103.907 14.25247859954834 14.275613784790039 14.263054150963544
5103.912 14.25247859954834 14.275613784790039 14.273111641532452
5103.927 14.237174987792969 14.275613784790039 14.280389013611511
5103.947 14.215852737426758 14.275613784790039 14.28547181823509
5103.962 14.21070671081543 14.275613784790039 14.288840660515953
5103.977 14.237556457519531 14.275613784790039 14.290887584181192
5104.002 14.270444869995117 14.275613784790039 14.291930273861468
5104.012 14.295963287353516 14.275613784790039 14.292224298928774
5104.027 14.310382843017578 14.275613784790039 14.291973613670685
5104.047 14.296319961547852 14.275613784790039 14.291339516167561
5104.062 14.330395698547363 14.275613784790039 14.290448253715862
5104.077 14.32584285736084 14.275613784790039 14.289397447014395
5104.097 14.31346607208252 14.275613784790039 14.2882614893477
5104.117 14.292819023132324 14.275613784790039 14.287096061206775
5104.127 14.294027328491211 14.275613784790039 14.285941885567043
5104.147 14.28165340423584 14.275613784790039 14.284827834657449
5104.162 14.265801429748535 14.275613784790039 14.283773485665687
5104.177 14.254616737365723 14.275613784790039 14.28279121052254
5104.197 14.269132614135742 14.275613784790039 14.281887873726655
5104.212 14.270845413208008 14.275613784790039 14.2810662021032
5104.227 14.258892059326172 14.275613784790039 14.280325881399593
5104.247 14.278536796569824 14.275613784790039 14.279664426653472
5104.262 14.300191879272461 14.275613784790039 14.279077866253918
5104.277 14.286881446838379 14.275613784790039 14.278561273481094
5104.297 14.294477462768555 14.275613784790039 14.2781091739738
5104.312 14.298149108886719 13.953975677490234 14.268781460158772
5104.327 14.285333633422852 13.953975677490234 14.253351992742912
5104.347 14.23836898803711 13.953975677490234 14.2339781983651
5104.362 14.206055641174316 13.953975677490234 14.212315797400583
5104.377 14.137645721435547 13.953975677490234 14.18961496183897
5104.397 14.109047889709473 13.953975677490234 14.166800493662823
5104.412 14.115238189697266 13.953975677490234 14.144538324074492
5104.427 14.060821533203125 13.953975677490234 14.123290362130115
5104.447 14.0592679977417 13.953975677490234 14.103359470208938
5104.462 14.038750648498535 13.953975677490234 14.084926114396039
5104.477 14.032431602478027 13.953975677490234 14.068078030486822
5104.507 14.03268814086914 13.953975677490234 14.05283406046478
5104.512 14.023249626159668 13.953975677490234 14.039163149027404
5104.527 14.037458419799805 13.84626293182373 14.024007322773612
5104.547 14.042197227478027 13.84626293182373 14.008208302807628
5104.562 14.040005683898926 13.84626293182373 13.992387189068909
5104.577 14.004100799560547 13.84626293182373 13.976989716887529
5104.597 13.962653160095215 13.84626293182373 13.962323562087855
5104.612 13.967039108276367 13.84626293182373 13.948588911298971
5104.627 13.913726806640625 13.84626293182373 13.935903356487987
5104.647 13.898880958557129 13.84626293182373 13.924322030338278
5104.662 13.861092567443848 13.84626293182373 13.91385377158388
5104.677 13.864474296569824 13.84626293182373 13.90447399610874
5104.702 13.85892105102539 13.84626293182373 13.896134849646913
5104.712 13.879947662353516 13.84626293182373 13.888773130277352
5104.727 13.893776893615723 13.84626293182373 13.882316392535513
5104.747 13.89548397064209 14.19424057006836 13.886353625306747
5104.762 13.899673461914062 14.19424057006836 13.89779939142416
5104.777 13.922144889831543 14.19424057006836 13.914236668349323
5104.797 13.97763729095459 14.19424057006836 13.933794603539623
5104.812 13.982187271118164 14.19424057006836 13.955045734406312
5104.827 14.039305686950684 14.19424057006836 13.976920012897079
5104.847 14.085886001586914 14.19424057006836 13.998633261598881
5104.862 14.048112869262695 14.19424057006836 14.019627959760786
5104.877 14.060529708862305 14.19424057006836 14.039524510592166
5104.897 14.069469451904297 14.19424057006836 14.058081373827708
5104.912 14.075055122375488 14.19424057006836 14.075162659162386
5104.927 14.110034942626953 14.19424057006836 14.090711966825573
5104.952 14.092430114746094 14.19424057006836 14.104731431922243
5104.962 14.101482391357422 14.19424057006836 14.117265080242209
5104.977 14.136585235595703 14.19424057006836 14.128385736293401
5105.007 14.126263618469238 14.19424057006836 14.13818484076143
5105.012 14.126263618469238 14.19424057006836 14.146764635906326
5105.027 14.140363693237305 14.19424057006836 14.154232265053222
5105.047 14.17625617980957 14.19424057006836 14.16069540775338
5105.062 14.16447639465332 14.19424057006836 14.166259136754489
5105.077 14.189316749572754 14.19424057006836 14.171023737907305
5105.097 14.188237190246582 14.19424057006836 14.175083280734826
5105.122 14.192483901977539 14.453566551208496 14.185728266910166
5105.127 14.18281078338623 14.453566551208496 14.200797126629526
5105.147 14.206562042236328 14.453566551208496 14.218617849509753
5105.162 14.22067928314209 14.453566551208496 14.237915720816297
5105.177 14.27130126953125 14.453566551208496 14.25773616310322
5105.197 14.293547630310059 14.453566551208496 14.277380546686294
5105.212 14.330655097961426 14.453566551208496 14.296353077488874
5105.227 14.365945816040039 14.453566551208496 14.314317099009207
5105.247 14.386963844299316 14.453566551208496 14.331059354908996
5105.262 14.397978782653809 14.453566551208496 14.346460949419722
5105.277 14.38758659362793 14.453566551208496 14.360473914507063
5105.297 14.401288986206055 14.453566551208496 14.373102446124026
5105.312 14.40976333618164 15.068183898925781 14.401460713743582
5105.327 14.422447204589844 15.068183898925781 14.44030422886096
5105.347 14.441844940185547 15.068183898925781 14.485583184553251
5105.362 14.496209144592285 15.068183898925781 14.534216456995377
5105.377 14.615701675415039 15.068183898925781 14.583902732016568
5105.397 14.638201713562012 15.068183898925781 14.632963484420422
5105.412 14.74439525604248 15.068183898925781 14.680213146804391
5105.427 14.797791481018066 15.068183898925781 14.724852370608858
5105.447 14.889861106872559 15.068183898925781 14.766380801568237
5105.462 14.917922973632812 15.068183898925781 14.80452626338763
5105.477 14.914895057678223 15.068183898925781 14.839187667767845
5105.497 14.89246654510498 15.068183898925781 14.870389347479367
5105.512 14.919185638427734 15.712013244628906 14.916128994837607
5105.527 14.965811729431152 15.712013244628906 14.97101697290202
5105.547 15.020515441894531 15.712013244628906 15.030936588287629
5105.562 15.076681137084961 15.712013244628906 15.092797776411414
5105.577 15.129453659057617 15.712013244628906 15.154332058452857
5105.597 15.258875846862793 15.712013244628906 15.213922772016232
5105.612 15.345181465148926 15.712013244628906 15.270465297094068
5105.627 15.392518997192383 15.712013244628906 15.323252661275207
5105.647 15.435029029846191 15.712013244628906 15.371882511044557
5105.662 15.514845848083496 15.712013244628906 15.416181979579065
5105.677 15.520959854125977 15.712013244628906 15.456147467371613
5105.697 15.555274963378906 16.926774978637695 15.525640168161939
5105.712 15.59427261352539 16.926774978637695 15.614363684829932
5105.727 15.618432998657227 16.926774978637695 15.714404743539344
5105.747 15.882489204406738 16.926774978637695 15.81977778862385
5105.762 16.029842376708984 16.926774978637695 15.92604506119628
5105.777 16.121475219726562 16.926774978637695 16.030001327798036
5105.802 16.37447738647461 16.926774978637695 16.129413699114814
5105.812 16.427915573120117 16.926774978637695 16.222808157164327
5105.827 16.461742401123047 16.926774978637695 16.309295486689244
5105.847 16.516773223876953 16.926774978637695 16.388430281469542
5105.862 16.535615921020508 16.926774978637695 16.460097570818323
5105.877 16.53728485107422 18.446712493896484 16.56664288074532
5105.897 16.6274471282959 18.446712493896484 16.695224512653517
5105.912 16.779033660888672 18.446712493896484 16.836027129285938
5105.927 16.913082122802734 18.446712493896484 16.98167693392015
5105.947 17.252954483032227 18.446712493896484 17.126754728222163
5105.962 17.336990356445312 18.446712493896484 17.267392642643593
5105.977 17.54519271850586 18.446712493896484 17.400942034074788
5105.997 17.776466369628906 18.446712493896484 17.525701611763246
5106.017 17.915973663330078 18.446712493896484 17.640696278879798
5106.027 17.90760040283203 18.446712493896484 17.745498463588792
5106.047 17.96710205078125 18.446712493896484 17.84008486395519
5106.062 17.999874114990234 20.28995704650879 17.975923794989384
5106.077 18.023365020751953 20.28995704650879 18.13755373502582
5106.097 18.270437240600586 20.28995704650879 18.313177510107863
5106.112 18.4766902923584 20.28995704650879 18.49395176139356
5106.127 18.712621688842773 20.28995704650879 18.67339567971182
5106.147 19.035493850708008 20.28995704650879 18.846901638949863
5106.162 19.223554611206055 20.28995704650879 19.01133245045327
5106.177 19.44167709350586 20.28995704650879 19.1646918831961
5106.197 19.578641891479492 20.28995704650879 19.305856843303577
5106.212 19.67095375061035 22.374723434448242 19.490077363457655
5106.227 19.75391960144043 22.374723434448242 19.70223113273148
5106.247 19.94186782836914 22.374723434448242 19.928510569256048
5106.262 20.231761932373047 22.374723434448242 20.158627859875818
5106.277 20.493053436279297 22.374723434448242 20.385103464912024
5106.297 20.831445693969727 22.374723434448242 20.60267820564884
5106.312 21.037029266357422 22.374723434448242 20.80783025034063
5106.327 21.238292694091797 22.374723434448242 20.998380694547862
5106.347 21.414907455444336 22.374723434448242 21.173173590176845
5106.362 21.527433395385742 24.52701187133789 21.391022045852427
5106.377 21.63340187072754 24.52701187133789 21.63425760677286
5106.397 21.95154571533203 24.52701187133789 21.888930715346625
5106.412 22.216676712036133 24.52701187133789 22.144726479149096
5106.427 22.47191619873047 24.52701187133789 22.394221373890993
5106.447 22.95611572265625 24.52701187133789 22.632270231433523
5106.462 23.10354995727539 24.52701187133789 22.855503626864174
5106.477 23.338619232177734 24.52701187133789 23.061918346369247
5106.497 23.450279235839844 26.502826690673828 23.30542968960934
5106.512 23.597740173339844 26.502826690673828 23.568762741293572
5106.527 23.94157600402832 26.502826690673828 23.838986542648975
5106.547 24.119497299194336 26.502826690673828 24.10664249701295
5106.562 24.48838996887207 26.502826690673828 24.36502327267427
5106.577 24.767166137695312 26.502826690673828 24.60957959255207
5106.597 25.116273880004883 26.502826690673828 24.837435154172987
5106.612 25.331262588500977 28.24410057067871 25.095361241407865
5106.627 25.54051399230957 28.24410057067871 25.367673257273434
5106.647 25.96431541442871 28.24410057067871 25.642730964993145
5106.662 26.10009002685547 28.24410057067871 25.912115925823013
5106.677 26.336421966552734 28.24410057067871 26.16995250177318
5106.697 26.5939998626709 28.24410057067871 26.41235060754009
5106.712 26.80280113220215 28.24410057067871 26.63695119515238
5106.727 26.97040557861328 29.785579681396484 26.885376857807593
5106.747 27.231292724609375 29.785579681396484 27.143976443653504
5106.762 27.469253540039062 29.785579681396484 27.40268401839074
5106.777 27.698238372802734 29.785579681396484 27.654282662895096
5106.797 28.064453125 29.785579681396484 27.893797722205708
5106.812 28.295242309570312 29.785579681396484 28.117999682186753
5106.827 28.516273498535156 29.785579681396484 28.324999421669915
5106.847 28.782413482666016 31.17690086364746 28.55256872466996
5106.862 28.89183807373047 31.17690086364746 28.788558177699336
5106.877 29.149587631225586 31.17690086364746 29.024026808190722
5106.897 29.359317779541016 31.17690086364746 29.252581386563893
5106.912 29.587284088134766 31.17690086364746 29.469832155404145
5106.927 29.839405059814453 31.17690086364746 29.67294711670447
5106.952 29.884496688842773 32.45048904418945 29.8956667864462
5106.962 30.153181076049805 32.45048904418945 30.126249838809755
5106.977 30.474979400634766 32.45048904418945 30.356063229813447
5106.997 30.719345092773438 32.45048904418945 30.578941324215744
5107.012 30.942522048950195 32.45048904418945 30.790658063999242
5107.027 31.15311050415039 32.45048904418945 30.988494811974547
5107.047 31.327621459960938 33.29999923706055 31.194486274716606
5107.062 31.600900650024414 33.29999923706055 31.40059996391465
5107.077 31.773239135742188 33.29999923706055 31.601075867884973
5107.097 31.99652099609375 33.29999923706055 31.791942583500916
5107.112 32.16049575805664 33.29999923706055 31.97062086050697
5107.127 32.275428771972656 33.29999923706055 32.135600804032606
5107.152 32.39179229736328 33.29999923706055 32.2861808320793
5107.162 32.4886474609375 33.29999923706055 32.42225814191906
5107.177 32.58564376831055 33.29999923706055 32.54416191159054
5107.197 32.654659271240234 33.29999923706055 32.65252176150679
5107.212 32.69782257080078 33.29999923706055 32.748165139653615
5107.227 32.763004302978516 33.29999923706055 32.8320382857724
5107.247 32.858360290527344 33.29999923706055 32.905146289254255
5107.262 32.91749954223633 33.29999923706055 32.96850849591907
5107.277 32.97161865234375 33.29999923706055 33.02312615352918
5107.297 33.06731033325195 33.29999923706055 33.06995972713188
5107.312 33.12788391113281 33.29999923706055 33.10991377457519
5107.327 33.167293548583984 33.29999923706055 33.1438276602723
5107.347 33.16817855834961 33.29999923706055 33.17247071099514
5107.362 33.18524932861328 33.29999923706055 33.19654068968347
5107.377 33.251136779785156 33.29999923706055 33.2166646895591
5107.397 33.2613525390625 33.29999923706055 33.23340173795577
5107.412 33.2715950012207 32.955631256103516 33.23768077486978
5107.427 33.23161315917969 32.955631256103516 33.232912708256414
5107.447 33.20457458496094 32.955631256103516 33.22179333055742
5107.462 33.168006896972656 32.955631256103516 33.20643105164253
5107.477 33.14496612548828 32.955631256103516 33.18845475693333
5107.497 33.1313591003418 32.955631256103516 33.16910442584862
5107.512 33.083457946777344 30.908309936523438 33.10669853471731
5107.527 32.99253463745117 30.908309936523438 33.0012370835394
5107.547 32.81543731689453 30.908309936523438 32.86751950716126
5107.562 32.6613655090332 30.908309936523438 32.717266085649555
5107.577 32.60961151123047 30.908309936523438 32.55933568195827
5107.597 32.13703536987305 28.714641571044922 32.35834971822038
5107.612 31.85232162475586 28.714641571044922 32.11430819443589
5107.627 31.681669235229492 28.714641571044922 31.84497657882977
5107.647 31.233932495117188 28.714641571044922 31.56500183233906
5107.662 30.771587371826172 28.714641571044922 31.285176585974295
5107.677 30.522947311401367 28.714641571044922 31.013231405685154
5107.697 30.251750946044922 26.33890151977539 30.698230665349413
5107.712 30.055091857910156 26.33890151977539 30.35156398060267
5107.727 29.831836700439453 26.33890151977539 30.004897295855926
5107.747 29.45288848876953 26.33890151977539 29.658230611109182
5107.762 29.115478515625 26.33890151977539 29.31156392636244
5107.777 28.710994720458984 23.727092742919922 28.964897241615695
5107.802 28.259952545166016 23.727092742919922 28.61823055686895
5107.812 28.029014587402344 23.727092742919922 28.271563872122208
5107.827 27.78046226501465 23.727092742919922 27.924897187375464
5107.847 27.004165649414062 23.727092742919922 27.57823050262872
5107.862 26.76670265197754 23.727092742919922 27.231563817881977
5107.877 26.453245162963867 23.727092742919922 26.884897133135233
5107.897 26.24551010131836 20.863107681274414 26.53823044838849
5107.912 25.993057250976562 20.863107681274414 26.191563763641746
5107.927 25.761470794677734 20.863107681274414 25.844897078895002
5107.947 25.3780517578125 20.863107681274414 25.49823039414826
5107.962 24.86231231689453 20.863107681274414 25.151563709401515
5107.977 24.602479934692383 20.863107681274414 24.80489702465477
5107.997 23.905433654785156 20.863107681274414 24.458230339908027
5108.012 23.785627365112305 18.336048126220703 24.111563655161284
5108.027 23.696212768554688 18.336048126220703 23.76489697041454
5108.047 23.022075653076172 18.336048126220703 23.418230285667796
5108.062 22.684640884399414 18.336048126220703 23.071563600921053
5108.077 22.384857177734375 18.336048126220703 22.72489691617431
5108.097 22.048213958740234 18.336048126220703 22.378230231427565
5108.112 21.79599380493164 18.336048126220703 22.03156354668082
5108.127 21.665109634399414 18.336048126220703 21.684896861934078
5108.147 21.29888343811035 16.45696449279785 21.338230177187334
5108.162 21.0513973236084 16.45696449279785 20.99156349244059
5108.177 20.6075439453125 16.45696449279785 20.644896807693847
5108.197 20.249406814575195 16.45696449279785 20.298230122947103
5108.212 19.9023380279541 16.45696449279785 19.95156343820036
5108.227 19.54884147644043 16.45696449279785 19.604896753453616
5108.247 18.952959060668945 16.45696449279785 19.258230068706872
5108.262 18.771150588989258 16.45696449279785 18.91181892433944
5108.277 18.531763076782227 16.45696449279785 18.59536720133939
5108.297 18.21070671081543 15.166143417358398 18.27332057837453
5108.317 17.823949813842773 15.166143417358398 17.95621001764415
5108.327 17.663496017456055 15.166143417358398 17.651445595714637
5108.347 17.258657455444336 15.166143417358398 17.36399491901328
5108.362 16.97936248779297 15.166143417358398 17.096937167988607
5108.377 16.638290405273438 15.166143417358398 16.851912618366466
5108.397 16.45589256286621 15.166143417358398 16.629484767623335
5108.412 16.28175926208496 15.166143417358398 16.42942976946359
5108.427 16.114181518554688 15.166143417358398 16.250965732519862
5108.447 15.993021011352539 14.09099292755127 16.063067257839815
5108.462 15.881484031677246 14.09099292755127 15.87362683887369
5108.477 15.729146003723145 14.09099292755127 15.688343594267725
5108.497 15.522951126098633 14.09099292755127 15.511186415223234
5108.512 15.303352355957031 14.09099292755127 15.344773949642263
5108.527 15.130617141723633 14.09099292755127 15.190684430855237
5108.547 14.916375160217285 14.09099292755127 15.04970662194566
5108.562 14.769486427307129 14.09099292755127 14.922041588910467
5108.577 14.701301574707031 14.09099292755127 14.807463629676073
5108.597 14.600981712341309 14.09099292755127 14.70544746122736
5108.612 14.565339088439941 14.09099292755127 14.615267692075255
5108.627 14.479533195495605 13.774555206298828 14.527285731808009
5108.647 14.44360065460205 13.774555206298828 14.44332281147145
5108.662 14.370621681213379 13.774555206298828 14.364572506611788
5108.677 14.324004173278809 13.774555206298828 14.29174541813004
5108.697 14.23991584777832 13.774555206298828 14.22518627618933
5108.712 14.19031047821045 13.774555206298828 14.16496802775717
5108.727 14.137552261352539 13.774555206298828 14.11096681554337
5108.747 14.073482513427734 13.774555206298828 14.062921179689925
5108.762 14.02174186706543 13.774555206298828 14.02047830794187
5108.777 13.947711944580078 13.774555206298828 13.983229719169197
5108.797 13.920065879821777 13.774555206298828 13.950738382914846
5108.812 13.897566795349121 13.774555206298828 13.922558948107314
5108.827 13.86821460723877 13.489914894104004 13.890345795269113
5108.847 13.849126815795898 13.489914894104004 13.8561366211296
5108.862 13.813599586486816 13.489914894104004 13.821447220023305
5108.877 13.786482810974121 13.489914894104004 13.787377250840265
5108.897 13.756732940673828 13.489914894104004 13.754697595991315
5108.912 13.668777465820312 13.489914894104004 13.723922101346188
5108.927 13.641695022583008 13.489914894104004 13.695366129759421
5108.947 13.611029624938965 13.489914894104004 13.669194037847385
5108.962 13.626579284667969 13.489914894104004 13.645457395629291
5108.977 13.620329856872559 13.489914894104004 13.624125510230702
5108.997 13.598846435546875 13.489914894104004 13.605109586284545
5109.012 13.608916282653809 13.489914894104004 13.588281654843124
5109.027 13.591999053955078 13.417671203613281 13.571482457863608
5109.047 13.5631103515625 13.417671203613281 13.555170498323916
5109.062 13.566040992736816 13.417671203613281 13.539660835643375
5109.077 13.5249605178833 13.417671203613281 13.525156976374989
5109.097 13.5223388671875 13.417671203613281 13.511776827892154
5109.112 13.489311218261719 13.417671203613281 13.49957367628565
5109.127 13.48112964630127 13.417671203613281 13.488553015558663
5109.147 13.445104598999023 13.417671203613281 13.47868593610776
5109.162 13.453133583068848 13.417671203613281 13.469919675456563
5109.177 13.443580627441406 13.417671203613281 13.462185842194598
5109.197 13.427349090576172 13.417671203613281 13.455406743937125
5109.217 13.434420585632324 13.417671203613281 13.449500180723334
5109.227 13.4153413772583 13.417671203613281 13.444383005495451
5109.247 13.4591646194458 13.810717582702637 13.450891658197165
5109.262 13.486955642700195 13.810717582702637 13.465551358149387
5109.277 13.513550758361816 13.810717582702637 13.48564542791399
5109.297 13.533430099487305 13.810717582702637 13.509075960634368
5109.312 13.582473754882812 13.810717582702637 13.534246776891404
5109.327 13.631749153137207 13.810717582702637 13.559965606910593
5109.352 13.665409088134766 13.810717582702637 13.585362768098395
5109.362 13.677112579345703 13.810717582702637 13.609823923188543
5109.377 13.662130355834961 13.810717582702637 13.63293479732138
5109.397 13.682012557983398 13.810717582702637 13.654436001328554
5109.417 13.697772979736328 13.810717582702637 13.67418635270696
5109.427 13.67880916595459 13.810717582702637 13.692133305465106
5109.447 13.691601753234863 13.810717582702637 13.708289296054543
5109.462 13.708673477172852 14.539824485778809 13.742965957862129
5109.477 13.733792304992676 14.539824485778809 13.789952526396135
5109.497 13.810907363891602 14.539824485778809 13.84445601197342
5109.512 13.91160774230957 14.539824485778809 13.902832635452244
5109.527 14.00932788848877 14.539824485778809 13.962363434659714
5109.552 14.102670669555664 14.539824485778809 14.021067759638521
5109.562 14.2116060256958 14.539824485778809 14.07754910223505
5109.577 14.27471923828125 14.539824485778809 14.130868381143573
5109.597 14.312612533569336 14.539824485778809 14.180440423220467
5109.612 14.330618858337402 14.539824485778809 14.225949944310967
5109.627 14.324702262878418 14.539824485778809 14.26728383859243
5109.647 14.343232154846191 14.539824485778809 14.304477036539316
5109.662 14.311809539794922 14.539824485778809 14.337669591012428
5109.677 14.319135665893555 14.204200744628906 14.357750119552524
5109.697 14.299260139465332 14.204200744628906 14.367875903850083
5109.712 14.310690879821777 14.204200744628906 14.370586183105543
5109.727 14.316537857055664 14.204200744628906 14.367906731647684
5109.747 14.311174392700195 14.204200744628906 14.36143906913985
5109.762 14.302069664001465 14.204200744628906 14.352436179412804
5109.777 14.291717529296875 14.204200744628906 14.341866457179066
5109.797 14.289366722106934 14.204200744628906 14.330467441764691
5109.812 14.293258666992188 14.204200744628906 14.31879073893321
5109.827 14.296786308288574 14.204200744628906 14.307239379680501
5109.847 14.290899276733398 14.204200744628906 14.29609872111455
5109.862 14.298357009887695 14.204200744628906 14.285561860804927
5109.877 14.295766830444336 14.204200744628906 14.275750413164772
5109.897 14.297639846801758 14.127482414245605 14.26460031987918
5109.912 14.264888763427734 14.127482414245605 14.252800588746602
5109.927 14.252019882202148 14.127482414245605 14.24086305417671
5109.952 14.196571350097656 14.127482414245605 14.229158358695866
5109.962 14.186941146850586 14.127482414245605 14.217945661689335
5109.977 14.188675880432129 14.127482414245605 14.20739702742035
5110.007 14.190437316894531 14.127482414245605 14.197617322419275
5110.012 14.167309761047363 14.127482414245605 14.188660341882759
5110.027 14.162018775939941 14.127482414245605 14.180541785574544
5110.047 14.196094512939453 14.127482414245605 14.173249615427418
5110.062 14.156073570251465 14.127482414245605 14.16675224898652
5110.077 14.163034439086914 14.127482414245605 14.161004974276635
5110.097 14.169005393981934 14.127482414245605 14.155954911832598
5110.112 14.144275665283203 14.127482414245605 14.151544797695749
5110.127 14.151280403137207 14.127482414245605 14.147715816352841
5110.147 14.159811973571777 14.127482414245605 14.144409674107623
5110.162 14.150824546813965 14.127482414245605 14.14157007050219
5110.177 14.147017478942871 14.127482414245605 14.139143697467869
5110.197 14.14931583404541 14.127482414245605 14.137080872261386
5110.212 14.11328125 14.127482414245605 14.13533589036564
5110.227 14.135574340820312 14.127482414245605 14.133867167895607
5110.247 14.114130020141602 14.127482414245605 14.132637229193898
5110.262 14.122688293457031 14.127482414245605 14.13161258382346
5110.277 14.130043983459473 14.127482414245605 14.130763527711768
5110.297 14.13209342956543 14.127482414245605 14.130063895460701
5110.312 14.140167236328125 14.427736282348633 14.13783117063382
5110.327 14.15073013305664 14.427736282348633 14.151450638336286
5110.347 14.182211875915527 14.427736282348633 14.16888585867822
5110.367 14.205449104309082 14.427736282348633 14.18857138996204
5110.377 14.24506950378418 14.427736282348633 14.209322823683811
5110.397 14.246817588806152 14.427736282348633 14.230261725362414
5110.412 14.29934024810791 14.427736282348633 14.250753342855566
5110.427 14.305521965026855 14.427736282348633 14.270355195032682
5110.447 14.30412769317627 14.427736282348633 14.288774886129183
5110.462 14.310556411743164 14.427736282348633 14.30583570366266
5110.477 14.339240074157715 14.427736282348633 14.321448750181801
5110.497 14.344749450683594 14.427736282348633 14.335590531713514
5110.512 14.367615699768066 14.427736282348633 14.348285079386898
5110.527 14.37152099609375 14.427736282348633 14.35958981645549
5110.547 14.377697944641113 14.427736282348633 14.369584502104303
5110.562 14.352370262145996 14.427736282348633 14.378362687402428
5110.577 14.380559921264648 14.427736282348633 14.386025208961264
5110.597 14.39111042022705 14.427736282348633 14.392675323680152
5110.612 14.397627830505371 14.427736282348633 14.398415154750575
5110.627 14.394431114196777 14.427736282348633 14.403343176117797
5110.662 14.409059524536133 14.427736282348633 14.407552511046353
5110.662 14.409059524536133 14.427736282348633 14.411129861388716
5110.677 14.424212455749512 14.427736282348633 14.414154918600438
5110.697 14.418334007263184 14.427736282348633 14.416700136367606
5110.712 14.434796333312988 15.587628364562988 14.451049996572374
5110.727 14.437704086303711 15.587628364562988 14.507239020504453
5110.747 14.602489471435547 15.587628364562988 14.577518638401916
5110.762 14.704293251037598 15.587628364562988 14.655944303287791
5110.777 14.840554237365723 15.587628364562988 14.738029477476479
5110.802 14.898435592651367 15.587628364562988 14.820457155979472
5110.812 15.079242706298828 15.587628364562988 14.900840637927633
5110.827 15.14940357208252 15.587628364562988 14.97752623764357
5110.847 15.195056915283203 15.587628364562988 15.049431532711198
5110.862 15.255587577819824 15.587628364562988 15.115913573335735
5110.877 15.280089378356934 15.587628364562988 15.176662224812887
5110.902 15.279772758483887 16.20612144470215 15.248794849898003
5110.912 15.297557830810547 16.20612144470215 15.327082304994798
5110.927 15.361546516418457 16.20612144470215 15.407606069751711
5110.947 15.439373970031738 16.20612144470215 15.48749575158877
5110.962 15.54236125946045 16.20612144470215 15.564711849282354
5110.977 15.627159118652344 16.20612144470215 15.637866986552956
5110.997 15.744341850280762 16.20612144470215 15.706079681555396
5111.012 15.828817367553711 16.20612144470215 15.76885549572431
5111.027 15.93690299987793 16.20612144470215 15.825991105911847
5111.047 15.980361938476562 16.20612144470215 15.877497469547539
5111.062 16.02880096435547 16.20612144470215 15.923538807431807
5111.077 16.049829483032227 16.884647369384766 15.98323256174086
5111.097 16.081398010253906 16.884647369384766 16.051052387604386
5111.112 16.132871627807617 16.884647369384766 16.122812013713606
5111.127 16.15802574157715 16.884647369384766 16.19540184011862
5111.147 16.209402084350586 16.884647369384766 16.266570259112893
5111.162 16.349403381347656 16.884647369384766 16.33474310208331
5111.177 16.38035011291504 16.884647369384766 16.39887542533419
5111.197 16.598087310791016 16.884647369384766 16.45833058923632
5111.217 16.67281150817871 16.884647369384766 16.512782256504742
5111.227 16.68275260925293 16.884647369384766 16.562135538122163
5111.247 16.70018196105957 17.860795974731445 16.633579293998416
5111.262 16.730403900146484 17.860795974731445 16.718870007119055
5111.277 16.762706756591797 17.860795974731445 16.811715186004186
5111.297 16.947412490844727 17.860795974731445 16.90739536555975
5111.312 17.001049041748047 17.860795974731445 17.00244951251124
5111.327 17.149066925048828 17.860795974731445 17.094414609526105
5111.352 17.3186092376709 17.860795974731445 17.181611301170708
5111.362 17.371288299560547 17.860795974731445 17.26296850512765
5111.377 17.452442169189453 17.860795974731445 17.337880820426854
5111.397 17.50063133239746 17.860795974731445 17.406093401085666
5111.412 17.537792205810547 18.825193405151367 17.49439853155232
5111.427 17.570228576660156 18.825193405151367 17.59465040187109
5111.447 17.724987030029297 18.825193405151367 17.700679327774672
5111.462 17.814254760742188 18.825193405151367 17.807903228513027
5111.477 17.996593475341797 18.825193405151367 17.913005085867457
5111.497 18.07279396057129 18.825193405151367 18.013666649152615
5111.512 18.199987411499023 18.825193405151367 18.10834984692638
5111.527 18.287765502929688 18.825193405151367 18.196118460403937
5111.547 18.377727508544922 18.825193405151367 18.27649360460937
5111.562 18.439701080322266 18.825193405151367 18.349337452818226
5111.577 18.487241744995117 20.20502471923828 18.45308908351325
5111.597 18.58393669128418 20.20502471923828 18.57610930115783
5111.612 18.779705047607422 20.20502471923828 18.709521443873847
5111.627 18.862445831298828 20.20502471923828 18.846675239497717
5111.652 19.128381729125977 20.20502471923828 18.982700724929977
5111.662 19.244638442993164 20.20502471923828 19.114139101974345
5111.677 19.37212371826172 20.20502471923828 19.238638984998662
5111.697 19.498111724853516 20.20502471923828 19.354707950299733
5111.712 19.6143741607666 20.20502471923828 19.461510619762393
5111.727 19.690696716308594 20.20502471923828 19.558705702883255
5111.747 19.731800079345703 21.845537185668945 19.691885281053647
5111.762 19.768583297729492 21.845537185668945 19.847154313698287
5111.777 19.97582244873047 21.845537185668945 20.0139410925886
5111.797 20.20132064819336 21.845537185668945 20.18434928955457
5111.812 20.429630279541016 21.845537185668945 20.35261927456734
5111.827 20.627164840698242 21.845537185668945 20.51468270764066
5111.847 20.883460998535156 21.845537185668945 20.667796349416378
5111.862 21.068416595458984 21.845537185668945 20.810242817068097
5111.877 21.261564254760742 23.679473876953125 20.9920303212016
5111.902 21.41956901550293 23.679473876953125 21.196962580813054
5111.917 21.504899978637695 23.679473876953125 21.41278935148093
5111.927 21.687660217285156 23.679473876953125 21.630428666212136
5111.947 21.970056533813477 23.679473876953125 21.843321433677698
5111.962 22.158769607543945 23.679473876953125 22.046898820404355
5111.977 22.366470336914062 23.679473876953125 22.238145256406856
5112.002 22.603912353515625 23.679473876953125 22.415242109685064
5112.012 22.76270294189453 23.679473876953125 22.57727907133798
5112.027 22.929157257080078 25.62340545654297 22.778020188765396
5112.047 23.077421188354492 25.62340545654297 23.00092314119354
5112.062 23.251935958862305 25.62340545654297 23.233516992386978
5112.077 23.511003494262695 25.62340545654297 23.466595046567484
5112.097 23.670001983642578 25.62340545654297 23.69354572181233
5112.112 24.11732292175293 25.62340545654297 23.909800922829454
5112.127 24.364500045776367 25.62340545654297 24.112383944597696
5112.152 24.601102828979492 27.481033325195312 24.35114204420401
5112.162 24.77855682373047 27.481033325195312 24.60919344560109
5112.177 25.02321434020996 27.481033325195312 24.87390361776551
5112.202 25.370925903320312 27.481033325195312 25.136032847776576
5112.212 25.61267852783203 27.481033325195312 25.389031034356066
5112.227 25.867605209350586 27.481033325195312 25.628457578473153
5112.247 26.1531982421875 27.481033325195312 25.851507040995752
5112.262 26.292362213134766 27.481033325195312 26.056623776234627
5112.277 26.35770606994629 29.108325958251953 26.288393614023
5112.297 26.64502716064453 29.108325958251953 26.532826789856777
5112.312 26.773536682128906 29.108325958251953 26.77954554662124
5112.327 26.989456176757812 29.108325958251953 27.021049003505052
5112.347 27.391347885131836 29.94668960571289 27.275394280352423
5112.362 27.56863021850586 29.94668960571289 27.5318777140012
5112.377 27.831872940063477 29.94668960571289 27.782768952759334
5112.397 28.207820892333984 29.94668960571289 28.022683250124917
5112.412 28.46282386779785 29.94668960571289 28.248066452921638
5112.427 28.69267463684082 29.94668960571289 28.456775059650234
5112.447 28.93465232849121 31.32429313659668 28.68600284627864
5112.462 29.110605239868164 31.32429313659668 28.923568605683734
5112.477 29.304716110229492 31.32429313659668 29.160510862561548
5112.497 29.58358383178711 31.32429313659668 29.390424545926443
5112.512 29.828569412231445 31.32429313659668 29.608914593173534
5112.527 29.924049377441406 31.32429313659668 29.81314853275952
5112.547 30.13359260559082 32.578426361083984 30.03632946746611
5112.562 30.29196548461914 32.578426361083984 30.26688961067398
5112.577 30.569446563720703 32.578426361083984 30.496333737441585
5112.602 30.80547332763672 32.578426361083984 30.71860460381292
5112.612 31.03672218322754 32.578426361083984 30.929560442296374
5112.627 31.215187072753906 32.578426361083984 31.12654729261383
5112.647 31.479333877563477 33.29999923706055 31.328094870518115
5112.662 31.725263595581055 33.29999923706055 31.52731242537759
5112.677 31.844402313232422 33.29999923706055 31.719326308877175
5112.697 32.068599700927734 33.29999923706055 31.900843841799503
5112.712 32.18114471435547 33.29999923706055 32.06979683607834
5112.727 32.337894439697266 33.29999923706055 32.22505210529551
5112.747 32.48952865600586 33.29999923706055 32.36617802493725
5112.762 32.543678283691406 33.29999923706055 32.49325774608198
5112.777 32.6768798828125 33.29999923706055 32.60674103255585
5112.797 32.7088737487793 33.29999923706055 32.707327893874556
5112.812 32.768463134765625 33.29999923706055 32.79587823758343
5112.827 32.86168670654297 33.29999923706055 32.873342678490204
5112.847 32.907386779785156 33.29999923706055 32.94071043230298
5112.862 32.90766525268555 33.29999923706055 32.99897090049093
5112.877 32.99589920043945 33.29999923706055 33.04908613427497
5112.897 33.11619186401367 33.29999923706055 33.09197186021737
5112.912 33.12590026855469 33.29999923706055 33.12848516869076
5112.927 33.165714263916016 33.29999923706055 33.15941731939769
5112.947 33.18790817260742 33.29999923706055 33.185490413956316
5112.962 33.226837158203125 33.29999923706055 33.20735693231162
5112.977 33.24726867675781 33.29999923706055 33.22560133443236
5112.997 33.21599578857422 33.29999923706055 33.24074309763787
5113.012 33.24472427368164 31.646512985229492 33.21282930079677
5113.027 33.21632766723633 31.646512985229492 33.14931562239128
5113.047 33.068260192871094 31.646512985229492 33.06205296508598
5113.062 32.87408447265625 31.646512985229492 32.96019416954253
5113.077 32.87408447265625 31.646512985229492 32.850704219759876
5113.097 32.645320892333984 31.646512985229492 32.73878666402975
5113.112 32.3538818359375 29.5609188079834 32.58381354825303
5113.127 32.128536224365234 29.5609188079834 32.388780177136915
5113.147 31.759395599365234 29.5609188079834 32.17045455116008
5113.167 31.626544952392578 29.5609188079834 31.941500744231416
5113.177 31.44223976135254 29.5609188079834 31.71128990307795
5113.197 31.2469425201416 27.325510025024414 31.438023501877886
5113.212 30.983945846557617 27.325510025024414 31.127946087671948
5113.227 30.67534637451172 27.325510025024414 30.800100710426577
5113.247 30.24497413635254 27.325510025024414 30.46862844358334
5113.262 29.87160873413086 27.325510025024414 30.143764469843525
5113.277 29.439464569091797 27.325510025024414 29.832660439608667
5113.297 29.18101692199707 24.89288330078125 29.485993754861923
5113.312 28.787925720214844 24.89288330078125 29.13932707011518
5113.327 28.59536361694336 24.89288330078125 28.792660385368436
5113.347 28.113534927368164 24.89288330078125 28.445993700621692
5113.362 27.885169982910156 24.89288330078125 28.099327015874948
5113.377 27.350872039794922 24.89288330078125 27.752660331128205
5113.402 27.09041404724121 22.140626907348633 27.40599364638146
5113.412 26.941146850585938 22.140626907348633 27.059326961634717
5113.427 26.477275848388672 22.140626907348633 26.712660276887974
5113.447 26.10283660888672 22.140626907348633 26.36599359214123
5113.462 25.95650863647461 22.140626907348633 26.019326907394486
5113.477 25.3319149017334 22.140626907348633 25.672660222647743
5113.497 24.873638153076172 22.140626907348633 25.325993537901
5113.517 24.560529708862305 19.60661506652832 24.979326853154255
5113.527 24.48436737060547 19.60661506652832 24.63266016840751
5113.547 23.84973907470703 19.60661506652832 24.285993483660768
5113.567 23.514148712158203 19.60661506652832 23.939326798914024
5113.577 23.20341682434082 19.60661506652832 23.59266011416728
5113.597 22.8868465423584 19.60661506652832 23.245993429420537
5113.612 22.65895652770996 19.60661506652832 22.899326744673793
5113.627 22.536495208740234 19.60661506652832 22.55266005992705
5113.647 22.167739868164062 17.62635612487793 22.205993375180306
5113.662 21.932701110839844 17.62635612487793 21.859326690433562
5113.677 21.589019775390625 17.62635612487793 21.51266000568682
5113.697 21.096988677978516 17.62635612487793 21.165993320940075
5113.712 20.715696334838867 17.62635612487793 20.81932663619333
5113.727 20.34148597717285 17.62635612487793 20.472659951446587
5113.752 19.790498733520508 17.62635612487793 20.12840935175576
5113.762 19.467639923095703 17.62635612487793 19.812194941290368
5113.777 19.337003707885742 16.162445068359375 19.484192666973154
5113.797 19.110212326049805 16.162445068359375 19.156853598973285
5113.812 18.759490966796875 16.162445068359375 18.83908258166171
5113.827 18.47553062438965 16.162445068359375 18.53699564082585
5113.847 18.123472213745117 16.162445068359375 18.254540259353213
5113.862 17.864103317260742 16.162445068359375 17.994000145437873
5113.877 17.61250877380371 16.162445068359375 17.75640319908953
5113.897 17.347637176513672 16.162445068359375 17.541848771689935
5113.912 17.208871841430664 16.162445068359375 17.349767995023647
5113.927 17.085662841796875 14.961148262023926 17.145759552858067
5113.957 16.73943328857422 14.961148262023926 16.938869852356618
5113.962 16.68765640258789 14.961148262023926 16.735662186814864
5113.977 16.549409866333008 14.961148262023926 16.54073797090476
5113.997 16.350048065185547 14.961148262023926 16.35716478922611
5114.017 16.125537872314453 14.961148262023926 16.18682577082412
5114.027 16.00945281982422 14.961148262023926 16.030702875801786
5114.047 15.817964553833008 14.961148262023926 15.889104949861107
5114.062 15.757691383361816 14.961148262023926 15.761849861011827
5114.077 15.582099914550781 14.961148262023926 15.648408669147301
5114.097 15.456421852111816 14.961148262023926 15.548018581131537
5114.112 15.312952041625977 14.58132553100586 15.449219765343711
5114.127 15.277928352355957 14.58132553100586 15.354305773131655
5114.147 15.214641571044922 14.58132553100586 15.264812404483504
5114.162 15.164188385009766 14.58132553100586 15.181689743142247
5114.177 15.130693435668945 14.58132553100586 15.105441718332669
5114.197 15.01173210144043 14.58132553100586 15.036238517179287
5114.212 14.984696388244629 14.58132553100586 14.974006417552408
5114.227 14.945769309997559 14.58132553100586 14.918498943530905
5114.247 14.913783073425293 14.58132553100586 14.869352658866422
5114.267 14.841652870178223 14.58132553100586 14.826130401196885
5114.277 14.81737232208252 14.58132553100586 14.78835431451335
5114.297 14.735250473022461 14.167482376098633 14.74403500841568
5114.312 14.700590133666992 14.167482376098633 14.696257487132362
5114.327 14.643160820007324 14.167482376098633 14.647328731857845
5114.347 14.54231071472168 14.167482376098633 14.598934057806042
5114.362 14.54231071472168 14.167482376098633 14.552266438597618
5114.377 14.472731590270996 14.167482376098633 14.508132864892435
5114.397 14.348827362060547 14.167482376098633 14.467041289824593
5114.412 14.343511581420898 14.167482376098633 14.429271246495059
5114.427 14.309051513671875 14.167482376098633 14.394930802175267
5114.447 14.298261642456055 14.167482376098633 14.364002138425716
5114.462 14.300376892089844 14.167482376098633 14.336377713672634
5114.477 14.318796157836914 13.986425399780273 14.306859311052374
5114.497 14.326637268066406 13.986425399780273 14.27680351336916
5114.512 14.295099258422852 13.986425399780273 14.247197465921499
5114.527 14.272811889648438 13.986425399780273 14.218736129762
5114.547 14.237022399902344 13.986425399780273 14.19188576276233
5114.562 14.176204681396484 13.986425399780273 14.1669357672423
5114.577 14.148694038391113 13.986425399780273 14.144040760091334
5114.597 14.102601051330566 13.986425399780273 14.123254467061694
5114.612 14.085478782653809 13.986425399780273 14.104556816210003
5114.627 14.040876388549805 13.986425399780273 14.087875404799481
5114.647 14.03383731842041 13.986425399780273 14.073102337546185
5114.662 14.021905899047852 13.986425399780273 14.060107279932762
5114.677 14.015937805175781 13.986425399780273 14.048747436395223
5114.697 14.005805969238281 13.986425399780273 14.03887504749686
5114.712 14.022113800048828 13.986425399780273 14.030342900788154
5114.727 14.03288745880127 13.986425399780273 14.023008265062193
5114.747 14.052478790283203 13.986425399780273 14.016735585425366
5114.762 14.03760814666748 13.986425399780273 14.01139821542259
5114.777 14.028559684753418 13.986425399780273 14.006879410937048
5114.797 14.035126686096191 13.986425399780273 14.00307276742001
5114.812 13.9990816116333 13.986425399780273 13.9998822460286
5114.827 13.98521900177002 13.986425399780273 13.997221904421568
5114.852 14.005317687988281 13.986425399780273 13.995015423371191
5114.862 13.981941223144531 13.986425399780273 13.993195500193055
5114.877 13.978424072265625 13.986425399780273 13.991703163577869
5114.902 13.987750053405762 14.366189002990723 14.001036041205559
5114.912 14.000358581542969 14.366189002990723 14.01786774225287
5114.927 14.032797813415527 14.366189002990723 14.039606052673347
5114.947 14.078925132751465 14.366189002990723 14.064256924386314
5114.962 14.10123348236084 14.366189002990723 14.090310385141295
5114.977 14.157705307006836 14.366189002990723 14.116645327370314
5114.997 14.191579818725586 14.366189002990723 14.142450471735566
5115.012 14.231499671936035 14.366189002990723 14.167159117999145
5115.027 14.247169494628906 14.366189002990723 14.190395589282701
5115.047 14.279478073120117 14.366189002990723 14.21193154424935
5115.067 14.277926445007324 14.366189002990723 14.231650574846979
5115.077 14.286651611328125 14.366189002990723 14.24951972543326
5115.097 14.26450252532959 14.366189002990723 14.265566763359569
5115.112 14.26450252532959 14.366189002990723 14.27986220280649
5115.127 14.25682544708252 14.275613784790039 14.289989255908328
5115.147 14.279261589050293 14.275613784790039 14.296847658464504
5115.162 14.274084091186523 14.275613784790039 14.301173016975936
5115.177 14.26970100402832 14.275613784790039 14.30356287843266
5115.197 14.272653579711914 14.275613784790039 14.304499248648053
5115.212 14.28361988067627 14.275613784790039 14.3043679398755
5115.227 14.317915916442871 14.275613784790039 14.303475108643644
5115.247 14.3086519241333 14.275613784790039 14.302061320530681
5115.262 14.309035301208496 14.275613784790039 14.300313451890078
5115.277 14.307427406311035 14.275613784790039 14.29837471078802
5115.297 14.298044204711914 14.275613784790039 14.29635303168319
5115.312 14.2980318069458 14.275613784790039 14.294328071436368
5115.327 14.267345428466797 14.275613784790039 14.292357008606114
5115.347 14.267942428588867 14.275613784790039 14.290479324007933
5115.362 14.272217750549316 14.275613784790039 14.288720718385635
5115.377 14.283406257629395 14.275613784790039 14.287096302855566
5115.397 14.291872024536133 14.275613784790039 14.28561317954793
5115.412 14.286622047424316 14.275613784790039 14.284272513538237
5115.427 14.275145530700684 14.275613784790039 14.283071182649675
5115.447 14.302989959716797 14.275613784790039 14.282003078901804
5115.467 14.298319816589355 14.275613784790039 14.28106012415444
5115.477 14.281700134277344 14.275613784790039 14.280233052712417
5115.497 14.284669876098633 14.275613784790039 14.27951200517996
5115.512 14.27544116973877 14.275613784790039 14.278886970548006
5115.527 14.278738021850586 13.953975677490234 14.269413714433545
5115.547 14.244192123413086 13.953975677490234 14.253862379084666
5115.562 14.246529579162598 13.953975677490234 14.234387068623464
5115.577 14.219117164611816 13.953975677490234 14.21264055695899
5115.597 14.186176300048828 13.953975677490234 14.189870420963864
5115.612 14.138277053833008 13.953975677490234 14.166999191390515
5115.627 14.077548027038574 13.953975677490234 14.144690823419795
5115.647 14.06297492980957 13.953975677490234 14.123405516542022
5115.662 14.020405769348145 13.953975677490234 14.103444662018463
5115.677 14.043911933898926 13.953975677490234 14.084987466568233
5115.702 14.040619850158691 13.953975677490234 14.068120593358765
5115.712 14.044513702392578 13.953975677490234 14.052861975369701
5115.727 14.036050796508789 13.953975677490234 14.039179790808735
5115.747 14.062371253967285 13.84626293182373 14.02401542321145
5115.762 14.028607368469238 13.84626293182373 14.008210056937237
5115.777 14.017523765563965 13.84626293182373 13.99238434628522
5115.797 13.985127449035645 13.84626293182373 13.9769836586156
5115.812 13.977617263793945 13.84626293182373 13.962315367668083
5115.827 13.921924591064453 13.84626293182373 13.948579413596072
5115.847 13.910489082336426 13.84626293182373 13.93589318859064
5115.862 13.93124771118164 13.84626293182373 13.924311664576543
5115.877 13.901677131652832 13.84626293182373 13.913843551957193
5115.897 13.890052795410156 13.84626293182373 13.904464165090717
5115.917 13.881683349609375 13.84626293182373 13.896125570215624
5115.927 13.871477127075195 13.84626293182373 13.888764503911888
5115.947 13.88825511932373 13.84626293182373 13.882308473821835
5115.967 13.881671905517578 14.19424057006836 13.886346433707796
5115.977 13.88232421875 14.19424057006836 13.897792920690746
5115.997 13.908574104309082 14.19424057006836 13.914230893978813
5116.012 13.947609901428223 14.19424057006836 13.93378948862838
5116.027 13.975560188293457 14.19424057006836 13.955041234188418
5116.047 14.024272918701172 14.19424057006836 13.976916078215474
5116.062 14.090083122253418 14.19424057006836 13.998629841514997
5116.077 14.077861785888672 14.19424057006836 14.01962500347427
5116.097 14.096002578735352 14.19424057006836 14.039521968812833
5116.112 14.092793464660645 14.19424057006836 14.05807919971684
5116.127 14.078872680664062 14.19424057006836 14.075160808939222
5116.147 14.079962730407715 14.19424057006836 14.090710400117016
5116.162 14.111350059509277 14.19424057006836 14.104730111918837
5116.177 14.097932815551758 14.19424057006836 14.117263973710923
5116.197 14.105803489685059 14.19424057006836 14.128384813487447
5116.212 14.114043235778809 14.19424057006836 14.138184075258796
5116.227 14.1510648727417 14.19424057006836 14.146764004401701
5116.247 14.154937744140625 14.19424057006836 14.1542317471223
5116.262 14.14824104309082 14.19424057006836 14.160694985603914
5116.277 14.149223327636719 14.19424057006836 14.166258794974773
5116.297 14.189414978027344 14.19424057006836 14.171023463219791
5116.312 14.174577713012695 14.19424057006836 14.175083061760267
5116.327 14.202848434448242 14.19424057006836 14.178524593718352
5116.347 14.187407493591309 14.453566551208496 14.188631080075771
5116.362 14.185303688049316 14.453566551208496 14.203233381226124
5116.377 14.223462104797363 14.453566551208496 14.220652063392935
5116.397 14.247940063476562 14.453566551208496 14.239605299580377
5116.412 14.283445358276367 14.453566551208496 14.259131820622029
5116.427 14.315764427185059 14.453566551208496 14.27852679238188
5116.447 14.332121849060059 14.453566551208496 14.297288737886639
5116.462 14.34793472290039 14.453566551208496 14.31507584937733
5116.477 14.358985900878906 14.453566551208496 14.331670243357175
5116.497 14.359599113464355 14.453566551208496 14.346948901035462
5116.512 14.36099624633789 14.453566551208496 14.360860207181744
5116.527 14.388511657714844 15.068183898925781 14.39047785875667
5116.547 14.427691459655762 15.068183898925781 14.4305290116938
5116.562 14.467764854431152 15.068183898925781 14.47694497497759
5116.577 14.50795841217041 15.068183898925781 14.526633053134507
5116.597 14.661438941955566 15.068183898925781 14.577285922364931
5116.612 14.711064338684082 15.068183898925781 14.627223200891724
5116.627 14.755509376525879 15.068183898925781 14.675260492654388
5116.647 14.838440895080566 15.068183898925781 14.720601757909353
5116.667 14.847858428955078 15.068183898925781 14.762751391151852
5116.677 14.872700691223145 15.068183898925781 14.80144286489816
5116.697 14.86303424835205 15.068183898925781 14.836581227784906
5116.712 14.887063980102539 15.068183898925781 14.868197128870582
5116.727 14.872273445129395 15.712013244628906 14.914294529841886
5116.747 14.911702156066895 15.712013244628906 14.969489855356683
5116.762 14.994804382324219 15.712013244628906 15.029672156346763
5116.777 15.098413467407227 15.712013244628906 15.091756725596337
5116.797 15.10806655883789 15.712013244628906 15.153480015522508
5116.812 15.205415725708008 15.712013244628906 15.213229852595456
5116.827 15.39039134979248 15.712013244628906 15.26990566394983
5116.847 15.45957088470459 15.712013244628906 15.322804095327259
5116.862 15.517966270446777 15.712013244628906 15.371526003418829
5116.877 15.517966270446777 15.712013244628906 15.415901350073538
5116.907 15.56547737121582 16.926774978637695 15.48967239746925
5116.912 15.572561264038086 16.926774978637695 15.582461167320227
5116.927 15.650465965270996 16.926774978637695 15.686301838551744
5116.947 15.7504243850708 16.926774978637695 15.795178575552027
5116.962 15.90792179107666 16.926774978637695 15.904640138824483
5116.977 16.106496810913086 16.926774978637695 16.011480228286402
5117.002 16.344371795654297 16.926774978637695 16.113473814317114
5117.012 16.431400299072266 16.926774978637695 16.20916091749737
5117.027 16.511646270751953 16.926774978637695 16.297670399362403
5117.047 16.536874771118164 16.926774978637695 16.378577322415993
5117.062 16.5377140045166 16.926774978637695 16.451788330336704
5117.077 16.5377140045166 16.926774978637695 16.517450293204877
5117.097 16.556482315063477 18.446712493896484 16.61809865456593
5117.112 16.616455078125 18.446712493896484 16.741024812889346
5117.127 16.711271286010742 18.446712493896484 16.8765021095081
5117.152 17.12611198425293 18.446712493896484 17.01721112975443
5117.167 17.189332962036133 18.446712493896484 17.157760967553116
5117.177 17.361921310424805 18.446712493896484 17.294292562031703
5117.197 17.61748695373535 18.446712493896484 17.42415187083693
5117.212 17.75438690185547 18.446712493896484 17.54562217160955
5117.227 17.93785285949707 18.446712493896484 17.657706174709354
5117.247 17.976049423217773 18.446712493896484 17.75994988642703
5117.262 18.010578155517578 18.446712493896484 17.852301286066744
5117.277 18.038837432861328 18.446712493896484 17.934997878605856
5117.297 18.050914764404297 20.28995704650879 18.059679307968665
5117.312 18.08412742614746 20.28995704650879 18.210986496368935
5117.327 18.12033462524414 20.28995704650879 18.377172500458638
5117.347 18.48447036743164 20.28995704650879 18.549405377199673
5117.362 18.831274032592773 20.28995704650879 18.721187598842963
5117.377 19.07008934020996 20.28995704650879 18.88787512212949
5117.397 19.37541961669922 20.28995704650879 19.046281235539134
5117.412 19.476871490478516 20.28995704650879 19.194352168383478
5117.427 19.684688568115234 22.374723434448242 19.385478661274423
5117.447 19.8696231842041 22.374723434448242 19.60548723071578
5117.462 19.97676658630371 22.374723434448242 19.840083271469535
5117.477 20.1043758392334 22.374723434448242 20.078617109080945
5117.497 20.482778549194336 22.374723434448242 20.31334709375736
5117.512 20.764047622680664 22.374723434448242 20.538830705854338
5117.527 20.910926818847656 22.374723434448242 20.751424316749993
5117.547 21.120819091796875 22.374723434448242 20.94887471494543
5117.567 21.371614456176758 24.52701187133789 21.189380673187465
5117.577 21.41277503967285 24.52701187133789 21.454455260437317
5117.597 21.766389846801758 24.52701187133789 21.72977418103252
5117.612 21.95940589904785 24.52701187133789 22.004787125115143
5117.627 22.4696044921875 24.52701187133789 22.271941536791363
5117.647 22.760704040527344 24.52701187133789 22.526043043705158
5117.662 23.125877380371094 24.52701187133789 22.763731593137138
5117.677 23.251941680908203 24.52701187133789 22.983055062887882
5117.697 23.42761993408203 24.52701187133789 23.18312457323212
5117.712 23.603984832763672 26.502826690673828 23.418721676681113
5117.727 23.788455963134766 26.502826690673828 23.673235856662863
5117.747 24.04384422302246 26.502826690673828 23.934237435476618
5117.762 24.362565994262695 26.502826690673828 24.192638272078604
5117.777 24.48056411743164 26.502826690673828 24.441997441701826
5117.797 24.805702209472656 26.502826690673828 24.677950105800726
5117.812 25.038829803466797 26.502826690673828 24.897740533118895
5117.827 25.25481414794922 26.502826690673828 25.099842734031814
5117.847 25.475650787353516 28.24410057067871 25.33202314627235
5117.862 25.586719512939453 28.24410057067871 25.579310152951575
5117.877 25.89664649963379 28.24410057067871 25.830554467853265
5117.897 26.26326560974121 28.24410057067871 26.07765584411401
5117.912 26.592117309570312 28.24410057067871 26.31492418657564
5117.927 26.734535217285156 28.24410057067871 26.538554733648475
5117.947 27.038803100585938 29.785579681396484 26.78901843592495
5117.962 27.173858642578125 29.785579681396484 27.05175523991192
5117.977 27.40198516845703 29.785579681396484 27.315989521293584
5117.997 27.810178756713867 29.785579681396484 27.573957152870893
5118.012 27.9874324798584 29.785579681396484 27.820267917223084
5118.027 28.25663948059082 29.785579681396484 28.051382627179407
5118.047 28.428979873657227 29.785579681396484 28.265186977985927
5118.062 28.587074279785156 31.17690086364746 28.499294375942796
5118.077 28.85025405883789 31.17690086364746 28.741449306769173
5118.097 29.070335388183594 31.17690086364746 28.982645109475193
5118.112 29.3681583404541 31.17690086364746 29.21645365293511
5118.127 29.5074462890625 31.17690086364746 29.43847331160426
5118.147 29.782939910888672 31.17690086364746 29.645877056296793
5118.162 29.98415184020996 32.45048904418945 29.872422300273765
5118.177 30.042753219604492 32.45048904418945 30.106392694354856
5118.197 30.543468475341797 32.45048904418945 30.339185267609565
5118.212 30.792619705200195 32.45048904418945 30.56466727491341
5118.227 31.015304565429688 32.45048904418945 30.778646653648742
5118.247 31.300643920898438 32.45048904418945 30.97843860982841
5118.262 31.36309814453125 33.29999923706055 31.186110644065675
5118.277 31.536117553710938 33.29999923706055 31.39366139924169
5118.297 31.754777908325195 33.29999923706055 31.595359938402677
5118.312 31.847015380859375 33.29999923706055 31.78726165172271
5118.327 31.967193603515625 33.29999923706055 31.966811702964357
5118.357 32.25078582763672 33.29999923706055 32.1325222279554
5118.362 32.25078582763672 33.29999923706055 32.283711355385904
5118.377 32.47867965698242 33.29999923706055 32.420293783023695
5118.402 32.61865997314453 33.29999923706055 32.54261411930687
5118.422 32.72539138793945 33.29999923706055 32.65131550285659
5118.427 32.764408111572266 33.29999923706055 32.74723715395725
5118.447 32.790740966796875 33.29999923706055 32.83133550640532
5118.462 32.91010284423828 33.29999923706055 32.904624429404286
5118.477 32.96078872680664 33.29999923706055 32.968130791162146
5118.497 32.988590240478516 33.29999923706055 33.022862251720035
5118.517 33.05194091796875 33.29999923706055 33.06978471470687
5118.527 33.077388763427734 33.29999923706055 33.10980732766426
5118.547 33.130523681640625 33.29999923706055 33.143773308837716
5118.562 33.16297912597656 33.29999923706055 33.1724552044134
5118.577 33.168251037597656 33.29999923706055 33.19655345265079
5118.597 33.18191146850586 33.29999923706055 33.21669735784259
5118.612 33.23799133300781 33.29999923706055 33.23344776426313
5118.627 33.26236343383789 32.955631256103516 33.23773509591872
5118.647 33.269351959228516 32.955631256103516 33.232971464951845
5118.662 33.267154693603516 32.955631256103516 33.221853634002166
5118.677 33.2227668762207 32.955631256103516 33.20649078849508
5118.697 33.16257858276367 32.955631256103516 33.188512428370956
5118.717 33.109378814697266 30.908309936523438 33.12747850820023
5118.727 33.073455810546875 30.908309936523438 33.0233890279829
5118.747 32.77462387084961 30.908309936523438 32.890039365585295
5118.762 32.66337585449219 30.908309936523438 32.739424064066064
5118.777 32.38554382324219 30.908309936523438 32.580618813576734
5118.797 32.1887092590332 30.908309936523438 32.42035535719803
5118.812 32.017391204833984 28.714641571044922 32.217036340772715
5118.827 31.833770751953125 28.714641571044922 31.97403562825413
5118.847 31.45435333251953 28.714641571044922 31.709346387951335
5118.862 31.156415939331055 28.714641571044922 31.43646618272124
5118.877 30.760915756225586 28.714641571044922 31.16529579257244
5118.897 30.521146774291992 28.714641571044922 30.902883281496475
5118.912 30.303590774536133 26.33890151977539 30.59741521037391
5118.927 30.143579483032227 26.33890151977539 30.260204371283407
5118.947 29.726465225219727 26.33890151977539 29.913537686536664
5118.962 29.494905471801758 26.33890151977539 29.56687100178992
5118.977 28.87601089477539 26.33890151977539 29.22597505137119
5118.997 28.68504524230957 26.33890151977539 28.90146979658793
5119.012 28.261072158813477 23.727092742919922 28.554803111841185
5119.027 27.837848663330078 23.727092742919922 28.20813642709444
5119.047 27.593446731567383 23.727092742919922 27.861469742347698
5119.062 27.14732551574707 23.727092742919922 27.514803057600954
5119.077 26.806713104248047 23.727092742919922 27.16813637285421
5119.097 26.378801345825195 23.727092742919922 26.821469688107467
5119.112 26.147930145263672 20.863107681274414 26.474803003360723
5119.127 25.86224937438965 20.863107681274414 26.12813631861398
5119.147 25.457412719726562 20.863107681274414 25.781469633867236
5119.162 25.099157333374023 20.863107681274414 25.434802949120492
5119.177 24.759626388549805 20.863107681274414 25.088136264373748
5119.202 24.26539421081543 20.863107681274414 24.741469579627005
5119.212 24.015663146972656 20.863107681274414 24.39480289488026
5119.227 23.848974227905273 18.336048126220703 24.048136210133517
5119.247 23.473793029785156 18.336048126220703 23.701469525386774
5119.262 23.29625701904297 18.336048126220703 23.35480284064003
5119.277 22.81618309020996 18.336048126220703 23.008136155893286
5119.297 22.586278915405273 18.336048126220703 22.661469471146543
5119.312 22.11170196533203 18.336048126220703 22.3148027863998
5119.327 21.652902603149414 18.336048126220703 21.968136101653055
5119.347 21.404891967773438 18.336048126220703 21.62146941690631
5119.362 21.156288146972656 16.45696449279785 21.274802732159568
5119.377 20.875259399414062 16.45696449279785 20.928136047412824
5119.397 20.552827835083008 16.45696449279785 20.58146936266608
5119.412 20.079940795898438 16.45696449279785 20.234802677919337
5119.427 19.726240158081055 16.45696449279785 19.888135993172593
5119.447 19.303831100463867 16.45696449279785 19.54146930842585
5119.462 19.00214958190918 16.45696449279785 19.194802623679106
5119.477 18.66958236694336 16.45696449279785 18.854619112550154
5119.497 18.424945831298828 16.45696449279785 18.54421941043887
5119.512 18.226829528808594 15.166143417358398 18.227930841139187
5119.527 18.006053924560547 15.166143417358398 17.91620771161626
5119.547 17.627044677734375 15.166143417358398 17.616415457255822
5119.567 17.225261688232422 15.166143417358398 17.33350122674196
5119.577 16.929378509521484 15.166143417358398 17.07054164251385
5119.597 16.701568603515625 15.166143417358398 16.829187321486128
5119.612 16.375410079956055 15.166143417358398 16.610021059493953
5119.627 16.29471206665039 15.166143417358398 16.41284419183974
5119.647 16.116119384765625 15.166143417358398 16.236903525586722
5119.662 16.023683547973633 15.166143417358398 16.081069377929786
5119.677 15.86779499053955 14.09099292755127 15.91410833391286
5119.697 15.763059616088867 14.09099292755127 15.743810821597707
5119.712 15.555170059204102 14.09099292755127 15.575852660664754
5119.727 15.442441940307617 14.09099292755127 15.414236539811485
5119.747 15.210208892822266 14.09099292755127 15.261654884746918
5119.762 15.060087203979492 14.09099292755127 15.119786309780196
5119.777 14.956822395324707 14.09099292755127 14.989536236218756
5119.797 14.737361907958984 14.09099292755127 14.871230813135737
5119.812 14.57934284210205 14.09099292755127 14.764771984814171
5119.827 14.550899505615234 14.09099292755127 14.669760405880647
5119.847 14.4738130569458 13.774555206298828 14.5768019620223
5119.862 14.462167739868164 13.774555206298828 14.487897110869564
5119.877 14.399735450744629 13.774555206298828 14.40436691388557
5119.897 14.324798583984375 13.774555206298828 14.32700883580133
5119.917 14.277485847473145 13.774555206298828 14.256222945230524
5119.927 14.253989219665527 13.774555206298828 14.19211339722374
5119.947 14.191468238830566 13.774555206298828 14.1345693822529
5119.962 14.090627670288086 13.774555206298828 14.083329110887835
5119.977 14.055967330932617 13.774555206298828 14.038029863366807
5120.007 13.935224533081055 13.774555206298828 13.998246662075276
5120.012 13.935224533081055 13.774555206298828 13.963521716206742
5120.027 13.900773048400879 13.774555206298828 13.933386435246904
5120.047 13.867707252502441 13.489914894104004 13.89947082913209
5120.062 13.832524299621582 13.489914894104004 13.86378809031353
5120.077 13.81948471069336 13.489914894104004 13.827830093709524
5120.097 13.76220703125 13.489914894104004 13.792673662373204
5120.112 13.741312026977539 13.489914894104004 13.759068253772531
5120.127 13.757518768310547 13.489914894104004 13.72750789511243
5120.147 13.692727088928223 13.489914894104004 13.698289832267076
5120.162 13.677854537963867 13.489914894104004 13.671562027662485
5120.177 13.62545108795166 13.489914894104004 13.647361347187882
5120.197 13.61865520477295 13.489914894104004 13.62564401349684
5120.212 13.576858520507812 13.489914894104004 13.606309670962775
5120.227 13.558737754821777 13.489914894104004 13.589220203849072
5120.247 13.542627334594727 13.417671203613281 13.572207502166512
5120.262 13.544319152832031 13.417671203613281 13.555722390804501
5120.277 13.54457950592041 13.417671203613281 13.540073305638908
5120.297 13.533102035522461 13.417671203613281 13.525458069423891
5120.312 13.530757904052734 13.417671203613281 13.511989737100942
5120.327 13.530099868774414 13.417671203613281 13.499717472931687
5120.347 13.489115715026855 13.417671203613281 13.488643287184054
5120.362 13.463626861572266 13.417671203613281 13.4787353405904
5120.377 13.467862129211426 13.417671203613281 13.469938419473953
5120.397 13.454788208007812 13.417671203613281 13.462182092211808
5120.412 13.441571235656738 13.417671203613281 13.455386977420737
5120.427 13.431241035461426 13.417671203613281 13.449469484761394
5120.447 13.450133323669434 13.417671203613281 13.44434532943006
5120.462 13.424108505249023 13.810717582702637 13.450850026281884
5120.477 13.421564102172852 13.810717582702637 13.465508047650623
5120.497 13.504720687866211 13.810717582702637 13.485602117499957
5120.512 13.535820960998535 13.810717582702637 13.509033853348239
5120.527 13.58154582977295 13.810717582702637 13.534206701493883
5120.547 13.6114501953125 13.810717582702637 13.559928100905479
5120.562 13.652017593383789 13.810717582702637 13.58532814532472
5120.577 13.681663513183594 13.810717582702637 13.609792328474503
5120.607 13.683403015136719 13.810717582702637 13.632906250347737
5120.612 13.713129997253418 13.810717582702637 13.654410431540391
5120.627 13.720597267150879 13.810717582702637 13.674163626840315
5120.647 13.713438987731934 13.810717582702637 13.69211324901631
5120.662 13.675984382629395 13.810717582702637 13.708271709812138
5120.677 13.686017036437988 13.810717582702637 13.722697658798607
5120.697 13.70129680633545 14.539824485778809 13.75573422514277
5120.712 13.715582847595215 14.539824485778809 13.801190717824102
5120.727 13.776562690734863 14.539824485778809 13.854285477046242
5120.747 13.90816879272461 14.539824485778809 13.911379472599746
5120.762 14.040525436401367 14.539824485778809 13.969753642978608
5120.777 14.12082576751709 14.539824485778809 14.02742376706151
5120.797 14.225589752197266 14.539824485778809 14.082987376584423
5120.812 14.297672271728516 14.539824485778809 14.13549788361162
5120.827 14.32618522644043 14.539824485778809 14.184361708547991
5120.847 14.358440399169922 14.539824485778809 14.229254749427788
5120.862 14.361403465270996 14.539824485778809 14.27005503274898
5120.877 14.365042686462402 14.539824485778809 14.306788831892067
5120.897 14.34796142578125 14.539824485778809 14.339587934018306
5120.912 14.323966026306152 14.204200744628906 14.359333201071012
5120.927 14.303689956665039 14.204200744628906 14.369174740149683
5120.947 14.283835411071777 14.204200744628906 14.371645231545944
5120.962 14.279014587402344 14.204200744628906 14.368764514110568
5120.977 14.269122123718262 14.204200744628906 14.362128783695367
5120.997 14.254373550415039 14.204200744628906 14.352986286564205
5121.012 14.272452354431152 14.204200744628906 14.34230123160378
5121.027 14.287835121154785 14.204200744628906 14.330807484001706
5121.047 14.314489364624023 14.204200744628906 14.31905344415176
5121.062 14.327054023742676 14.204200744628906 14.307439362669017
5121.077 14.332228660583496 14.204200744628906 14.296248198088874
5121.097 14.32418441772461 14.204200744628906 14.285670989664553
5121.112 14.30672550201416 14.127482414245605 14.273696529563441
5121.127 14.289321899414062 14.127482414245605 14.26105332970767
5121.147 14.281460762023926 14.127482414245605 14.248282066403567
5121.162 14.22923469543457 14.127482414245605 14.235773781647726
5121.177 14.201422691345215 14.127482414245605 14.223801417238159
5121.197 14.173236846923828 14.127482414245605 14.212545694781568
5121.212 14.15184211730957 14.127482414245605 14.20211622470376
5121.227 14.176316261291504 14.127482414245605 14.192568609684251
5121.247 14.14011001586914 14.127482414245605 14.183918202332809
5121.262 14.150582313537598 14.127482414245605 14.176151082915048
5121.277 14.167923927307129 14.127482414245605 14.16923273984304
5121.307 14.158653259277344 14.127482414245605 14.163114862689435
5121.312 14.175091743469238 14.127482414245605 14.157740593815294
5121.327 14.155981063842773 14.127482414245605 14.153048529459191
5121.352 14.173222541809082 14.127482414245605 14.14897571346553
5121.362 14.173222541809082 14.127482414245605 14.145459825911873
5121.377 14.149564743041992 14.127482414245605 14.142440733951998
5121.397 14.163885116577148 14.127482414245605 14.139861542501293
5121.412 14.153226852416992 14.127482414245605 14.137669257290097
5121.427 14.126565933227539 14.127482414245605 14.13581515169594
5121.447 14.131218910217285 14.127482414245605 14.134254911094207
5121.462 14.108451843261719 14.127482414245605 14.132948613753936
5121.477 14.134257316589355 14.127482414245605 14.13186059512164
5121.497 14.1318359375 14.127482414245605 14.130959232303109
5121.512 14.123736381530762 14.127482414245605 14.130216677340366
5121.527 14.105344772338867 14.427736282348633 14.137948947295872
5121.547 14.146563529968262 14.427736282348633 14.151540056351946
5121.562 14.157378196716309 14.427736282348633 14.16895246916369
5121.577 14.1884183883667 14.427736282348633 14.188619804759755
5121.597 14.243711471557617 14.427736282348633 14.209356853383273
5121.612 14.28746509552002 14.427736282348633 14.230284500472145
5121.627 14.285840034484863 14.427736282348633 14.250767419534153
5121.647 14.321532249450684 14.427736282348633 14.270362646816855
5121.662 14.350327491760254 14.427736282348633 14.28877738307843
5121.677 14.360142707824707 14.427736282348633 14.305834580287245
5121.702 14.354446411132812 14.427736282348633 14.321445063445305
5121.712 14.342015266418457 14.427736282348633 14.335585110310971
5121.727 14.345457077026367 14.427736282348633 14.348278565401579
5121.747 14.353658676147461 14.427736282348633 14.359582700396585
5121.762 14.343348503112793 14.427736282348633 14.369577152227661
5121.777 14.343348503112793 14.427736282348633 14.378355374119673
5121.797 14.35323715209961 14.427736282348633 14.386018125050894
5121.812 14.347570419311523 14.427736282348633 14.392668600928628
5121.827 14.365981101989746 14.427736282348633 14.39840887757267
5121.847 14.405214309692383 14.427736282348633 14.403337392633716
5121.862 14.417082786560059 14.427736282348633 14.407547242028524
5121.877 14.440982818603516 14.427736282348633 14.411125107433316
5121.902 14.458779335021973 14.427736282348633 14.414150665827435
5121.912 14.465076446533203 14.427736282348633 14.41669636090791
5121.927 14.470206260681152 15.587628364562988 14.451046668061098
5121.947 14.490541458129883 15.587628364562988 14.507236104764862
5121.967 14.56489086151123 15.587628364562988 14.5775160994748
5121.977 14.646766662597656 15.587628364562988 14.65594210493537
5122.007 14.900525093078613 15.587628364562988 14.738027584267936
5122.012 14.900525093078613 15.587628364562988 14.820455534046504
5122.027 15.005973815917969 15.587628364562988 14.90083925546252
5122.047 15.1099853515625 15.587628364562988 14.977525065198895
5122.062 15.183488845825195 15.587628364562988 15.04943054334908
5122.077 15.262033462524414 15.587628364562988 15.115912742665065
5122.097 15.26135540008545 15.587628364562988 15.176661530945273
5122.112 15.29621696472168 15.587628364562988 15.23161390821743
5122.127 15.327640533447266 16.20612144470215 15.298066101065272
5122.147 15.315139770507812 16.20612144470215 15.370913933800775
5122.162 15.367889404296875 16.20612144470215 15.446321757240867
5122.177 15.476444244384766 16.20612144470215 15.52146957866737
5122.202 15.505738258361816 16.20612144470215 15.594343625619503
5122.217 15.70277214050293 16.20612144470215 15.663563854938786
5122.227 15.78818130493164 16.20612144470215 15.728242730660199
5122.257 15.907944679260254 16.20612144470215 15.787870334079468
5122.262 15.976094245910645 16.20612144470215 15.842221536600208
5122.277 16.03058433532715 16.20612144470215 15.891281562771916
5122.297 16.03871726989746 16.884647369384766 15.954034744976374
5122.312 16.0748291015625 16.884647369384766 16.024858211336678
5122.327 16.099567413330078 16.884647369384766 16.099498062507536
5122.347 16.146034240722656 16.884647369384766 16.17479965998744
5122.362 16.21100425720215 16.884647369384766 16.248483797719757
5122.377 16.321285247802734 16.884647369384766 16.318961974173035
5122.397 16.4642391204834 16.884647369384766 16.385184817762465
5122.412 16.494417190551758 16.884647369384766 16.44651848257077
5122.427 16.524843215942383 16.884647369384766 16.50264452290246
5122.447 16.630720138549805 16.884647369384766 16.553479375597696
5122.462 16.69133186340332 17.860795974731445 16.626225373041915
5122.477 16.742216110229492 17.860795974731445 16.712653634870453
5122.497 16.854026794433594 17.860795974731445 16.806486734004356
5122.512 16.987985610961914 17.860795974731445 16.903020157849863
5122.527 17.089344024658203 17.860795974731445 16.99880733009004
5122.547 17.18588638305664 17.860795974731445 17.091398933628774
5122.562 17.238067626953125 17.860795974731445 17.17912839038989
5122.577 17.339553833007812 17.860795974731445 17.260936379090232
5122.597 17.40107536315918 17.860795974731445 17.336228204733587
5122.612 17.429840087890625 17.860795974731445 17.404758673796366
5122.627 17.49547004699707 17.860795974731445 17.466539879737113
5122.647 17.56757354736328 18.825193405151367 17.548556789390954
5122.662 17.634029388427734 18.825193405151367 17.642797705345465
5122.677 17.783655166625977 18.825193405151367 17.743181355474142
5122.697 17.88410758972168 18.825193405151367 17.84517886332021
5122.717 17.94159507751465 18.825193405151367 17.945499704770864
5122.727 18.032779693603516 18.825193405151367 18.041832244998606
5122.747 18.3281192779541 18.825193405151367 18.132630598567864
5122.762 18.36418914794922 18.825193405151367 18.216940608362535
5122.777 18.44867515563965 18.825193405151367 18.29425869358716
5122.797 18.51139259338379 18.825193405151367 18.36441817482631
5122.812 18.522510528564453 20.20502471923828 18.465827100244347
5122.827 18.58905792236328 20.20502471923828 18.586814545306712
5122.847 18.712329864501953 20.20502471923828 18.718472499778134
5122.862 18.854551315307617 20.20502471923828 18.854120486718244
5122.877 18.936656951904297 20.20502471923828 18.988859996838364
5122.897 19.169565200805664 20.20502471923828 19.11920566735718
5122.912 19.429481506347656 20.20502471923828 19.24278170611235
5122.927 19.58487892150879 20.20502471923828 19.358073507435687
5122.947 19.681306838989258 20.20502471923828 19.464225721684482
5122.962 19.740360260009766 21.845537185668945 19.606449021226805
5122.977 19.831045150756836 21.845537185668945 19.770572617074873
5122.997 20.0169677734375 21.845537185668945 19.945832435702673
5123.012 20.200069427490234 21.845537185668945 20.1242048850217
5123.027 20.43821907043457 21.845537185668945 20.29985326218109
5123.047 20.59459686279297 21.845537185668945 20.468670265569635
5123.062 20.777807235717773 21.845537185668945 20.627902089495645
5123.077 20.892803192138672 21.845537185668945 20.775841428266943
5123.102 21.112655639648438 21.845537185668945 20.911578393005275
5123.112 21.164457321166992 23.679473876953125 21.085742542747017
5123.127 21.2982177734375 23.679473876953125 21.28260828095368
5123.147 21.480539321899414 23.679473876953125 21.49027499725971
5123.162 21.757665634155273 23.679473876953125 21.69991389387825
5123.177 22.010494232177734 23.679473876953125 21.905142883067015
5123.197 22.318239212036133 23.679473876953125 22.101510632813053
5123.217 22.538122177124023 23.679473876953125 22.286073167471947
5123.227 22.731624603271484 23.679473876953125 22.457048560550884
5123.247 22.892887115478516 25.62340545654297 22.667535290460645
5123.262 22.944740295410156 25.62340545654297 22.90049162363016
5123.277 23.1708984375 25.62340545654297 23.143080162207443
5123.297 23.579456329345703 25.62340545654297 23.385833209965703
5123.312 23.73950958251953 25.62340545654297 23.621961015049028
5123.327 23.96309471130371 25.62340545654297 23.84678162326562
5123.347 24.248428344726562 25.62340545654297 24.057253723015165
5123.362 24.436635971069336 25.62340545654297 24.251596277416922
5123.377 24.517295837402344 25.62340545654297 24.428980919705744
5123.397 24.82527732849121 27.481033325195312 24.640885819720506
5123.412 24.980775833129883 27.481033325195312 24.871643989425472
5123.427 25.192110061645508 27.481033325195312 25.10950371896941
5123.447 25.55483055114746 27.481033325195312 25.345845684227598
5123.462 25.70105743408203 27.481033325195312 25.574534863161464
5123.477 25.91442108154297 27.481033325195312 25.79138706748743
5123.497 26.175819396972656 29.108325958251953 26.0389350117374
5123.512 26.404590606689453 29.108325958251953 26.301605236644008
5123.527 26.66592025756836 29.108325958251953 26.567816699900373
5123.547 27.02971839904785 29.108325958251953 26.829171286948835
5123.562 27.31614112854004 29.108325958251953 27.07978526238924
5123.577 27.622495651245117 29.94668960571289 27.339028181150574
5123.597 27.824413299560547 29.94668960571289 27.59725398289211
5123.612 28.105016708374023 29.94668960571289 27.847577911099023
5123.627 28.23078155517578 29.94668960571289 28.08528538688073
5123.652 28.486364364624023 29.94668960571289 28.307348085817015
5123.662 28.664464950561523 31.32429313659668 28.550297054703034
5123.677 28.857088088989258 31.32429313659668 28.801465933571404
5123.697 29.224519729614258 31.32429313659668 29.051548833776014
5123.712 29.364883422851562 31.32429313659668 29.293906701335136
5123.727 29.58197784423828 31.32429313659668 29.5239961319225
5123.747 29.888221740722656 31.32429313659668 29.738901809122858
5123.762 30.090736389160156 32.578426361083984 29.971793231500417
5123.777 30.28154182434082 32.578426361083984 30.21110523080392
5123.797 30.680967330932617 32.578426361083984 30.44837108724653
5123.812 30.82821273803711 32.578426361083984 30.67757982241376
5123.827 31.08016014099121 32.578426361083984 30.894647377478375
5123.847 31.2587833404541 32.578426361083984 31.09698409871256
5123.862 31.48931312561035 33.29999923706055 31.303186950611032
5123.877 31.611570358276367 33.29999923706055 31.506432671833807
5123.897 31.791715621948242 33.29999923706055 31.70191340104872
5123.912 31.989055633544922 33.29999923706055 31.88639919861705
5123.927 32.07029342651367 33.29999923706055 32.057880689311915
5123.947 32.2960205078125 33.29999923706055 32.215279051701245
5123.962 32.426025390625 33.29999923706055 32.35821232849063
5123.977 32.50096130371094 33.29999923706055 32.48680859159995
5123.997 32.70866775512695 33.29999923706055 32.60155787632478
5124.012 32.764251708984375 33.29999923706055 32.70319601294829
5124.027 32.81305694580078 33.29999923706055 32.79261454509222
5124.057 32.9343376159668 33.29999923706055 32.870791845832166
5124.062 32.9343376159668 33.29999923706055 32.93874133898496
5124.077 32.9349479675293 33.29999923706055 32.997473417400315
5124.097 33.00075912475586 33.29999923706055 33.04796823526388
5124.112 33.04792785644531 33.29999923706055 33.091157049211205
5124.127 33.081912994384766 33.29999923706055 33.12791020439174
5124.147 33.147361755371094 33.29999923706055 33.159030216467436
5124.162 33.17500686645508 33.29999923706055 33.18524869786453
5124.177 33.18984603881836 33.29999923706055 33.20722612445517
5124.197 33.213382720947266 33.29999923706055 33.22555364436154
5124.212 33.268394470214844 33.29999923706055 33.240756300036516
5124.227 33.251068115234375 31.646512985229492 33.21290339566489
5124.247 33.220062255859375 31.646512985229492 33.14943129867062
5124.267 33.0185432434082 31.646512985229492 33.062195228145775
5124.277 32.9774169921875 31.646512985229492 32.96035153470918
5124.297 32.751068115234375 31.646512985229492 32.85086803684779
5124.312 32.54191589355469 31.646512985229492 32.73895055451935
5124.327 32.42560958862305 29.5609188079834 32.5839775121443
5124.347 32.24370193481445 29.5609188079834 32.38893963907971
5124.362 32.058937072753906 29.5609188079834 32.17060635720766
5124.377 31.737146377563477 29.5609188079834 31.941642846719112
5124.397 31.37721061706543 29.5609188079834 31.711421104056136
5124.412 31.062814712524414 27.325510025024414 31.43814380134656
5124.427 30.993087768554688 27.325510025024414 31.128055232740042
5124.447 30.49485969543457 27.325510025024414 30.80019882969999
5124.462 30.361114501953125 27.325510025024414 30.46871593550174
5124.477 29.79216957092285 27.325510025024414 30.14384191515967
5124.497 29.259464263916016 27.325510025024414 29.832728533601003
5124.512 29.101877212524414 24.89288330078125 29.48606184885426
5124.527 28.871166229248047 24.89288330078125 29.139395164107516
5124.547 28.467416763305664 24.89288330078125 28.792728479360772
5124.562 28.146379470825195 24.89288330078125 28.446061794614028
5124.577 27.857542037963867 24.89288330078125 28.099395109867285
5124.597 27.46540069580078 24.89288330078125 27.75272842512054
5124.612 27.304988861083984 24.89288330078125 27.41566314981143
5124.627 26.9805850982666 22.140626907348633 27.068996465064686
5124.647 26.56443977355957 22.140626907348633 26.722329780317942
5124.667 26.33258056640625 22.140626907348633 26.3756630955712
5124.677 25.836551666259766 22.140626907348633 26.028996410824455
5124.697 25.329591751098633 22.140626907348633 25.68232972607771
5124.712 24.8516788482666 22.140626907348633 25.335663041330967
5124.727 24.8516788482666 22.140626907348633 24.988996356584224
5124.752 24.13915252685547 19.60661506652832 24.64232967183748
5124.762 23.9416561126709 19.60661506652832 24.295662987090736
5124.777 23.67283821105957 19.60661506652832 23.948996302343993
5124.797 23.256208419799805 19.60661506652832 23.60232961759725
5124.812 22.88361930847168 19.60661506652832 23.255662932850505
5124.827 22.732379913330078 19.60661506652832 22.90899624810376
5124.852 22.329687118530273 19.60661506652832 22.562329563357018
5124.862 22.16598129272461 17.62635612487793 22.215662878610274
5124.877 21.900718688964844 17.62635612487793 21.86899619386353
5124.897 21.30674171447754 17.62635612487793 21.522329509116787
5124.912 21.1962890625 17.62635612487793 21.175662824370043
5124.927 20.909481048583984 17.62635612487793 20.8289961396233
5124.947 20.237594604492188 17.62635612487793 20.482329454876556
5124.962 19.88408851623535 17.62635612487793 20.137868768185157
5124.977 19.576467514038086 17.62635612487793 19.821241033777568
5124.997 19.267757415771484 17.62635612487793 19.53335546385749
5125.017 18.906869888305664 16.162445068359375 19.233401066693528
5125.027 18.81833267211914 16.162445068359375 18.933129410973446
5125.047 18.56439971923828 16.162445068359375 18.64097126682175
5125.062 18.34429168701172 16.162445068359375 18.362743310691563
5125.077 18.10797691345215 16.162445068359375 18.102227210914045
5125.097 17.717674255371094 16.162445068359375 17.861641167009527
5125.112 17.633220672607422 16.162445068359375 17.642021275880587
5125.127 17.46546173095703 16.162445068359375 17.44352768043203
5125.147 17.18979835510254 16.162445068359375 17.265688308135367
5125.172 16.962732315063477 14.961148262023926 17.074221752659195
5125.177 16.80437660217285 14.961148262023926 16.878307565423736
5125.207 16.442398071289062 14.961148262023926 16.684647970150703
5125.212 16.342350006103516 14.961148262023926 16.497983599513905
5125.227 16.23262596130371 14.961148262023926 16.321517595043805
5125.247 15.992623329162598 14.961148262023926 16.15726225347794
5125.262 15.904845237731934 14.961148262023926 16.006320535665754
5125.277 15.797384262084961 14.961148262023926 15.869113073945769
5125.302 15.720245361328125 14.961148262023926 15.745559814334237
5125.312 15.639898300170898 14.961148262023926 15.635224101379196
5125.327 15.579994201660156 14.58132553100586 15.526875212050081
5125.347 15.481803894042969 14.58132553100586 15.422959904641042
5125.362 15.330389022827148 14.58132553100586 15.325108534160549
5125.377 15.26213264465332 14.58132553100586 15.234321078963886
5125.402 15.059749603271484 14.58132553100586 15.151117970301431
5125.412 15.011510848999023 14.58132553100586 15.075661507580342
5125.427 14.950221061706543 14.58132553100586 15.007852820741421
5125.447 14.887247085571289 14.58132553100586 14.947408614669262
5125.462 14.867761611938477 14.58132553100586 14.893921292270486
5125.477 14.809840202331543 14.58132553100586 14.846905495511997
5125.497 14.770298957824707 14.58132553100586 14.80583361985738
5125.512 14.745804786682129 14.167482376098633 14.758666795402267
5125.527 14.75838851928711 14.167482376098633 14.708442114101725
5125.547 14.68661880493164 14.167482376098633 14.657421098955464
5125.567 14.582221031188965 14.167482376098633 14.607246628466761
5125.577 14.581992149353027 14.167482376098633 14.5590725837402
5125.597 14.506760597229004 14.167482376098633 14.513670345495598
5125.612 14.433719635009766 14.167482376098633 14.47151574193823
5125.627 14.382875442504883 14.167482376098633 14.432859571190791
5125.647 14.34908676147461 14.167482376098633 14.397784393204871
5125.662 14.340035438537598 14.167482376098633 14.366249903913028
5125.677 14.30922794342041 14.167482376098633 14.338128866260206
5125.697 14.270576477050781 14.167482376098633 14.31323527558119
5125.712 14.250921249389648 13.986425399780273 14.286316816243252
5125.727 14.252264976501465 13.986425399780273 14.25869493612261
5125.747 14.247021675109863 13.986425399780273 14.231336212312591
5125.762 14.217848777770996 13.986425399780273 14.204926048484175
5125.777 14.19171142578125 13.986425399780273 14.179929301700314
5125.797 14.152873039245605 13.986425399780273 14.156639857927255
5125.812 14.11461353302002 13.986425399780273 14.135220910347885
5125.827 14.10370922088623 13.986425399780273 14.115737455841172
5125.852 14.071832656860352 13.986425399780273 14.098182311800679
5125.862 14.065176963806152 13.986425399780273 14.082496766506694
5125.877 14.0557279586792 13.986425399780273 14.068586809923694
5125.897 14.050275802612305 13.986425399780273 14.056335746280494
5125.912 14.057683944702148 13.986425399780273 14.045613863245222
5125.927 14.046516418457031 13.986425399780273 14.036285723071748
5125.947 14.039194107055664 13.986425399780273 14.02821554696048
5125.962 14.023591041564941 13.986425399780273 14.021271083323901
5125.977 13.999717712402344 13.986425399780273 14.01532628206535
5125.997 14.010058403015137 13.986425399780273 14.010263038881801
5126.012 14.012760162353516 13.986425399780273 14.005972224630966
5126.027 14.002331733703613 13.986425399780273 14.00235417373434
5126.047 14.012929916381836 13.986425399780273 13.999318771322566
5126.062 14.003710746765137 13.986425399780273 13.996785250392117
5126.077 13.996895790100098 13.986425399780273 13.994681786771276
5126.097 14.001712799072266 13.986425399780273 13.99294496043375
5126.112 13.983879089355469 13.986425399780273 13.99151913599159
5126.127 13.984292984008789 14.366189002990723 14.000904792553563
5126.147 14.013203620910645 14.366189002990723 14.017777964299265
5126.162 14.021294593811035 14.366189002990723 14.039548489218616
5126.177 14.036242485046387 14.366189002990723 14.064224046973653
5126.197 14.104307174682617 14.366189002990723 14.090296112653311
5126.212 14.161054611206055 14.366189002990723 14.116644784869447
5126.227 14.206852912902832 14.366189002990723 14.142459784128066
5126.247 14.258245468139648 14.366189002990723 14.167175234387482
5126.262 14.284093856811523 14.366189002990723 14.190416134190455
5126.277 14.2908935546875 14.366189002990723 14.211954692237345
5126.297 14.253931045532227 14.366189002990723 14.231674945376042
5126.312 14.261216163635254 14.366189002990723 14.249544295157525
5126.327 14.239327430725098 14.366189002990723 14.265590793347982
5126.352 14.261641502380371 14.275613784790039 14.27736919993868
5126.362 14.254167556762695 14.275613784790039 14.285761629617635
5126.377 14.241253852844238 14.275613784790039 14.291494319488926
5126.397 14.26468563079834 14.275613784790039 14.295161621135435
5126.412 14.278631210327148 14.275613784790039 14.29724685841723
5126.427 14.281546592712402 14.275613784790039 14.298140359663822
5126.452 14.303297996520996 14.275613784790039 14.298154963954468
5126.462 14.280633926391602 14.275613784790039 14.29753928643156
5126.477 14.30147647857666 14.275613784790039 14.29648900910678
5126.497 14.278081893920898 14.275613784790039 14.295156442970258
5126.512 14.303302764892578 14.275613784790039 14.293658585586034
5126.527 14.296172142028809 14.275613784790039 14.292083876630635
5126.547 14.311201095581055 14.275613784790039 14.29049783263702
5126.562 14.283918380737305 14.275613784790039 14.288947721981712
5126.577 14.289302825927734 14.275613784790039 14.287466422185467
5126.597 14.298100471496582 14.275613784790039 14.286075584058054
5126.612 14.293757438659668 14.275613784790039 14.284788211188426
5126.627 14.29128360748291 14.275613784790039 14.2836107487799
5126.647 14.287612915039062 14.275613784790039 14.282544762826078
5126.662 14.26977252960205 14.275613784790039 14.28158827905384
5126.677 14.26213264465332 14.275613784790039 14.2807368408399
5126.697 14.264771461486816 14.275613784790039 14.279984336338483
5126.712 14.262866973876953 14.275613784790039 14.27932363723458
5126.727 14.275458335876465 14.275613784790039 14.278747084752336
5126.747 14.283506393432617 14.275613784790039 14.278246852696105
5126.762 14.258809089660645 13.953975677490234 14.268880819479032
5126.777 14.272767066955566 13.953975677490234 14.253421129844199
5126.797 14.258896827697754 13.953975677490234 14.234023755734666
5126.812 14.213708877563477 13.953975677490234 14.212343190480144
5126.827 14.1838960647583 13.953975677490234 14.189628576258674
5126.847 14.133683204650879 13.953975677490234 14.166803855198134
5126.862 14.107894897460938 13.953975677490234 14.144534244333485
5126.877 14.087133407592773 13.953975677490234 14.123281062800674
5126.897 14.067512512207031 13.953975677490234 14.103346688489262
5126.912 14.02023983001709 13.953975677490234 14.08491119201122
5126.927 14.01324462890625 13.953975677490234 14.068061988469415
5126.952 14.01618480682373 13.953975677490234 14.052817661655677
5126.962 14.012504577636719 13.953975677490234 14.039146950040111
5126.977 14.052584648132324 13.84626293182373 14.023991716963863
5126.997 14.032866477966309 13.84626293182373 14.008193555603205
5127.017 14.010422706604004 13.84626293182373 13.9923734668429
5127.027 13.999442100524902 13.84626293182373 13.976977110402352
5127.047 13.991194725036621 13.84626293182373 13.962312105397105
5127.062 13.960768699645996 13.84626293182373 13.948578596868987
5127.077 13.95063304901123 13.84626293182373 13.935894147190176
