1404.982 24.658559799194336 27.316267013549805 24.263749845767354
1404.997 24.9014892578125 27.316267013549805 24.526283528740922
1405.017 25.255393981933594 27.316267013549805 24.79193221365438
1405.037 25.39077377319336 27.316267013549805 25.05243418567254
1405.047 25.534095764160156 27.316267013549805 25.302011513547605
1405.067 25.766908645629883 27.316267013549805 25.536826809006328
1405.082 25.893333435058594 27.316267013549805 25.754540000341706
1405.097 25.99912452697754 24.865890502929688 25.929197631630483
1405.117 26.12924575805664 24.865890502929688 26.06079970287266
1405.132 26.180683135986328 24.865890502929688 26.14934621406824
1405.147 26.165891647338867 24.865890502929688 26.194837165217216
1405.167 26.1069393157959 24.865890502929688 26.197272556319593
1405.182 26.00116729736328 24.865890502929688 26.16203508123298
1405.197 25.872175216674805 24.865890502929688 26.100777538122117
1405.222 25.707223892211914 22.137636184692383 25.996464434964654
1405.232 25.614219665527344 22.137636184692383 25.84909577176059
1405.247 25.381256103515625 22.137636184692383 25.65867154850993
1405.267 25.191049575805664 22.137636184692383 25.425191765212666
1405.282 24.946334838867188 22.137636184692383 25.166543592759783
1405.297 24.67195701599121 22.137636184692383 24.897042747323727
1405.322 24.251455307006836 22.137636184692383 24.627250288453077
1405.332 23.98151969909668 19.009212493896484 24.314402269535826
1405.347 23.708740234375 19.009212493896484 23.967735584789082
1405.367 23.253883361816406 19.009212493896484 23.62106890004234
1405.387 22.781375885009766 19.009212493896484 23.274402215295595
1405.397 22.544940948486328 19.009212493896484 22.92773553054885
1405.417 22.23175811767578 19.009212493896484 22.581068845802108
1405.432 21.79312515258789 19.009212493896484 22.234402161055364
1405.447 21.516645431518555 19.009212493896484 21.88773547630862
1405.467 21.312170028686523 15.516242027282715 21.541068791561877
1405.482 20.91893768310547 15.516242027282715 21.194402106815133
1405.497 20.690580368041992 15.516242027282715 20.84773542206839
1405.517 20.324607849121094 15.516242027282715 20.501068737321646
1405.532 19.81767463684082 15.516242027282715 20.154402052574902
1405.547 19.426830291748047 15.516242027282715 19.80773536782816
1405.567 18.979894638061523 15.516242027282715 19.461068683081415
1405.582 18.711824417114258 15.516242027282715 19.11440199833467
1405.597 18.4478816986084 15.516242027282715 18.767735313587927
1405.617 18.18279266357422 13.329655647277832 18.421068628841184
1405.632 18.025056838989258 13.329655647277832 18.07440194409444
1405.647 17.664981842041016 13.329655647277832 17.727735259347696
1405.672 17.43694305419922 13.329655647277832 17.381068574600953
1405.682 16.984149932861328 13.329655647277832 17.03440188985421
1405.697 16.621307373046875 13.329655647277832 16.687735205107465
1405.717 16.16289520263672 13.329655647277832 16.34106852036072
1405.732 15.851995468139648 13.329655647277832 15.99440183561398
1405.747 15.562463760375977 13.329655647277832 15.65895263543615
1405.767 15.108697891235352 13.329655647277832 15.353844679401107
1405.782 14.921998023986816 12.167754173278809 15.046681458794083
1405.797 14.776941299438477 12.167754173278809 14.74657761118103
1405.817 14.519081115722656 12.167754173278809 14.459869199634792
1405.832 14.158610343933105 12.167754173278809 14.190724973778835
1405.847 13.807969093322754 12.167754173278809 13.94164464335053
1405.867 13.527080535888672 12.167754173278809 13.713862336471376
1405.882 13.34628677368164 12.167754173278809 13.507670899783244
1405.897 13.120109558105469 12.167754173278809 13.322680460251732
1405.917 13.017999649047852 12.167754173278809 13.158022692225495
1405.932 12.915034294128418 12.167754173278809 13.012510499177623
1405.947 12.869078636169434 12.167754173278809 12.884761307032052
1405.967 12.788145065307617 12.138349533081055 12.772474058665257
1405.982 12.742040634155273 12.138349533081055 12.67438696033586
1405.997 12.684666633605957 12.138349533081055 12.589201277894562
1406.017 12.593429565429688 12.138349533081055 12.515627879185946
1406.032 12.492936134338379 12.138349533081055 12.452420322713683
1406.052 12.473138809204102 12.138349533081055 12.39839738533167
1406.067 12.383906364440918 12.138349533081055 12.352457395467974
1406.082 12.351988792419434 12.138349533081055 12.313586295502288
1406.097 12.266642570495605 12.138349533081055 12.280860986081837
1406.117 12.203228950500488 12.138349533081055 12.253449196262265
1406.132 12.198149681091309 12.138349533081055 12.230606867430328
1406.147 12.175538063049316 12.138349533081055 12.211673828105747
1406.167 12.149764060974121 11.115249633789062 12.167648919406163
1406.182 12.132234573364258 11.115249633789062 12.106864418950048
1406.197 12.048226356506348 11.115249633789062 12.035757336504863
1406.222 11.897584915161133 11.115249633789062 11.959227600727333
1406.232 11.811244010925293 11.115249633789062 11.880937456357314
1406.247 11.76079273223877 11.115249633789062 11.8035604123147
1406.267 11.646343231201172 11.115249633789062 11.728987119385282
1406.282 11.55264949798584 11.115249633789062 11.65849466195411
1406.297 11.461791038513184 11.115249633789062 11.592884927258162
1406.317 11.39651107788086 11.115249633789062 11.532596969937513
1406.332 11.401298522949219 11.115249633789062 11.477797618646335
1406.347 11.373884201049805 11.115249633789062 11.42845397262315
1406.367 11.381616592407227 11.115249633789062 11.38439090560502
1406.382 11.355839729309082 11.115249633789062 11.345336227673993
1406.397 11.354561805725098 10.881842613220215 11.304472218433869
1406.417 11.331591606140137 10.881842613220215 11.263446633268478
1406.432 11.27132797241211 10.881842613220215 11.223444851732497
1406.447 11.21094036102295 10.881842613220215 11.185287956829923
1406.467 11.150690078735352 10.881842613220215 11.149513144511879
1406.482 11.107064247131348 10.881842613220215 11.116439236234484
1406.497 11.057116508483887 10.881842613220215 11.086219695583178
1406.517 11.01120376586914 10.881842613220215 11.058885216794042
1406.532 10.998565673828125 10.881842613220215 11.034377656786837
1406.547 10.956265449523926 10.881842613220215 11.012576820825009
1406.567 10.959272384643555 10.881842613220215 10.993321382562254
1406.582 10.936138153076172 10.881842613220215 10.97642501928709
1406.597 10.947487831115723 10.881842613220215 10.961688669858106
1406.617 10.965397834777832 10.881842613220215 10.948909673402689
1406.632 10.951167106628418 10.881842613220215 10.937888418710195
1406.647 10.962246894836426 10.881842613220215 10.928433024917435
1406.667 10.923940658569336 10.881842613220215 10.920362481267986
1406.682 10.937638282775879 10.881842613220215 10.913508595325537
1406.697 10.919011116027832 10.881842613220215 10.90771703312894
1406.717 10.916006088256836 10.881842613220215 10.90284767967897
1406.732 10.89884090423584 10.881842613220215 10.898774502315954
1406.747 10.891450881958008 10.881842613220215 10.895385061630929
1406.767 10.888567924499512 10.881842613220215 10.892579783361656
1406.782 10.875001907348633 10.881842613220215 10.890271079219534
1406.797 10.896136283874512 10.881842613220215 10.88838238387184
1406.817 10.88681697845459 10.881842613220215 10.88684715858574
1406.832 10.877883911132812 10.881842613220215 10.885607898656511
1406.847 10.875138282775879 10.881842613220215 10.884615171119181
1406.867 10.886150360107422 10.881842613220215 10.883826700893538
1406.882 10.903888702392578 10.881842613220215 10.88320651702458
1406.897 10.886624336242676 10.881842613220215 10.88272416570692
1406.917 10.899141311645508 12.749626159667969 10.925297374435859
1406.932 10.972626686096191 12.749626159667969 11.006483978271508
1406.947 11.029500961303711 12.749626159667969 11.113088331021261
1406.967 11.270429611206055 12.749626159667969 11.234947504454153
1406.982 11.47932243347168 12.749626159667969 11.364354321758324
1406.997 11.686119079589844 12.749626159667969 11.495575649536423
1407.017 11.924317359924316 12.749626159667969 11.624452339197761
1407.032 12.074734687805176 12.749626159667969 11.748068796490506
1407.047 12.156832695007324 12.749626159667969 11.864481629824962
1407.067 12.198566436767578 12.749626159667969 11.972498175943613
1407.082 12.241408348083496 12.749626159667969 12.071496923087631
1407.102 12.242812156677246 12.749626159667969 12.161282948947793
1407.117 12.223796844482422 12.749626159667969 12.24197246815662
1407.132 12.2477388381958 12.749626159667969 12.313901448632368
1407.147 12.26943588256836 12.749626159667969 12.377554015701685
1407.167 12.318378448486328 12.749626159667969 12.433507026237892
1407.182 12.351274490356445 12.749626159667969 12.482387770917686
1407.197 12.424789428710938 12.749626159667969 12.524842259899936
1407.217 12.515311241149902 12.749626159667969 12.56151197424361
1407.232 12.584433555603027 12.749626159667969 12.593017330232659
1407.247 12.619800567626953 12.749626159667969 12.619946413941781
1407.267 12.70658016204834 12.749626159667969 12.642847805736855
1407.282 12.73258113861084 12.749626159667969 12.662226535214606
1407.297 12.762845993041992 12.749626159667969 12.678542391986463
1407.317 12.744890213012695 12.749626159667969 12.692209971740088
1407.337 12.758731842041016 12.749626159667969 12.703599964637021
1407.347 12.738415718078613 12.749626159667969 12.713041298262398
1407.367 12.70750617980957 12.749626159667969 12.720823833477228
1407.382 12.726174354553223 12.749626159667969 12.727201381632716
1407.397 12.69180679321289 12.749626159667969 12.732394868282528
1407.417 12.682721138000488 13.863205909729004 12.767528288065908
1407.432 12.704233169555664 13.863205909729004 12.823142731056807
1407.447 12.78943920135498 13.863205909729004 12.89189039457734
1407.467 12.979147911071777 13.863205909729004 12.968140541764164
1407.482 13.136603355407715 13.863205909729004 13.047649408935959
1407.497 13.233922004699707 13.863205909729004 13.127285112174794
1407.517 13.422578811645508 13.863205909729004 13.20479961149465
1407.532 13.535828590393066 13.863205909729004 13.278640733942657
1407.547 13.548452377319336 13.863205909729004 13.347798127182614
1407.567 13.594921112060547 13.863205909729004 13.41167780899119
1407.582 13.591141700744629 13.863205909729004 13.470000695227716
1407.597 13.581284523010254 13.863205909729004 13.522721131044163
1407.622 13.571083068847656 13.863205909729004 13.569962020772461
1407.632 13.527395248413086 13.863205909729004 13.611963655478116
1407.647 13.531791687011719 13.863205909729004 13.649043778631441
1407.667 13.596729278564453 13.863205909729004 13.681566815049958
1407.682 13.621892929077148 13.863205909729004 13.709920521603344
1407.697 13.653013229370117 13.863205909729004 13.734498605439693
1407.717 13.693503379821777 13.863205909729004 13.755688101762402
1407.732 13.739840507507324 13.863205909729004 13.773860513235604
1407.747 13.829354286193848 13.863205909729004 13.789365891351
1407.767 13.857176780700684 13.863205909729004 13.802529190606803
1407.782 13.868217468261719 13.863205909729004 13.81364835280815
1407.802 13.907888412475586 13.863205909729004 13.822993684501755
1407.817 13.880067825317383 13.863205909729004 13.830808178450235
1407.832 13.851224899291992 13.863205909729004 13.837308502738342
1407.847 13.838936805725098 13.863205909729004 13.842686440873539
1407.867 13.825201034545898 15.387168884277344 13.88944292436057
1407.887 13.903559684753418 15.387168884277344 13.964555240061514
1407.897 13.926406860351562 15.387168884277344 14.057902781665202
1407.917 14.203840255737305 15.387168884277344 14.161725914025823
1407.932 14.400069236755371 15.387168884277344 14.270172576741052
1407.947 14.560452461242676 15.387168884277344 14.378920361863566
1407.967 14.74363899230957 15.387168884277344 14.484863179249466
1407.982 14.842569351196289 15.387168884277344 14.585852913453449
1407.997 14.923199653625488 15.387168884277344 14.680487667429748
1408.017 14.960641860961914 15.387168884277344 14.76793927556324
1408.032 14.963606834411621 15.387168884277344 14.847813751025104
1408.047 14.95694637298584 15.387168884277344 14.92003921252334
1408.067 14.948731422424316 16.29047966003418 15.009868586375884
1408.082 14.996156692504883 16.29047966003418 15.109818836510478
1408.097 15.114776611328125 16.29047966003418 15.214245985037646
1408.117 15.259443283081055 16.29047966003418 15.318980822918345
1408.132 15.401346206665039 16.29047966003418 15.421026870142155
1408.147 15.556885719299316 16.29047966003418 15.518311338049703
1408.167 15.73555850982666 16.29047966003418 15.609480994238316
1408.182 15.87685775756836 16.29047966003418 15.693735878071543
1408.197 15.954972267150879 16.29047966003418 15.770694761468318
1408.217 15.980182647705078 16.29047966003418 15.84028709767611
1408.232 16.01653289794922 16.29047966003418 15.90266695452213
1408.247 16.005647659301758 17.56455421447754 15.993536057487319
1408.267 16.07034683227539 17.56455421447754 16.10229831107127
1408.287 16.221668243408203 17.56455421447754 16.22086281497513
1408.297 16.26975440979004 17.56455421447754 16.343158806011438
1408.317 16.4880313873291 17.56455421447754 16.46473191822106
1408.342 16.620800018310547 17.56455421447754 16.582409936035273
1408.347 16.801408767700195 17.56455421447754 16.694027635421197
1408.367 17.022754669189453 17.56455421447754 16.798201614716717
1408.382 17.100488662719727 17.56455421447754 16.894147206108507
1408.397 17.165306091308594 17.56455421447754 16.981530630696447
1408.417 17.176424026489258 17.56455421447754 17.060350518265295
1408.437 17.19570541381836 16.81228256225586 17.109947325917002
1408.447 17.172203063964844 16.81228256225586 17.137223237481443
1408.467 17.12855339050293 16.81228256225586 17.147744842890695
1408.482 17.083580017089844 16.81228256225586 17.145966928955563
1408.497 17.022281646728516 16.81228256225586 17.135423746175388
1408.517 16.9404296875 16.81228256225586 17.118891653738007
1408.532 16.892112731933594 16.81228256225586 17.09852673430596
1408.552 16.874181747436523 16.81228256225586 17.07598064784982
1408.567 16.861698150634766 16.81228256225586 17.05249767196998
1408.582 16.922100067138672 16.81228256225586 17.028995563637253
1408.597 16.962114334106445 16.81228256225586 17.006132580124245
1408.617 17.010746002197266 15.778128623962402 16.955636217715195
1408.632 16.99547004699707 15.778128623962402 16.886738611052216
1408.647 16.943147659301758 15.778128623962402 16.806567268886102
1408.667 16.761276245117188 15.778128623962402 16.720543398401794
1408.682 16.66297149658203 15.778128623962402 16.632714768249745
1408.697 16.589305877685547 15.778128623962402 16.546032411454515
1408.717 16.31006622314453 15.778128623962402 16.46257939404354
1408.732 16.209854125976562 15.778128623962402 16.383758876091225
1408.747 16.10272216796875 15.778128623962402 16.31044777507621
1408.772 15.99882984161377 15.778128623962402 16.24312150913657
1408.782 15.98746109008789 15.778128623962402 16.181954549161468
1408.797 15.998185157775879 15.644326210021973 16.12318410666044
1408.817 16.02497673034668 15.644326210021973 16.067763680775727
1408.832 16.036279678344727 15.644326210021973 16.01628355651836
1408.852 16.018903732299805 15.644326210021973 15.969057318636452
1408.867 16.022069931030273 15.644326210021973 15.926191539338763
1408.882 15.99864673614502 15.644326210021973 15.887641471511134
1408.897 15.953959465026855 15.644326210021973 15.853255165502407
1408.917 15.874770164489746 15.644326210021973 15.822808064002238
1408.932 15.823266983032227 15.644326210021973 15.796029811915997
1408.947 15.779679298400879 15.644326210021973 15.772624742268837
1408.967 15.69426155090332 14.76272964477539 15.727798464844403
1408.982 15.65085220336914 14.76272964477539 15.66886549666558
1408.997 15.56959056854248 14.76272964477539 15.601459760719177
1409.017 15.441866874694824 14.76272964477539 15.529854256413914
1409.032 15.34242057800293 14.76272964477539 15.457227960173928
1409.047 15.2651948928833 14.76272964477539 15.385887493724013
1409.067 15.164350509643555 14.76272964477539 15.317450218434965
1409.082 15.111485481262207 14.76272964477539 15.25299459905796
1409.097 15.121081352233887 14.76272964477539 15.193182933750755
1409.117 15.057222366333008 14.76272964477539 15.138360870779007
1409.132 15.04654312133789 13.552228927612305 15.055012501220103
1409.147 15.026403427124023 13.552228927612305 14.95353551175785
1409.167 14.872817993164062 13.552228927612305 14.841885150522948
1409.182 14.725893020629883 13.552228927612305 14.726045272248006
1409.197 14.58948040008545 13.552228927612305 14.610420681555109
1409.217 14.361394882202148 13.552228927612305 14.498162174813759
1409.232 14.278717041015625 13.552228927612305 14.391434320367134
1409.247 14.129829406738281 13.552228927612305 14.291634762916091
1409.267 13.986207008361816 13.552228927612305 14.199572695094531
1409.282 13.96328067779541 13.552228927612305 14.115613107988217
1409.297 13.920064926147461 13.552228927612305 14.03979250960432
1409.317 13.895026206970215 13.552228927612305 13.971910980970458
1409.332 13.895364761352539 13.552228927612305 13.911604717087764
1409.347 13.884663581848145 13.552228927612305 13.858402567002942
1409.367 13.865168571472168 13.552228927612305 13.811769536024793
1409.382 13.856740951538086 13.552228927612305 13.771139735749417
1409.397 13.827165603637695 13.552228927612305 13.735940856403248
1409.417 13.772648811340332 13.552228927612305 13.705611883726583
1409.442 13.700807571411133 13.552228927612305 13.679615482308883
1409.447 13.700807571411133 13.552228927612305 13.657446212566345
1409.467 13.671695709228516 13.552228927612305 13.638635533580425
1409.482 13.637724876403809 13.552228927612305 13.622754363502342
1409.497 13.586344718933105 13.552228927612305 13.609413818424212
1409.522 13.56016731262207 13.552228927612305 13.598264625293776
1409.532 13.534850120544434 16.082910537719727 13.63017099220994
1409.547 13.56164836883545 16.082910537719727 13.705132919172705
1409.567 13.790054321289062 16.082910537719727 13.82315040618207
1409.582 13.960819244384766 16.082910537719727 13.970500724773977
1409.597 14.131119728088379 16.082910537719727 14.13477984073432
1409.617 14.608802795410156 16.082910537719727 14.306627951972551
1409.632 14.957659721374512 16.082910537719727 14.479126950571327
1409.647 15.103510856628418 16.082910537719727 14.647300779085771
1409.667 15.22962760925293 16.082910537719727 14.807703406713236
1409.682 15.326869010925293 16.082910537719727 14.9580810448099
1409.697 15.37121295928955 16.082910537719727 15.09709695017479
1409.717 15.340958595275879 16.082910537719727 15.224108727253538
1409.737 15.348278999328613 18.837631225585938 15.394176064378888
1409.747 15.333884239196777 18.837631225585938 15.607298961550837
1409.767 15.579896926879883 18.837631225585938 15.84976849584656
1409.782 15.866079330444336 18.837631225585938 16.10653452076991
1409.797 16.293672561645508 18.837631225585938 16.366413973439958
1409.817 16.709022521972656 18.837631225585938 16.62130584151087
1409.832 16.834871292114258 18.837631225585938 16.865542943618934
1409.847 17.338977813720703 18.837631225585938 17.095359765622618
1409.867 17.654800415039062 18.837631225585938 17.308458252487494
1409.882 17.94728660583496 18.837631225585938 17.503655863052913
1409.897 18.174795150756836 18.837631225585938 17.680602356120296
1409.917 18.381017684936523 15.479146003723145 17.814493289141076
1409.932 18.4052734375 15.479146003723145 17.905328662115256
1409.947 18.313358306884766 15.479146003723145 17.953108475042836
1409.967 18.185094833374023 15.479146003723145 17.957832727923815
1409.982 17.811010360717773 15.479146003723145 17.919501420758195
1409.997 17.539350509643555 15.479146003723145 17.838114553545974
1410.017 17.18338394165039 15.479146003723145 17.71426038891647
1410.032 16.883316040039062 15.479146003723145 17.563411722252905
1410.047 16.853063583374023 15.479146003723145 17.397407237374896
1410.067 16.570226669311523 15.479146003723145 17.225152319172533
1410.082 16.550460815429688 12.730220794677734 17.00984184092357
1410.097 16.50446319580078 12.730220794677734 16.751475802628008
1410.122 16.28514862060547 12.730220794677734 16.45461193935073
1410.132 16.089519500732422 12.730220794677734 16.138404188023287
1410.147 15.803820610046387 12.730220794677734 15.817116866776583
1410.167 15.224685668945312 12.730220794677734 15.501113835906127
1410.182 15.017206192016602 12.730220794677734 15.197675742611452
1410.197 14.738710403442383 12.730220794677734 14.911671357864465
1410.217 14.37241268157959 12.730220794677734 14.646105697724025
1410.237 14.148820877075195 12.730220794677734 14.402564614578505
1410.247 13.937575340270996 12.730220794677734 14.181572842080246
1410.267 13.72935676574707 12.730220794677734 13.982880069533467
1410.282 13.617236137390137 10.88914680480957 13.754546541382537
1410.297 13.50995922088623 10.88914680480957 13.511313070819078
1410.317 13.230581283569336 10.88914680480957 13.264157794411668
1410.332 13.10750961303711 10.88914680480957 13.021057315601482
1410.347 12.812333106994629 10.88914680480957 12.787615566791821
1410.367 12.40803050994873 10.88914680480957 12.56758040137202
1410.382 12.267202377319336 10.88914680480957 12.363265375749375
1410.402 12.267202377319336 10.88914680480957 12.175891868052796
1410.422 11.67896842956543 10.88914680480957 12.005864601487364
1410.437 11.37403678894043 10.88914680480957 11.852991787595723
1410.447 11.34560775756836 10.88914680480957 11.716659465362296
1410.472 11.29710865020752 10.88914680480957 11.595968171252116
1410.487 11.367961883544922 10.88914680480957 11.489838816696334
1410.497 11.392858505249023 10.88914680480957 11.39709355654008
1410.522 11.470802307128906 10.88914680480957 11.316516488000996
1410.532 11.470802307128906 10.88914680480957 11.246898208745073
1410.557 11.448657035827637 9.813027381896973 11.157175360295618
1410.567 11.448657035827637 9.813027381896973 11.055536539160336
1410.582 11.418964385986328 9.813027381896973 10.948181238657877
1410.602 11.125560760498047 9.813027381896973 10.83971122001843
1410.622 10.521297454833984 9.813027381896973 10.733455376451548
1410.632 10.468771934509277 9.813027381896973 10.631737909838682
1410.647 10.264400482177734 9.813027381896973 10.536098432120875
1410.672 9.959092140197754 9.813027381896973 10.447471498790652
1410.682 9.876325607299805 9.813027381896973 10.36633208168387
1410.702 9.882676124572754 9.813027381896973 10.29281259069242
1410.717 9.893877983093262 9.813027381896973 10.226796254933808
1410.732 10.09061336517334 9.813027381896973 10.167990967610205
1410.747 10.11874771118164 9.813027381896973 10.115987078598954
1410.772 10.272933006286621 9.813027381896973 10.070302077567597
1410.782 10.326590538024902 9.813027381896973 10.030414640767253
1410.797 10.342732429504395 9.813027381896973 9.995790109384602
1410.822 10.250594139099121 9.813027381896973 9.965899119445591
1410.832 10.144083023071289 9.36606502532959 9.927815183856456
1410.847 9.99954605102539 9.36606502532959 9.884917524549175
1410.872 9.797412872314453 9.36606502532959 9.839761631753408
1410.882 9.725499153137207 9.36606502532959 9.794241668810535
1410.897 9.628531455993652 9.36606502532959 9.749725232481257
1410.917 9.524408340454102 9.36606502532959 9.707164558015021
1410.932 9.436126708984375 9.36606502532959 9.66718775393578
1410.947 9.420320510864258 9.36606502532959 9.630173190491512
1410.967 9.427277565002441 9.36606502532959 9.596309748550345
1410.982 9.4773588180542 9.36606502532959 9.565645261569655
1411.002 9.519047737121582 9.36606502532959 9.538125150323902
1411.017 9.549617767333984 9.36606502532959 9.513622955922733
1411.032 9.58425521850586 9.36606502532959 9.49196421846439
1411.047 9.59857177734375 9.36606502532959 9.472944923431877
1411.067 9.57269287109375 9.36606502532959 9.456345542571547
1411.092 9.500882148742676 9.36606502532959 9.44194152745974
1411.097 9.475385665893555 9.36606502532959 9.429510969341218
1411.122 9.44858169555664 9.36606502532959 9.418840015355809
1411.132 9.430909156799316 9.36606502532959 9.40972652639253
1411.147 9.391892433166504 9.36606502532959 9.401982373169707
1411.167 9.344755172729492 9.36606502532959 9.395434692597048
1411.182 9.33869457244873 9.36606502532959 9.389926364107536
1411.197 9.315896034240723 9.36606502532959 9.385315913736259
1411.217 9.339163780212402 9.36606502532959 9.381477010749007
1411.232 9.354575157165527 9.36606502532959 9.378297686247455
1411.247 9.366900444030762 9.36606502532959 9.375679374229605
1411.267 9.376810073852539 9.36606502532959 9.373535852047091
1411.282 9.381775856018066 9.36606502532959 9.371792138195277
1411.297 9.408914566040039 9.36606502532959 9.370383390142157
1411.317 9.408822059631348 9.36606502532959 9.369253832800933
1411.332 9.385114669799805 9.36606502532959 9.368355738728525
1411.347 9.368288040161133 9.36606502532959 9.367648473722186
1411.367 9.371129035949707 9.36606502532959 9.367097615795934
1411.382 9.37342643737793 9.36606502532959 9.36667415121876
1411.397 9.38393783569336 9.36606502532959 9.366353748112688
1411.417 9.366320610046387 9.36606502532959 9.36611610581326
1411.432 9.365607261657715 9.36606502532959 9.36594437659971
1411.447 9.359016418457031 9.36606502532959 9.36582465535316
1411.467 9.349477767944336 9.36606502532959 9.365745532072722
1411.482 9.345232009887695 9.36606502532959 9.36569770186986
1411.497 9.370527267456055 12.08273983001709 9.4087054317136
1411.517 9.449548721313477 12.08273983001709 9.494768721603938
1411.532 9.613027572631836 12.08273983001709 9.623887571540877
1411.547 9.762956619262695 12.08273983001709 9.784724204169764
1411.567 10.112627983093262 12.08273983001709 9.96382422922015
1411.582 10.373794555664062 12.08273983001709 10.151038017354619
1411.597 10.640031814575195 12.08273983001709 10.338866285366608
1411.617 10.927547454833984 12.08273983001709 10.521917478181628
1411.632 11.103891372680664 12.08273983001709 10.696460344623056
1411.657 11.216035842895508 12.08273983001709 10.860057163826703
1411.667 11.342202186584473 12.08273983001709 11.011264959442018
1411.682 11.380902290344238 12.08273983001709 11.149393738019116
1411.697 11.366975784301758 12.08273983001709 11.274312310329176
1411.717 11.33304500579834 12.08273983001709 11.386293607639173
1411.732 11.34899616241455 12.08273983001709 11.485892599473894
1411.747 11.39495849609375 12.08273983001709 11.573850966950317
1411.767 11.46186637878418 12.08273983001709 11.651023598901661
1411.782 11.564311027526855 12.08273983001709 11.718322769441604
1411.802 11.648297309875488 14.181622505187988 11.828677500028148
1411.817 11.826982498168945 14.181622505187988 11.973124645611993
1411.832 12.065899848937988 14.181622505187988 12.137992266977596
1411.847 12.393132209777832 14.181622505187988 12.312914905724966
1411.867 12.876203536987305 14.181622505187988 12.490184677419764
1411.882 13.083578109741211 14.181622505187988 12.664212400187049
1411.897 13.130402565002441 14.181622505187988 12.831082550689752
1411.917 13.395991325378418 14.181622505187988 12.988187825400033
1411.932 13.463006973266602 14.181622505187988 13.133930903406217
1411.947 13.545622825622559 14.181622505187988 13.267482654686576
1411.967 13.557339668273926 14.181622505187988 13.388587517404387
1411.982 13.528117179870605 14.181622505187988 13.497408085854353
1411.997 13.531951904296875 14.181622505187988 13.594402116377198
1412.017 13.546205520629883 14.181622505187988 13.6802261826537
1412.042 13.566542625427246 17.302885055541992 13.8091058089768
1412.047 13.615776062011719 17.302885055541992 13.981040995346502
1412.067 13.9168119430542 17.302885055541992 14.196031741762804
1412.082 14.22719669342041 17.302885055541992 14.436409930124494
1412.097 14.672932624816895 17.302885055541992 14.688305278909812
1412.117 15.084210395812988 17.302885055541992 14.941457498743539
1412.132 15.299461364746094 17.302885055541992 15.188478469303398
1412.147 15.695574760437012 17.302885055541992 15.424243683631861
1412.167 16.046443939208984 17.302885055541992 15.64539323841302
1412.182 16.325925827026367 17.302885055541992 15.849925193572115
1412.197 16.63842010498047 17.302885055541992 16.036866425456143
1412.217 16.82536506652832 14.402857780456543 16.18075209729357
1412.232 16.904617309570312 14.402857780456543 16.281582209084398
1412.247 16.80065155029297 14.402857780456543 16.339356760828622
1412.267 16.502790451049805 14.402857780456543 16.354075752526246
1412.282 16.23562240600586 14.402857780456543 16.32573918417727
1412.297 15.975467681884766 14.402857780456543 16.254347055781693
1412.317 15.621703147888184 14.402857780456543 16.151752435140644
1412.332 15.39936351776123 14.402857780456543 16.02964587972204
1412.347 15.329851150512695 14.402857780456543 15.896947620449943
1412.367 15.140769958496094 14.402857780456543 15.760344703381401
1412.382 15.10793399810791 14.402857780456543 15.624737974153032
1412.397 15.16480541229248 14.402857780456543 15.493612033511322
1412.417 15.23002815246582 14.402857780456543 15.369339712243818
1412.432 15.239715576171875 14.402857780456543 15.25343116071072
1412.447 15.273107528686523 14.402857780456543 15.146736326353226
1412.467 15.231837272644043 14.402857780456543 15.049608401543393
1412.482 15.181356430053711 14.402857780456543 14.96203475996082
1412.497 15.117435455322266 14.402857780456543 14.883740955958746
1412.517 14.998044967651367 14.402857780456543 14.814272530201366
1412.532 14.851251602172852 14.402857780456543 14.753058637416814
1412.547 14.73017692565918 14.402857780456543 14.699460879228855
1412.567 14.587167739868164 15.20033073425293 14.67496220629919
1412.582 14.531749725341797 15.20033073425293 14.671998396138111
1412.597 14.530325889587402 15.20033073425293 14.684550232044916
1412.622 14.586203575134277 15.20033073425293 14.707872951926207
1412.632 14.6516752243042 15.20033073425293 14.738266951765773
1412.647 14.740793228149414 15.20033073425293 14.772884424276224
1412.667 14.87527847290039 15.20033073425293 14.80956712224614
1412.682 15.018692970275879 15.20033073425293 14.846710934492704
1412.697 15.060275077819824 15.20033073425293 14.883153439294023
1412.717 15.104928016662598 15.20033073425293 14.91808104853099
1412.732 15.112842559814453 15.20033073425293 14.950952771166993
1412.747 15.112115859985352 15.20033073425293 14.981438004934219
1412.767 15.075929641723633 11.439473152160645 14.968867678654846
1412.782 15.02125072479248 11.439473152160645 14.913241792328872
1412.797 14.852746963500977 11.439473152160645 14.814560345956298
1412.817 14.529902458190918 11.439473152160645 14.672823339537125
1412.832 14.345024108886719 11.439473152160645 14.488030773071351
1412.847 14.150151252746582 11.439473152160645 14.270913938198778
1412.867 13.600299835205078 11.439473152160645 14.03666240193231
1412.882 13.38302993774414 11.439473152160645 13.796637984383993
1412.897 13.001133918762207 11.439473152160645 13.559143680963015
1412.917 12.732277870178223 11.439473152160645 13.330059690634616
1412.932 12.58020305633545 11.439473152160645 13.11336653607117
1412.947 12.530475616455078 11.439473152160645 12.911572735210795
1412.967 12.50851058959961 11.439473152160645 12.726062188226038
1412.982 12.471632957458496 10.879977226257324 12.54183282244685
1413.002 12.417262077331543 10.879977226257324 12.36363911942927
1413.017 12.36855411529541 10.879977226257324 12.194720800235116
1413.032 12.297056198120117 10.879977226257324 12.037142015333291
1413.047 12.174521446228027 10.879977226257324 11.89206708543281
1413.067 11.817956924438477 10.879977226257324 11.759983111016105
1413.092 11.70691204071045 10.879977226257324 11.640878320842864
1413.097 11.538145065307617 10.879977226257324 11.53438374592445
1413.117 11.308032989501953 10.879977226257324 11.439884674697502
1413.132 11.190102577209473 10.879977226257324 11.356607355413406
1413.147 11.107015609741211 10.879977226257324 11.283685550632821
1413.167 11.05291748046875 10.879977226257324 11.220210803659702
1413.182 11.00467586517334 10.879977226257324 11.1652696355755
1413.197 11.026636123657227 10.879977226257324 11.11797034261934
1413.217 11.03271770477295 10.879977226257324 11.077461596111183
1413.232 11.086982727050781 10.879977226257324 11.042944650866348
1413.257 11.078967094421387 10.879977226257324 11.013680633906276
1413.267 11.110212326049805 10.879977226257324 10.988994104917456
1413.282 11.082961082458496 10.879977226257324 10.968273845894942
1413.297 11.070359230041504 10.879977226257324 10.950971643100331
1413.317 11.041723251342773 10.879977226257324 10.936599664012972
1413.332 10.98022747039795 10.879977226257324 10.924726900222133
1413.347 10.92585563659668 10.879977226257324 10.914975039718792
1413.367 10.8782377243042 10.879977226257324 10.907014044915723
1413.382 10.866083145141602 10.879977226257324 10.900557642605648
1413.397 10.829665184020996 10.879977226257324 10.895358876087304
1413.417 10.832220077514648 10.879977226257324 10.891205825397247
1413.432 10.824419021606445 10.879977226257324 10.887917566899876
1413.447 10.824321746826172 10.879977226257324 10.885340416651163
1413.467 10.869564056396484 10.879977226257324 10.88334448148452
1413.482 10.88244342803955 10.879977226257324 10.881820526434076
1413.497 10.88941764831543 10.879977226257324 10.880677155882415
1413.517 10.930355072021484 11.452740669250488 10.895748395143924
1413.532 10.927518844604492 11.452740669250488 10.922021458953227
1413.552 11.001620292663574 11.452740669250488 10.95559268945209
1413.567 11.059894561767578 11.452740669250488 10.993461738359498
1413.582 11.120826721191406 11.452740669250488 11.03335897226126
1413.597 11.1476469039917 11.452740669250488 11.073601482099464
1413.617 11.15731430053711 11.452740669250488 11.112973592074914
1413.632 11.238126754760742 11.452740669250488 11.150628245659297
1413.647 11.246774673461914 11.452740669250488 11.186006092813459
1413.667 11.273138046264648 11.452740669250488 11.218769510647265
1413.682 11.270380020141602 11.452740669250488 11.24874915913869
1413.697 11.267868995666504 11.452740669250488 11.275901004875363
1413.717 11.297295570373535 11.452740669250488 11.300272040663783
1413.732 11.312325477600098 11.452740669250488 11.321973189410087
1413.747 11.33154582977295 11.452740669250488 11.34115810939872
1413.767 11.35573959350586 11.452740669250488 11.358006817648487
1413.782 11.354050636291504 11.452740669250488 11.372713221130834
1413.797 11.3844575881958 11.452740669250488 11.385475794977731
1413.817 11.367175102233887 11.452740669250488 11.396490774970777
1413.832 11.404651641845703 11.452740669250488 11.405947341029332
1413.847 11.403648376464844 11.452740669250488 11.414024361373281
1413.867 11.414993286132812 11.452740669250488 11.42088834560919
1413.882 11.408333778381348 11.452740669250488 11.426692321070268
1413.897 11.45875072479248 11.452740669250488 11.43157540203431
1413.917 11.470541000366211 11.452740669250488 11.43566286747038
1413.932 11.448570251464844 11.452740669250488 11.439066601071426
1413.947 11.465282440185547 11.452740669250488 11.441885778702028
1413.967 11.441027641296387 11.452740669250488 11.444207714064543
1413.982 11.4407958984375 11.452740669250488 11.446108794264367
1413.997 11.440260887145996 11.452740669250488 11.44765545381498
1414.017 11.439051628112793 11.452740669250488 11.448905149135783
1414.032 11.4198637008667 11.452740669250488 11.449907306333747
1414.047 11.436097145080566 11.452740669250488 11.450704223511154
1414.072 11.427082061767578 13.726372718811035 11.494556700735162
1414.082 11.485213279724121 13.726372718811035 11.581464738005769
1414.097 11.680730819702148 13.726372718811035 11.703329613558148
1414.117 11.910553932189941 13.726372718811035 11.846861753577468
1414.132 12.137829780578613 13.726372718811035 12.001935095172614
1414.147 12.44404411315918 13.726372718811035 12.160972037788488
1414.167 12.706367492675781 13.726372718811035 12.318431867766071
1414.182 12.79030990600586 13.726372718811035 12.470387549087242
1414.202 12.905607223510742 13.726372718811035 12.614177599031224
1414.217 13.032773971557617 13.726372718811035 12.748121444804928
1414.232 13.064342498779297 13.726372718811035 12.8712881816314
1414.247 13.076591491699219 13.726372718811035 12.983310025269557
1414.267 13.105506896972656 13.726372718811035 13.084232977417361
1414.282 13.103042602539062 13.726372718811035 13.17439830853123
1414.297 13.156991004943848 13.726372718811035 13.254349418604223
1414.317 13.210007667541504 15.452858924865723 13.372717427852429
1414.332 13.292946815490723 15.452858924865723 13.515329547008658
1414.347 13.398770332336426 15.452858924865723 13.671355163073166
1414.367 13.829458236694336 15.452858924865723 13.832659739714305
1414.382 14.122403144836426 15.452858924865723 13.99326688820551
1414.397 14.41543197631836 15.452858924865723 14.148912903053903
1414.417 14.77199935913086 15.452858924865723 14.296679938001494
1414.432 14.822686195373535 15.452858924865723 14.43469573051547
1414.447 14.898167610168457 15.452858924865723 14.56188936034861
1414.467 14.955915451049805 15.452858924865723 14.67779395033428
1414.482 14.94619369506836 15.452858924865723 14.782388489649541
1414.497 14.93325138092041 15.452858924865723 14.875972088645211
1414.517 14.920694351196289 15.452858924865723 14.959064969220183
1414.532 14.89441967010498 17.948495864868164 15.085213409841755
1414.552 14.979015350341797 17.948495864868164 15.254417410509927
1414.567 15.201236724853516 17.948495864868164 15.45051579558214
1414.582 15.484256744384766 17.948495864868164 15.66044131114853
1414.602 15.80345630645752 17.948495864868164 15.874445005101885
1414.617 16.343259811401367 17.948495864868164 16.08542684583131
1414.632 16.65675163269043 17.948495864868164 16.288382417830004
1414.647 16.818166732788086 17.948495864868164 16.479948175324484
1414.667 17.124055862426758 17.948495864868164 16.658029960996018
1414.682 17.281097412109375 17.948495864868164 16.821501516942387
1414.697 17.418983459472656 19.230998992919922 17.005586622046884
1414.717 17.4847469329834 19.230998992919922 17.19933129473493
1414.742 17.59889030456543 19.230998992919922 17.394616860356855
1414.747 17.59889030456543 19.230998992919922 17.585582132947746
1414.767 17.707069396972656 19.230998992919922 17.768146604138284
1414.782 17.818798065185547 19.230998992919922 17.939619265276225
1414.797 17.93035316467285 19.230998992919922 18.098379666067487
1414.817 18.211515426635742 19.230998992919922 18.243619602205055
1414.832 18.3837833404541 19.230998992919922 18.37513542911595
1414.847 18.526771545410156 19.230998992919922 18.49316242682195
1414.867 18.716022491455078 16.42795181274414 18.56813386448135
1414.882 18.76328468322754 16.42795181274414 18.60004974209415
1414.897 18.819875717163086 16.42795181274414 18.58891005966035
1414.917 18.665040969848633 16.42795181274414 18.53471481717995
1414.932 18.489768981933594 16.42795181274414 18.43746401465295
1414.952 18.235984802246094 16.42795181274414 18.311947818403524
1414.967 17.752159118652344 16.42795181274414 18.169661318441314
1414.982 17.625045776367188 16.42795181274414 18.019308504255083
1414.997 17.467493057250977 16.42795181274414 17.8673512991572
1415.017 17.218564987182617 14.487207412719727 17.672338534012717
1415.032 17.079391479492188 14.487207412719727 17.44410351483176
1415.052 16.977027893066406 14.487207412719727 17.198399076387467
1415.067 16.742124557495117 14.487207412719727 16.947000011731298
1415.082 16.370656967163086 14.487207412719727 16.698503106454076
1415.097 16.244977951049805 14.487207412719727 16.45898877455548
1415.122 16.03704261779785 14.487207412719727 16.232565130025545
1415.132 15.87182331085205 14.487207412719727 16.021812690920484
1415.147 15.739535331726074 14.487207412719727 15.828145517168572
1415.167 15.569350242614746 14.054633140563965 15.64008647435273
1415.182 15.4426851272583 14.054633140563965 15.461270454803532
1415.202 15.312931060791016 14.054633140563965 15.294045713964433
1415.217 15.120448112487793 14.054633140563965 15.13977318820412
1415.232 14.9865083694458 14.054633140563965 14.99906843144366
1415.247 14.86728572845459 14.054633140563965 14.87199570813919
1415.267 14.734419822692871 14.054633140563965 14.758222406847826
1415.282 14.585135459899902 14.054633140563965 14.657140727612633
1415.297 14.492114067077637 14.054633140563965 14.567962535379563
1415.317 14.433847427368164 14.054633140563965 14.48979234758698
1415.332 14.388017654418945 14.054633140563965 14.421682623812591
1415.347 14.329841613769531 14.054633140563965 14.362674836071434
1415.367 14.30923843383789 14.054633140563965 14.311829207738931
1415.392 14.26475715637207 14.054633140563965 14.268245505574132
1415.397 14.246253967285156 14.054633140563965 14.23107684224196
1415.417 14.226729393005371 14.054633140563965 14.19953808628974
1415.432 14.22441577911377 14.054633140563965 14.172910173855572
1415.447 14.208740234375 14.054633140563965 14.150541363514874
1415.467 14.156888008117676 14.054633140563965 14.131846265519169
1415.482 14.138906478881836 14.054633140563965 14.116303302981583
1415.497 14.104578018188477 14.054633140563965 14.103451119813483
1415.517 14.094287872314453 14.054633140563965 14.092884333612327
1415.532 14.076908111572266 14.054633140563965 14.084248937073246
1415.547 14.08249568939209 14.054633140563965 14.077237575247887
1415.567 14.080465316772461 14.953133583068848 14.096543213242876
1415.582 14.069812774658203 14.953133583068848 14.134173099608876
1415.597 14.131996154785156 14.953133583068848 14.183890088973014
1415.617 14.269514083862305 14.953133583068848 14.240888474347484
1415.632 14.377523422241211 14.953133583068848 14.301521904773988
1415.647 14.478938102722168 14.953133583068848 14.363076188635427
1415.667 14.58804988861084 14.953133583068848 14.423580576048238
1415.682 14.679397583007812 14.953133583068848 14.481651860084938
1415.697 14.679732322692871 14.953133583068848 14.536366328679879
1415.717 14.698843955993652 14.953133583068848 14.587155233082772
1415.737 14.704106330871582 14.953133583068848 14.633720013492132
1415.747 14.714507102966309 14.953133583068848 14.67596403884448
1415.767 14.72335147857666 15.485987663269043 14.728739581637107
1415.782 14.724929809570312 15.485987663269043 14.787596724320267
1415.797 14.749860763549805 15.485987663269043 14.849177426034485
1415.817 14.89042854309082 15.485987663269043 14.91099943645467
1415.832 14.955802917480469 15.485987663269043 14.97127710653088
1415.847 15.027765274047852 15.485987663269043 15.028773619484404
1415.867 15.100451469421387 15.485987663269043 15.082679844348021
1415.882 15.213273048400879 15.485987663269043 15.132515634175634
1415.897 15.277571678161621 15.485987663269043 15.178049951314652
1415.917 15.341259956359863 15.485987663269043 15.219236704149054
1415.937 15.349997520446777 15.485987663269043 15.256163626042435
1415.947 15.372832298278809 15.485987663269043 15.28901192122033
1415.967 15.366280555725098 14.379146575927734 15.287279158940231
1415.982 15.313680648803711 14.379146575927734 15.260811438283485
1415.997 15.229493141174316 14.379146575927734 15.217352212361691
1416.017 15.056342124938965 14.379146575927734 15.162922942097001
1416.032 14.894208908081055 14.379146575927734 15.102143731213731
1416.047 14.825136184692383 14.379146575927734 15.038502041237175
1416.072 14.718694686889648 14.379146575927734 14.974576732858699
1416.082 14.692962646484375 14.379146575927734 14.912223867825437
1416.097 14.714433670043945 14.379146575927734 14.852729944709042
1416.117 14.692760467529297 14.379146575927734 14.79693753907199
1416.132 14.674905776977539 14.379146575927734 14.745347676780902
1416.147 14.692036628723145 14.379146575927734 14.698202689038773
1416.167 14.7066650390625 10.89612102508545 14.608002141250044
1416.182 14.634675979614258 10.89612102508545 14.474746033414714
1416.197 14.577402114868164 10.89612102508545 14.298434365532785
1416.217 14.221992492675781 10.89612102508545 14.079067137604255
1416.232 13.837352752685547 10.89612102508545 13.833438781815785
1416.247 13.4674072265625 10.89612102508545 13.575812962043791
1416.267 12.961069107055664 10.89612102508545 13.316745233445463
1416.282 12.7090425491333 10.89612102508545 13.063840463421268
1416.297 12.116559982299805 10.89612102508545 12.822377613517583
1416.317 11.889967918395996 10.89612102508545 12.595822108283691
1416.332 11.743858337402344 10.89612102508545 12.386243408978018
1416.347 11.720734596252441 10.89612102508545 12.194653051480215
1416.367 11.746597290039062 10.89612102508545 12.021276293608965
1416.387 11.793963432312012 10.89612102508545 11.865768636755268
1416.397 11.844978332519531 9.084280014038086 11.677057904062245
1416.417 11.818546295166016 9.084280014038086 11.469793599518821
1416.432 11.647003173828125 9.084280014038086 11.254989911150188
1416.447 11.50935173034668 9.084280014038086 11.040749767561962
1416.467 10.928455352783203 9.084280014038086 10.832864613445125
1416.482 10.581231117248535 9.084280014038086 10.635308456572234
1416.497 10.33997917175293 9.084280014038086 10.450642419168195
1416.517 9.816754341125488 9.084280014038086 10.28034391321153
1416.532 9.622766494750977 9.084280014038086 10.125072652460956
1416.547 9.525403022766113 9.084280014038086 9.984884008245652
1416.567 9.477930068969727 9.084280014038086 9.859398701736588
1416.582 9.48633861541748 9.084280014038086 9.747936490355228
1416.597 9.517645835876465 9.084280014038086 9.649620336469498
1416.617 9.590109825134277 9.084280014038086 9.56345652815418
1416.632 9.655038833618164 9.084280014038086 9.48839534002094
1416.647 9.638040542602539 9.084280014038086 9.42337606274198
1416.667 9.631300926208496 9.084280014038086 9.367359579317448
1416.682 9.587226867675781 9.084280014038086 9.319351111612987
1416.697 9.501973152160645 9.084280014038086 9.278415290409356
1416.717 9.320923805236816 9.084280014038086 9.24368530535663
1416.732 9.227130889892578 9.084280014038086 9.214367558027996
1416.747 9.15090274810791 9.084280014038086 9.189742962943507
1416.767 9.058844566345215 9.084280014038086 9.16916581016611
1416.782 8.996430397033691 9.084280014038086 9.152060911952423
1416.797 8.978041648864746 9.084280014038086 9.137919598902473
1416.817 9.019991874694824 9.084280014038086 9.126295002801768
1416.832 9.02662467956543 9.084280014038086 9.116796959291756
1416.847 9.092597007751465 9.084280014038086 9.10908677967645
1416.867 9.119891166687012 9.084280014038086 9.102872074170914
1416.882 9.166990280151367 9.084280014038086 9.097901755815112
1416.897 9.184896469116211 9.084280014038086 9.093961312644737
1416.917 9.191522598266602 9.084280014038086 9.090868403441515
1416.932 9.181761741638184 9.084280014038086 9.088468807722393
1416.947 9.142582893371582 9.084280014038086 9.086632742100223
1416.967 9.125519752502441 10.89279556274414 9.127852236524653
1416.982 9.14361572265625 10.89279556274414 9.206419082206324
1416.997 9.163163185119629 10.89279556274414 9.309569116462779
1417.017 9.341374397277832 10.89279556274414 9.42747182313968
1417.032 9.56336498260498 10.89279556274414 9.55267220263948
1417.047 9.78365707397461 10.89279556274414 9.679624792205653
1417.067 10.050506591796875 10.89279556274414 9.80430667110438
1417.082 10.247054100036621 10.89279556274414 9.923897821505435
1417.097 10.403083801269531 10.89279556274414 10.036518639811844
1417.117 10.502705574035645 10.89279556274414 10.141015697163045
1417.132 10.510309219360352 10.89279556274414 10.236788029609418
1417.152 10.467764854431152 9.110342979431152 10.28950480200919
1417.167 10.39598560333252 9.110342979431152 10.299166014362363
1417.182 10.255813598632812 9.110342979431152 10.273067017546731
1417.197 10.124871253967285 9.110342979431152 10.222064843564604
1417.217 9.813666343688965 9.110342979431152 10.154632120183987
1417.232 9.7006254196167 9.110342979431152 10.077297301377644
1417.247 9.629691123962402 9.110342979431152 9.995014170631215
1417.267 9.590252876281738 9.110342979431152 9.911470392493325
1417.282 9.516786575317383 9.110342979431152 9.829343811156077
1417.297 9.514373779296875 9.110342979431152 9.750514181669006
1417.322 9.54981803894043 9.110342979431152 9.676237079784444
1417.332 9.576257705688477 9.110342979431152 9.607285875659748
1417.347 9.601820945739746 9.110342979431152 9.544066876276391
1417.367 9.611846923828125 9.110342979431152 9.486712040372334
1417.382 9.59798812866211 9.110342979431152 9.435153044927526
1417.397 9.5367431640625 9.110342979431152 9.389179929526836
1417.417 9.47757339477539 9.110342979431152 9.348487059191779
1417.432 9.419975280761719 9.110342979431152 9.312708722036279
1417.447 9.297685623168945 9.110342979431152 9.281446309722602
1417.467 9.211148262023926 9.110342979431152 9.254288710578127
1417.482 9.134031295776367 9.110342979431152 9.230827271976958
1417.497 9.097685813903809 9.110342979431152 9.210666455072996
1417.517 9.090470314025879 9.110342979431152 9.193431106420118
1417.532 9.10317611694336 9.110342979431152 9.178771103038693
1417.547 9.133990287780762 9.110342979431152 9.16636398608905
1417.567 9.16434383392334 9.110342979431152 9.155916079888994
1417.582 9.154483795166016 9.110342979431152 9.147162494344137
1417.597 9.171271324157715 9.110342979431152 9.139866327089852
1417.617 9.19216251373291 9.110342979431152 9.133817314256035
1417.632 9.183598518371582 9.110342979431152 9.128830123556924
1417.647 9.174052238464355 9.110342979431152 9.12474243846142
1417.667 9.148966789245605 9.110342979431152 9.12141294585526
1417.682 9.15611743927002 11.735868453979492 9.161139013295701
1417.697 9.185738563537598 11.735868453979492 9.243920640782742
1417.717 9.349081039428711 11.735868453979492 9.369757828316382
1417.732 9.481637001037598 11.735868453979492 9.525666446202322
1417.747 9.730920791625977 11.735868453979492 9.698795460003364
1417.767 10.210077285766602 11.735868453979492 9.879456617515213
1417.782 10.373418807983398 11.735868453979492 10.060497445231944
1417.797 10.56353759765625 11.735868453979492 10.236781457517651
1417.817 10.817486763000488 11.735868453979492 10.404759640184928
1417.832 10.900465965270996 11.735868453979492 10.562119250632044
1417.847 10.93165111541748 11.735868453979492 10.70749778373215
1417.867 11.004082679748535 11.735868453979492 10.8402515852366
1417.882 11.009855270385742 11.735868453979492 10.960270056635396
1417.897 11.038966178894043 11.735868453979492 11.06782769487117
1417.917 11.099902153015137 11.735868453979492 11.163467357039385
1417.932 11.127124786376953 11.735868453979492 11.247909145642401
1417.947 11.16823673248291 11.735868453979492 11.321980186205524
1417.967 11.289306640625 13.803754806518555 11.439106786815247
1417.982 11.40160083770752 13.803754806518555 11.588732189586862
1417.997 11.625483512878418 13.803754806518555 11.757492138472633
1418.022 12.254420280456543 13.803754806518555 11.935277401610556
1418.037 12.254420280456543 13.803754806518555 12.114592326449086
1418.047 12.540616989135742 13.803754806518555 12.290022538163155
1418.072 12.819256782531738 13.803754806518555 12.457795643583964
1418.082 12.952520370483398 13.803754806518555 12.615420791748837
1418.097 13.085775375366211 13.803754806518555 12.761394760568956
1418.117 13.161392211914062 13.803754806518555 12.894963884807327
1418.137 13.20279312133789 13.803754806518555 13.015932616774007
1418.147 13.197200775146484 13.803754806518555 13.124510824893708
1418.167 13.176748275756836 13.803754806518555 13.221193096121578
1418.182 13.195831298828125 13.803754806518555 13.306664327160737
1418.207 13.236836433410645 13.803754806518555 13.381726778453805
1418.217 13.261332511901855 16.987499237060547 13.499844789793473
1418.232 13.344021797180176 16.987499237060547 13.66101836117974
1418.247 13.723294258117676 16.987499237060547 13.865247492612609
1418.267 14.029289245605469 16.987499237060547 14.098340924625056
1418.282 14.348472595214844 16.987499237060547 14.345645620061731
1418.297 14.667862892150879 16.987499237060547 14.596265478485975
1418.317 15.099674224853516 16.987499237060547 14.842299540208824
1418.332 15.41215705871582 16.987499237060547 15.078212834158267
1418.352 15.738099098205566 16.987499237060547 15.30031976361529
1418.367 16.053348541259766 16.987499237060547 15.506362494483858
1418.382 16.335355758666992 16.987499237060547 15.695169140146955
1418.397 16.437679290771484 16.987499237060547 15.866378628740907
1418.417 16.461484909057617 19.760665893554688 16.08064367738146
1418.432 16.427671432495117 19.760665893554688 16.33642314240848
1418.447 16.54922103881836 19.760665893554688 16.614849619351602
1418.467 16.757160186767578 19.760665893554688 16.901772384889238
1418.482 17.131467819213867 19.760665893554688 17.18681407947556
1418.497 17.44466781616211 19.760665893554688 17.462589847565724
1418.517 17.869726181030273 19.760665893554688 17.724064596335676
1418.532 18.175556182861328 19.760665893554688 17.968027093247365
1418.547 18.460926055908203 19.760665893554688 18.192662406520547
1418.567 18.739702224731445 19.760665893554688 18.397206701341055
1418.582 18.92414093017578 22.11073875427246 18.644806556208163
1418.597 19.065582275390625 22.11073875427246 18.918529019637177
1418.617 19.45428466796875 22.11073875427246 19.203369282927863
1418.632 19.60188865661621 22.11073875427246 19.48826507226063
1418.647 19.84840965270996 22.11073875427246 19.765286882504693
1418.667 20.225351333618164 22.11073875427246 20.028970623430986
1418.682 20.458101272583008 22.11073875427246 20.275770865753568
1418.697 20.74485969543457 22.11073875427246 20.503615704657815
1418.717 20.92601776123047 22.11073875427246 20.71154681409596
1418.737 21.000930786132812 22.02096176147461 20.89693674734185
1418.747 21.12689971923828 22.02096176147461 21.061022450411283
1418.767 21.251569747924805 22.02096176147461 21.20528218549726
1418.782 21.312381744384766 22.02096176147461 21.33132609520658
1418.797 21.405502319335938 22.02096176147461 21.44081411025245
1418.817 21.52440643310547 22.02096176147461 21.535395733632317
1418.832 21.55262565612793 22.02096176147461 21.616667175615003
1418.847 21.61972999572754 22.02096176147461 21.68614211416917
1418.867 21.69727897644043 22.02096176147461 21.74523303250163
1418.882 21.733396530151367 20.529157638549805 21.761268390787492
1418.897 21.73629379272461 20.529157638549805 21.738535095078827
1418.917 21.725576400756836 20.529157638549805 21.688649078415853
1418.932 21.637271881103516 20.529157638549805 21.620689334966485
1418.947 21.500411987304688 20.529157638549805 21.541664525102227
1418.967 21.299026489257812 20.529157638549805 21.45690488497378
1418.982 21.14327621459961 20.529157638549805 21.370389717934344
1418.997 21.053991317749023 20.529157638549805 21.285019622636405
1419.017 20.944725036621094 19.471885681152344 21.173472885306378
1419.032 20.878313064575195 19.471885681152344 21.046264742378085
1419.047 20.807395935058594 19.471885681152344 20.911366152230165
1419.067 20.660236358642578 19.471885681152344 20.774703258472346
1419.082 20.579635620117188 19.471885681152344 20.640572139042753
1419.097 20.432100296020508 19.471885681152344 20.511981322661544
1419.117 20.26630210876465 19.471885681152344 20.39093302421076
1419.132 20.17347526550293 19.471885681152344 20.27865264991747
1419.147 20.113950729370117 20.735681533813477 20.209427835670777
1419.167 20.049924850463867 20.735681533813477 20.17443487962345
1419.182 20.08175277709961 20.735681533813477 20.164946781438086
1419.207 20.1763858795166 20.735681533813477 20.174000722653993
1419.217 20.259395599365234 20.735681533813477 20.196091626773473
1419.232 20.352705001831055 20.735681533813477 20.22691205115832
1419.247 20.469633102416992 20.735681533813477 20.26313250861547
1419.267 20.555585861206055 20.735681533813477 20.30221686577144
1419.282 20.58614730834961 22.551353454589844 20.384356782974013
1419.297 20.6137638092041 22.551353454589844 20.503418080690164
1419.317 20.770647048950195 22.551353454589844 20.64563244194726
1419.337 20.908336639404297 22.551353454589844 20.800489432397367
1419.357 21.0482177734375 22.551353454589844 20.960105390065564
1419.367 21.206262588500977 22.551353454589844 21.11869816377203
1419.382 21.468324661254883 22.551353454589844 21.27215230036968
1419.407 21.710386276245117 22.551353454589844 21.41766113176516
1419.417 21.814146041870117 22.551353454589844 21.553433915478355
1419.432 21.876558303833008 22.551353454589844 21.67845773188879
1419.447 21.913116455078125 22.551353454589844 21.79230523773966
1419.467 21.938112258911133 22.551353454589844 21.894980623473383
1419.482 21.970176696777344 22.551353454589844 21.98679722894258
1419.497 22.011859893798828 22.551353454589844 22.06828124718693
1419.517 22.072240829467773 22.551353454589844 22.14009679955216
1419.532 22.120195388793945 22.551353454589844 22.202988408184222
1419.547 22.164997100830078 22.551353454589844 22.257737534628486
1419.567 22.256999969482422 24.12318992614746 22.348792535162872
1419.582 22.379016876220703 24.12318992614746 22.463337439091127
1419.597 22.49346923828125 24.12318992614746 22.591534970219094
1419.617 22.825023651123047 24.12318992614746 22.725955841069
1419.632 23.09575080871582 24.12318992614746 22.861102858492355
1419.647 23.202877044677734 24.12318992614746 22.993016196740392
1419.667 23.424331665039062 24.12318992614746 23.118947805182575
1419.682 23.556955337524414 25.895288467407227 23.286319371366904
1419.697 23.624086380004883 25.895288467407227 23.47874036266401
1419.717 23.899429321289062 25.895288467407227 23.68376841349489
1419.732 24.002161026000977 25.895288467407227 23.892136299243763
1419.747 24.196308135986328 25.895288467407227 24.09710973587109
1419.767 24.44189453125 25.895288467407227 24.293956776844585
1419.782 24.644704818725586 25.895288467407227 24.479511927122186
1419.797 24.813720703125 25.895288467407227 24.65182024563369
1419.817 24.925922393798828 27.616079330444336 24.857648410076486
1419.832 25.106014251708984 27.616079330444336 25.081781680666044
1419.847 25.31542205810547 27.616079330444336 25.31280768555783
1419.867 25.54623031616211 27.616079330444336 25.5423560935702
1419.882 25.933429718017578 27.616079330444336 25.764469211842037
1419.897 26.180742263793945 27.616079330444336 25.975083896425257
1419.917 26.496837615966797 27.616079330444336 26.171607628519546
1419.932 26.698949813842773 25.936796188354492 26.325075800567234
1419.947 26.8348388671875 25.936796188354492 26.435488412568322
1419.967 26.8175048828125 25.936796188354492 26.502845464522807
1419.982 26.7231388092041 25.936796188354492 26.535394424783412
1419.997 26.60602378845215 25.936796188354492 26.54209344863177
1420.017 26.31760597229004 25.936796188354492 26.53008060108481
1420.032 26.121301651000977 25.936796188354492 26.50499126955881
1420.047 26.00194549560547 23.454092025756836 26.436846377986214
1420.067 25.86554718017578 23.454092025756836 26.325645926367017
1420.082 25.79530143737793 23.454092025756836 26.17138991470122
1420.097 25.709074020385742 23.454092025756836 25.985359270498485
1420.117 25.530046463012695 23.454092025756836 25.781724325214014
1420.132 25.32999610900879 23.454092025756836 25.57112949126236
1420.147 25.156909942626953 23.454092025756836 25.361396594310918
1420.172 24.864046096801758 21.19890785217285 25.108608137312874
1420.182 24.742464065551758 21.19890785217285 24.81884028317324
1420.197 24.56892967224121 21.19890785217285 24.510619636194267
1420.217 24.093952178955078 21.19890785217285 24.197736173484465
1420.232 23.594663619995117 21.19890785217285 23.890202234440533
1420.247 23.230051040649414 21.19890785217285 23.59504473092037
1420.267 22.829349517822266 21.19890785217285 23.31695582640679
1420.282 22.617250442504883 19.406675338745117 23.009039868516492
1420.297 22.429630279541016 19.406675338745117 22.688301078091644
1420.317 22.136369705200195 19.406675338745117 22.36728200298098
1420.332 21.880603790283203 19.406675338745117 22.05497925464394
1420.347 21.64876937866211 19.406675338745117 21.75759828428011
1420.367 21.308027267456055 19.406675338745117 21.479171837948332
1420.382 21.08646011352539 19.406675338745117 21.222063535653152
1420.397 20.806673049926758 19.406675338745117 20.987375134300123
1420.417 20.615568161010742 19.406675338745117 20.775273451230802
1420.432 20.481670379638672 18.20245361328125 20.551800022989912
1420.457 20.1838436126709 18.20245361328125 20.32638444008719
1420.467 20.12590217590332 18.20245361328125 20.105838524328167
1420.482 19.97516441345215 18.20245361328125 19.894908812693608
1420.497 19.744144439697266 18.20245361328125 19.69672987314049
1420.517 19.35957908630371 18.20245361328125 19.513193957841345
1420.532 19.30173683166504 18.20245361328125 19.345250430109036
1420.547 19.128572463989258 18.20245361328125 19.193146545048393
1420.567 18.86220932006836 16.706506729125977 19.015065427577593
1420.582 18.706697463989258 16.706506729125977 18.823313992153548
1420.597 18.65669822692871 16.706506729125977 18.62709192504905
1420.617 18.27164077758789 16.706506729125977 18.43311651884996
1420.632 18.06316566467285 16.706506729125977 18.246139425889666
1420.647 17.848995208740234 16.706506729125977 18.06937159932664
1420.667 17.661487579345703 16.706506729125977 17.904830631447496
1420.682 17.564170837402344 16.706506729125977 17.753622828362293
1420.697 17.475589752197266 16.706506729125977 17.61617067703954
1420.717 17.37507438659668 17.228246688842773 17.506887636493243
1420.732 17.332820892333984 17.228246688842773 17.42082809858563
1420.747 17.330821990966797 17.228246688842773 17.353802613528245
1420.767 17.353755950927734 17.228246688842773 17.3022800186225
1420.782 17.38569450378418 17.228246688842773 17.263299011437454
1420.797 17.417173385620117 17.228246688842773 17.234388947801666
1420.817 17.392698287963867 17.228246688842773 17.213499450967678
1420.832 17.372602462768555 17.228246688842773 17.198938290751265
1420.847 17.337059020996094 17.228246688842773 17.189316915065465
1420.867 17.25533676147461 17.228246688842773 17.183502978683872
1420.882 17.21564292907715 17.228246688842773 17.180579205330368
1420.897 17.13716697692871 17.228246688842773 17.179807931372576
1420.917 17.114871978759766 17.228246688842773 17.18060070622874
1420.932 17.1097412109375 17.228246688842773 17.18249236118572
1420.947 17.100126266479492 17.228246688842773 17.185119000888868
1420.967 17.13036346435547 17.228246688842773 17.188199417427658
1420.982 17.1557674407959 17.228246688842773 17.191519473556948
1420.997 17.191131591796875 17.228246688842773 17.194919047598233
1421.017 17.20875358581543 17.228246688842773 17.198281176853165
1421.032 17.23329734802246 17.228246688842773 17.201523078189386
1421.047 17.249744415283203 18.641407012939453 17.24384322090304
1421.067 17.310617446899414 18.641407012939453 17.312993876383956
1421.082 17.438701629638672 18.641407012939453 17.399452213876767
1421.097 17.560766220092773 18.641407012939453 17.495912769152596
1421.117 17.698434829711914 18.641407012939453 17.59686212021019
1421.132 17.88390350341797 18.641407012939453 17.698224292578733
1421.147 18.00419807434082 18.641407012939453 17.7970667040212
1421.167 18.120359420776367 18.641407012939453 17.891357664010762
1421.182 18.178787231445312 18.641407012939453 17.97976755692008
1421.197 18.21833610534668 18.641407012939453 18.06150685456071
1421.217 18.253801345825195 20.043611526489258 18.175145152180807
1421.232 18.280929565429688 20.043611526489258 18.30848777960722
1421.247 18.4383487701416 20.043611526489258 18.452247880844343
1421.267 18.567468643188477 20.043611526489258 18.599480501596528
1421.282 18.719511032104492 20.043611526489258 18.745111965835697
1421.297 18.84624671936035 20.043611526489258 18.885550615724487
1421.317 19.114286422729492 20.043611526489258 19.018366674723968
1421.332 19.378456115722656 20.043611526489258 19.14203054167505
1421.347 19.493396759033203 20.043611526489258 19.255700230019738
1421.367 19.603343963623047 20.043611526489258 19.35904993217193
1421.382 19.681520462036133 21.501535415649414 19.49263070904703
1421.397 19.701969146728516 21.501535415649414 19.644166511504363
1421.417 19.822826385498047 21.501535415649414 19.8043607537452
1421.432 19.953346252441406 21.501535415649414 19.966310370509873
1421.447 20.055984497070312 21.501535415649414 20.125019404722426
1421.467 20.422649383544922 21.501535415649414 20.27699743674365
1421.482 20.521772384643555 21.501535415649414 20.41992997151961
1421.497 20.680660247802734 21.501535415649414 20.552409551467772
1421.517 20.807186126708984 21.501535415649414 20.673717858561393
1421.537 21.00489616394043 23.047822952270508 20.82660284744557
1421.552 21.055150985717773 23.047822952270508 20.99787098545662
1421.567 21.230775833129883 23.047822952270508 21.177556264629278
1421.582 21.394407272338867 23.047822952270508 21.35828256990129
1421.597 21.598268508911133 23.047822952270508 21.534734768192365
1421.617 21.878854751586914 23.047822952270508 21.703222406079803
1421.632 22.10777473449707 23.047822952270508 21.861321896477268
1421.647 22.184200286865234 23.047822952270508 22.007584895024632
1421.667 22.26793670654297 21.41939353942871 22.110792333525396
1421.682 22.376678466796875 21.41939353942871 22.17094421197956
1421.697 22.362808227539062 21.41939353942871 22.193176647567746
1421.717 22.180936813354492 21.41939353942871 22.187615915276
1421.732 22.066864013671875 21.41939353942871 22.162291211216335
1421.747 21.868465423583984 21.41939353942871 22.123505791756745
1421.767 21.754398345947266 21.41939353942871 22.076150899334596
1421.782 21.695524215698242 21.41939353942871 22.02396996523151
1421.797 21.69957160949707 19.35131072998047 21.928733471081827
1421.817 21.633161544799805 19.35131072998047 21.790441416885542
1421.832 21.485050201416016 19.35131072998047 21.623578476162685
1421.847 21.3662166595459 19.35131072998047 21.440874816021527
1421.867 21.094806671142578 19.35131072998047 21.251893742731298
1421.887 20.769912719726562 19.35131072998047 21.063663331582617
1421.897 20.706823348999023 19.35131072998047 20.88119951803492
1421.917 20.50954246520996 19.35131072998047 20.7079368724766
1421.932 20.369752883911133 19.35131072998047 20.546081248942237
1421.947 20.280372619628906 17.657506942749023 20.34984653759282
1421.967 20.064064025878906 17.657506942749023 20.1344244452567
1421.982 19.878812789916992 17.657506942749023 19.91123534446381
1421.997 19.64204978942871 17.657506942749023 19.688679585615944
1422.017 19.305885314941406 17.657506942749023 19.4727598268766
1422.032 19.065261840820312 17.657506942749023 19.26759363981868
1422.047 18.921524047851562 17.657506942749023 19.07583324031961
1422.067 18.63193130493164 17.657506942749023 18.89900700002576
1422.082 18.460702896118164 17.657506942749023 18.737795414128815
1422.102 18.41586685180664 16.55569839477539 18.56164663420256
1422.117 18.33100128173828 16.55569839477539 18.379685887617697
1422.132 18.210704803466797 16.55569839477539 18.198614364056848
1422.147 18.05204963684082 16.55569839477539 18.023209882051404
1422.167 17.863283157348633 16.55569839477539 17.85673912697419
1422.182 17.652687072753906 16.55569839477539 17.701295064186905
1422.197 17.477279663085938 16.55569839477539 17.55807135512783
1422.217 17.228660583496094 16.55569839477539 17.427584002837794
1422.232 17.1695613861084 16.55569839477539 17.3098490217635
1422.247 17.093767166137695 16.55569839477539 17.204523656354134
1422.267 17.02532196044922 15.251397132873535 17.074786959166932
1422.282 16.963844299316406 15.251397132873535 16.93115927208634
1422.297 16.823774337768555 15.251397132873535 16.78156603417803
1422.317 16.58474349975586 15.251397132873535 16.63185285308446
1422.332 16.4164981842041 15.251397132873535 16.486212412618496
1422.347 16.245527267456055 15.251397132873535 16.347536337754843
1422.367 16.068761825561523 15.251397132873535 16.217703505062396
1422.382 15.951318740844727 15.251397132873535 16.09781479707961
1422.397 15.801648139953613 15.251397132873535 15.988382953894256
1422.417 15.742105484008789 15.251397132873535 15.889484970731425
1422.432 15.718138694763184 15.87979793548584 15.818338999919032
1422.452 15.70008659362793 15.87979793548584 15.769058248054181
1422.467 15.724750518798828 15.87979793548584 15.736816479362112
1422.482 15.75075626373291 15.87979793548584 15.717681586471395
1422.497 15.8198823928833 15.87979793548584 15.708471479235929
1422.522 15.843912124633789 15.87979793548584 15.706629971245516
1422.532 15.88581371307373 15.87979793548584 15.710120445610242
1422.547 15.891629219055176 15.87979793548584 15.717335216286004
1422.567 15.884687423706055 15.87979793548584 15.727018655612188
1422.582 15.82667064666748 15.87979793548584 15.73820232298091
1422.597 15.81182861328125 15.87979793548584 15.750150496298637
1422.617 15.761382102966309 15.87979793548584 15.762314671797297
1422.632 15.738472938537598 15.87979793548584 15.77429575505667
1422.647 15.725890159606934 15.87979793548584 15.785812814310896
1422.667 15.735103607177734 15.87979793548584 15.79667740468897
1422.682 15.715015411376953 15.87979793548584 15.80677259817346
1422.697 15.739161491394043 15.87979793548584 15.816035968491766
1422.717 15.786239624023438 15.87979793548584 15.824445883017583
1422.732 15.83226490020752 15.87979793548584 15.832010545476866
1422.747 15.862622261047363 15.87979793548584 15.838759314432947
1422.767 15.909684181213379 15.87979793548584 15.844735893899898
1422.787 15.893389701843262 15.87979793548584 15.849993054797432
1422.802 15.899908065795898 17.20723533630371 15.891461865115136
1422.817 15.930041313171387 17.20723533630371 15.957730445464332
1422.832 16.010683059692383 17.20723533630371 16.03993139987903
1422.847 16.13800811767578 17.20723533630371 16.13126719538888
1422.867 16.300081253051758 17.20723533630371 16.226612521186468
1422.882 16.50764274597168 17.20723533630371 16.322182862082606
1422.897 16.609756469726562 17.20723533630371 16.415259731827575
1422.917 16.70952606201172 17.20723533630371 16.503964145077344
1422.932 16.796335220336914 17.20723533630371 16.587070952833983
1422.947 16.851806640625 17.20723533630371 16.663857620724784
1422.967 16.84890365600586 18.536603927612305 16.770908801084907
1422.987 16.953697204589844 18.536603927612305 16.89667590405843
1422.997 16.959943771362305 18.536603927612305 17.032362553625767
1423.017 17.165325164794922 18.536603927612305 17.171389137446514
1423.032 17.254941940307617 18.536603927612305 17.30894749081279
1423.047 17.36412811279297 18.536603927612305 17.441632546605206
1423.067 17.756601333618164 18.536603927612305 17.567139376163013
1423.082 17.841524124145508 18.536603927612305 17.68401550917406
1423.097 17.961137771606445 18.536603927612305 17.791459750198516
1423.117 18.081317901611328 19.25153350830078 17.90901906330056
1423.132 18.15188217163086 19.25153350830078 18.030561974426387
1423.147 18.256898880004883 19.25153350830078 18.151583605082518
1423.167 18.370563507080078 19.25153350830078 18.268869939096408
1423.182 18.448078155517578 19.25153350830078 18.380221356509452
1423.197 18.547340393066406 19.25153350830078 18.48422632186215
1423.217 18.65609359741211 19.25153350830078 18.580077302896786
1423.232 18.712703704833984 19.25153350830078 18.66742206776195
1423.247 18.771955490112305 19.25153350830078 18.746244467443137
1423.267 18.783660888671875 19.25153350830078 18.816769660871103
1423.282 18.875415802001953 20.44816780090332 18.91262933484678
1423.297 18.961082458496094 20.44816780090332 19.023982617174656
1423.317 19.119510650634766 20.44816780090332 19.143346504872024
1423.332 19.27892303466797 20.44816780090332 19.265135662406156
1423.347 19.50082778930664 20.44816780090332 19.38527989744752
1423.367 19.65485191345215 20.44816780090332 19.50090793118301
1423.382 19.839176177978516 20.44816780090332 19.610087463888345
1423.397 19.920249938964844 21.67806053161621 19.745776496364776
1423.417 20.047046661376953 21.67806053161621 19.896694863101263
1423.432 20.158740997314453 21.67806053161621 20.05433540854135
1423.447 20.298166275024414 21.67806053161621 20.212414610789583
1423.467 20.47235870361328 21.67806053161621 20.36641709433448
1423.482 20.60982894897461 21.67806053161621 20.513220082324207
1423.502 20.77159881591797 21.67806053161621 20.65078557073627
1423.517 20.9207706451416 22.91834831237793 20.812362029236752
1423.532 21.045207977294922 22.91834831237793 20.986658113852613
1423.547 21.2132625579834 22.91834831237793 21.16522837191886
1423.567 21.444990158081055 22.91834831237793 21.341901502097713
1423.582 21.72061538696289 22.91834831237793 21.512307436523983
1423.597 21.743528366088867 22.91834831237793 21.673488382081263
1423.622 22.0223331451416 22.91834831237793 21.823580836797372
1423.632 22.111949920654297 22.91834831237793 21.961557304619717
1423.647 22.25922203063965 24.33218002319336 22.126291075793766
1423.667 22.33891487121582 24.33218002319336 22.305624975409003
1423.682 22.475671768188477 24.33218002319336 22.490440802460203
1423.697 22.681072235107422 24.33218002319336 22.674051570583696
1423.717 22.95996856689453 24.33218002319336 22.851698413513596
1423.732 23.150178909301758 24.33218002319336 23.020136475102326
1423.747 23.27271842956543 24.33218002319336 23.17729607466713
1423.767 23.49675750732422 24.33218002319336 23.32200723172706
1423.782 23.68674659729004 25.870891571044922 23.496519242292372
1423.797 23.786273956298828 25.870891571044922 23.687540974408165
1423.822 24.094524383544922 25.870891571044922 23.885088513612256
1423.832 24.19809341430664 25.870891571044922 24.081825448916256
1423.847 24.348783493041992 25.870891571044922 24.27251653599758
1423.867 24.588136672973633 25.870891571044922 24.453577790081653
1423.882 24.753122329711914 25.870891571044922 24.622708184188607
1423.902 24.974002838134766 25.870891571044922 24.778590061828577
1423.917 25.050262451171875 27.494091033935547 24.96573599559364
1423.932 25.217615127563477 27.494091033935547 25.17008933708398
1423.947 25.386524200439453 27.494091033935547 25.381098171556324
1423.967 25.670249938964844 27.494091033935547 25.59101541877625
1423.982 25.906896591186523 27.494091033935547 25.79431932656152
1423.997 26.13571548461914 27.494091033935547 25.98723634315547
1424.017 26.47347640991211 29.11722183227539 26.212437585963812
1424.037 26.582971572875977 29.11722183227539 26.454520266351558
1424.047 26.786828994750977 29.11722183227539 26.701976790487336
1424.067 27.240995407104492 29.11722183227539 26.946410776175696
1424.082 27.454450607299805 29.11722183227539 27.181888775710718
1424.097 27.578725814819336 29.11722183227539 27.40440726240993
1424.117 27.798500061035156 29.11722183227539 27.611457028715265
1424.132 27.959489822387695 30.570833206176758 27.842047593900865
1424.147 28.16236114501953 30.570833206176758 28.083103770457292
1424.167 28.44441032409668 30.570833206176758 28.324964296072032
1424.182 28.685832977294922 30.570833206176758 28.560682923198826
1424.197 28.866756439208984 30.570833206176758 28.78545211617462
1424.222 29.32754898071289 30.570833206176758 28.996130625492306
1424.232 29.41227912902832 29.559232711791992 29.16375357476339
1424.247 29.45897674560547 29.559232711791992 29.29486888532738
1424.267 29.46280288696289 29.559232711791992 29.396178296350747
1424.282 29.47400665283203 29.559232711791992 29.473312662544036
1424.297 29.47148895263672 29.559232711791992 29.530978958793025
1424.317 29.42111587524414 29.559232711791992 29.573091296806723
1424.332 29.405851364135742 29.559232711791992 29.60288684435924
1424.347 29.419851303100586 27.316267013549805 29.589626831865157
1424.367 29.41975975036621 27.316267013549805 29.533311259324474
1424.382 29.36365509033203 27.316267013549805 29.43394012673719
1424.397 29.241485595703125 27.316267013549805 29.303899890571433
1424.417 28.999895095825195 27.316267013549805 29.155492359786802
1424.432 28.755664825439453 27.316267013549805 28.998044033304076
1424.447 28.586528778076172 24.865890502929688 28.79754014677475
1424.467 28.304161071777344 24.865890502929688 28.553980700198824
1424.487 28.139057159423828 24.865890502929688 28.27698280647496
1424.497 27.876514434814453 24.865890502929688 27.983715079528555
1424.517 27.550071716308594 24.865890502929688 27.686933632277984
1424.532 27.04826545715332 24.865890502929688 27.395877948811552
1424.547 26.81710433959961 24.865890502929688 27.117010610245423
1424.567 26.362388610839844 22.137636184692383 26.79508771163269
1424.582 26.067811965942383 22.137636184692383 26.448421026885946
1424.597 25.758007049560547 22.137636184692383 26.101754342139202
1424.617 25.33800506591797 22.137636184692383 25.75508765739246
1424.632 25.021024703979492 22.137636184692383 25.408420972645715
1424.647 24.63790512084961 22.137636184692383 25.06175428789897
1424.667 24.44620132446289 19.009212493896484 24.715087603152227
1424.692 23.910493850708008 19.009212493896484 24.368420918405484
1424.697 23.910493850708008 19.009212493896484 24.02175423365874
1424.717 23.46218490600586 19.009212493896484 23.675087548911996
1424.732 23.07550811767578 19.009212493896484 23.328420864165253
1424.747 22.700611114501953 19.009212493896484 22.98175417941851
1424.772 22.366294860839844 19.009212493896484 22.635087494671765
1424.782 21.948556900024414 19.009212493896484 22.28842080992502
1424.797 21.585552215576172 15.516242027282715 21.941754125178278
1424.817 21.336101531982422 15.516242027282715 21.595087440431534
1424.837 20.860336303710938 15.516242027282715 21.24842075568479
1424.847 20.7596435546875 15.516242027282715 20.901754070938047
1424.867 20.191465377807617 15.516242027282715 20.555087386191303
1424.882 19.834659576416016 15.516242027282715 20.20842070144456
1424.897 19.45168113708496 15.516242027282715 19.861754016697816
1424.917 19.184307098388672 15.516242027282715 19.515087331951072
1424.932 18.953874588012695 15.516242027282715 19.16842064720433
1424.947 18.757566452026367 13.329655647277832 18.821753962457585
1424.967 18.37965202331543 13.329655647277832 18.47508727771084
1424.982 17.964778900146484 13.329655647277832 18.128420592964098
1424.997 17.731830596923828 13.329655647277832 17.781753908217354
1425.017 17.27851104736328 13.329655647277832 17.43508722347061
1425.032 16.944307327270508 13.329655647277832 17.088420538723867
1425.047 16.640134811401367 13.329655647277832 16.741753853977123
1425.067 16.24101448059082 13.329655647277832 16.39508716923038
1425.082 15.958202362060547 13.329655647277832 16.048420484483636
1425.097 15.696025848388672 13.329655647277832 15.704318011600856
1425.117 15.276479721069336 12.167754173278809 15.35947334980815
1425.132 15.11928939819336 12.167754173278809 15.023675805356596
1425.147 14.94179916381836 12.167754173278809 14.703689738740236
1425.167 14.361605644226074 12.167754173278809 14.403923733783047
1425.182 14.015848159790039 12.167754173278809 14.12697560705573
1425.197 13.690464973449707 12.167754173278809 13.874073297045287
1425.217 13.36491584777832 12.167754173278809 13.645428886893008
1425.232 13.164173126220703 12.167754173278809 13.44052053889178
1425.247 13.059310913085938 12.167754173278809 13.258314934230693
1425.272 12.907058715820312 12.167754173278809 13.097440895951967
1425.282 12.837947845458984 12.167754173278809 12.956323203683697
1425.297 12.806429862976074 12.167754173278809 12.833284162069534
1425.317 12.763070106506348 12.138349533081055 12.725802442356535
1425.332 12.72119426727295 12.138349533081055 12.632455740079598
1425.347 12.697672843933105 12.138349533081055 12.551832097645569
1425.367 12.649770736694336 12.138349533081055 12.48256619376772
1425.382 12.561920166015625 12.138349533081055 12.423364055440157
1425.397 12.482088088989258 12.138349533081055 12.373018786288887
1425.417 12.334800720214844 12.138349533081055 12.330419419760934
1425.432 12.315888404846191 12.138349533081055 12.294554599192217
1425.447 12.247444152832031 12.138349533081055 12.264512448247816
1425.467 12.174161911010742 12.138349533081055 12.239477714728077
1425.482 12.153634071350098 12.138349533081055 12.21872703962566
1425.497 12.131689071655273 11.115249633789062 12.173203569416165
1425.517 12.095925331115723 11.115249633789062 12.111190804050384
1425.532 12.02680492401123 11.115249633789062 12.039083287728323
1425.547 11.899028778076172 11.115249633789062 11.961744186810193
1425.567 11.823609352111816 11.115249633789062 11.882804092258445
1425.582 11.73481559753418 11.115249633789062 11.804909399592534
1425.597 11.648905754089355 11.115249633789062 11.729927653284664
1425.617 11.561028480529785 11.115249633789062 11.65911634499393
1425.637 11.471617698669434 11.115249633789062 11.593260831544876
1425.647 11.434013366699219 11.115249633789062 11.532786291001305
1425.667 11.417705535888672 11.115249633789062 11.477847962817467
1425.682 11.393289566040039 11.115249633789062 11.428403318240585
1425.697 11.365509986877441 11.115249633789062 11.384269275993463
1425.717 11.367584228515625 10.881842613220215 11.338683582057959
1425.732 11.316761016845703 10.881842613220215 11.293323807175302
1425.747 11.280352592468262 10.881842613220215 11.249385934822014
1425.767 11.236098289489746 10.881842613220215 11.207687589175327
1425.782 11.206987380981445 10.881842613220215 11.168752525135172
1425.797 11.150379180908203 10.881842613220215 11.132879342541683
1425.817 11.091184616088867 10.881842613220215 11.100196985671262
1425.832 11.040366172790527 10.881842613220215 11.070709230529651
1425.847 11.017091751098633 10.881842613220215 11.044330044308078
1425.867 10.977436065673828 10.881842613220215 11.020911421015848
1425.882 10.956225395202637 10.881842613220215 11.000265051827428
1425.902 10.958136558532715 10.881842613220215 10.982178975020828
1425.917 10.948296546936035 10.881842613220215 10.966430165458174
1425.932 10.934977531433105 10.881842613220215 10.95279386436374
1425.947 10.970110893249512 10.881842613220215 10.941050313821334
1425.967 10.938139915466309 10.881842613220215 10.930989444251228
1425.982 10.932916641235352 10.881842613220215 10.92241396464806
1425.997 10.923672676086426 10.881842613220215 10.915141222290849
1426.017 10.904008865356445 10.881842613220215 10.909004128916097
1426.032 10.890170097351074 10.881842613220215 10.903851392129072
1426.047 10.9071683883667 10.881842613220215 10.899547242474386
1426.067 10.895943641662598 10.881842613220215 10.89597080664377
1426.082 10.920465469360352 10.881842613220215 10.893015244493089
1426.097 10.904851913452148 10.881842613220215 10.890586740761044
1426.117 10.89960765838623 10.881842613220215 10.888603420665273
1426.132 10.871152877807617 10.881842613220215 10.886994241066215
1426.147 10.881997108459473 10.881842613220215 10.885697894922243
1426.167 10.88420295715332 10.881842613220215 10.884661755701993
1426.187 10.888726234436035 10.881842613220215 10.883840879754572
1426.197 10.895389556884766 10.881842613220215 10.883197077928196
1426.217 10.88105297088623 10.881842613220215 10.882698062605217
1426.232 10.864526748657227 10.881842613220215 10.882316672479059
1426.247 10.87480640411377 10.881842613220215 10.882030174580162
1426.267 10.888398170471191 12.749626159667969 10.924799236727866
1426.292 11.010309219360352 12.749626159667969 11.0061400393374
1426.297 11.010309219360352 12.749626159667969 11.112864455066436
1426.317 11.23742389678955 12.749626159667969 11.234815892409879
1426.332 11.34388256072998 12.749626159667969 11.364292488072413
1426.347 11.647699356079102 12.749626159667969 11.495565541275543
1426.367 11.929269790649414 12.749626159667969 11.624479581609108
1426.382 12.156469345092773 12.749626159667969 11.748122050149336
1426.397 12.21109676361084 12.749626159667969 11.864552045608983
1426.417 12.28652572631836 12.749626159667969 11.972578935256228
1426.432 12.276664733886719 12.749626159667969 12.07158285194778
1426.447 12.266009330749512 12.749626159667969 12.161370195737234
1426.467 12.261961936950684 12.749626159667969 12.242058235939853
1426.482 12.239617347717285 12.749626159667969 12.313983774022502
1426.497 12.231412887573242 12.749626159667969 12.37763158722685
1426.517 12.256319046020508 12.749626159667969 12.433579036061753
1426.532 12.307805061340332 12.749626159667969 12.482453794582602
1426.547 12.402377128601074 12.749626159667969 12.524902159493479
1426.567 12.530098915100098 12.749626159667969 12.561565821041654
1426.582 12.58393669128418 12.749626159667969 12.593065343449473
1426.597 12.639105796813965 12.749626159667969 12.619988912724859
1426.622 12.720549583435059 12.749626159667969 12.642885171987295
1426.632 12.747004508972168 12.749626159667969 12.662259185198554
1426.647 12.742655754089355 12.749626159667969 12.678570755035404
1426.667 12.774569511413574 12.749626159667969 12.692234474623117
1426.682 12.779818534851074 12.749626159667969 12.70362102043216
1426.697 12.763615608215332 12.749626159667969 12.71305929876134
1426.717 12.694664001464844 12.749626159667969 12.720839144333363
1426.732 12.68908977508545 12.749626159667969 12.727214339609942
1426.747 12.652684211730957 13.863205909729004 12.763338554147623
1426.767 12.708414077758789 13.863205909729004 12.819779448207669
1426.782 12.82745361328125 13.863205909729004 12.889212826182208
1426.797 12.951488494873047 13.863205909729004 12.966028778958561
1426.817 13.128499984741211 13.863205909729004 13.046001800211876
1426.832 13.266122817993164 13.863205909729004 13.126015914116051
1426.847 13.351140022277832 13.863205909729004 13.203836863245783
1426.867 13.52409553527832 13.863205909729004 13.27792435106271
1426.882 13.559401512145996 13.863205909729004 13.347278205673272
1426.897 13.580475807189941 13.863205909729004 13.411313127060199
1426.917 13.566145896911621 13.863205909729004 13.469757398380278
1426.932 13.573670387268066 13.863205909729004 13.522571585084611
1426.947 13.563173294067383 13.863205909729004 13.569883817002708
1426.967 13.543780326843262 13.863205909729004 13.611938752603828
1426.982 13.562226295471191 13.863205909729004 13.64905776647803
1426.997 13.576547622680664 13.863205909729004 13.681608286027933
1427.017 13.611719131469727 13.863205909729004 13.709980536853342
1427.032 13.658106803894043 13.863205909729004 13.734570243660581
1427.047 13.68908405303955 13.863205909729004 13.755766079828135
1427.067 13.777303695678711 13.863205909729004 13.773940868799107
1427.082 13.84782886505127 13.863205909729004 13.78944571868865
1427.097 13.874137878417969 13.863205909729004 13.802606421956325
1427.117 13.865124702453613 13.863205909729004 13.813721578384063
1427.132 13.880390167236328 13.863205909729004 13.82306200522932
1427.147 13.891092300415039 13.863205909729004 13.83087108623837
1427.167 13.851808547973633 13.863205909729004 13.837365783814557
1427.182 13.850594520568848 15.387168884277344 13.885070407595958
1427.197 13.868986129760742 15.387168884277344 13.960983682638878
1427.217 14.076436996459961 15.387168884277344 14.055004455031234
1427.232 14.164502143859863 15.387168884277344 14.159390578528683
1427.247 14.329259872436523 15.387168884277344 14.26830558865423
1427.267 14.530447006225586 15.387168884277344 14.377440883532813
1427.282 14.652120590209961 15.387168884277344 14.483702512862758
1427.297 14.832197189331055 15.387168884277344 14.584952969691587
1427.317 14.929710388183594 15.387168884277344 14.679799573318943
1427.332 14.980345726013184 15.387168884277344 14.767422120759857
1427.347 14.98283863067627 15.387168884277344 14.847433468135552
1427.367 14.98224925994873 15.387168884277344 14.919767584584712
1427.382 14.990264892578125 15.387168884277344 14.984590404427907
1427.397 14.968894004821777 16.29047966003418 15.067321463019343
1427.417 15.002717971801758 16.29047966003418 15.16058867391514
1427.432 15.11567497253418 16.29047966003418 15.258816037678248
1427.447 15.183426856994629 16.29047966003418 15.357869639422717
1427.467 15.472939491271973 16.29047966003418 15.454763889150602
1427.482 15.66142749786377 16.29047966003418 15.54741909608088
1427.497 15.819143295288086 16.29047966003418 15.634462566385652
1427.517 15.935211181640625 16.29047966003418 15.715066417764401
1427.532 16.00640296936035 16.29047966003418 15.788816212902812
1427.547 16.035606384277344 16.29047966003418 15.8556053288694
1427.567 16.04370880126953 16.29047966003418 15.915550704784227
1427.582 16.05984115600586 17.56455421447754 16.00431721446231
1427.597 16.048303604125977 17.56455421447754 16.111273132941033
1427.617 16.142362594604492 17.56455421447754 16.228293796079342
1427.632 16.268081665039062 17.56455421447754 16.349276951759833
1427.647 16.488479614257812 17.56455421447754 16.46973925013978
1427.667 16.633926391601562 17.56455421447754 16.586482092158004
1427.682 16.78713607788086 17.56455421447754 16.697316466777636
1427.697 16.924537658691406 17.56455421447754 16.800837706899458
1427.717 17.116405487060547 17.56455421447754 16.896242277102584
1427.732 17.162694931030273 17.56455421447754 16.98317977342407
1427.747 17.181453704833984 17.56455421447754 17.061634269550225
1427.767 17.257247924804688 16.81228256225586 17.110933553578434
1427.782 17.252012252807617 16.81228256225586 17.13796884466809
1427.797 17.2096004486084 16.81228256225586 17.1482972940944
1427.817 17.080480575561523 16.81228256225586 17.14636560583931
1427.832 17.003087997436523 16.81228256225586 17.13570114377307
1427.847 16.93183708190918 16.81228256225586 17.119074429026174
1427.867 16.902650833129883 16.81228256225586 17.098636619848502
1427.882 16.859600067138672 16.81228256225586 17.07603524336591
1427.897 16.837474822998047 16.81228256225586 17.052511126425657
1427.917 16.90074920654297 16.81228256225586 17.02897915993199
1427.932 16.898569107055664 16.81228256225586 17.006095233729276
1427.947 16.970020294189453 15.778128623962402 16.955584899792882
1427.967 16.98118782043457 15.778128623962402 16.88667870570017
1427.982 16.934324264526367 15.778128623962402 16.806502873247272
1427.997 16.826091766357422 15.778128623962402 16.720477573492097
1428.017 16.723052978515625 15.778128623962402 16.632649747499187
1428.032 16.50412940979004 15.778128623962402 16.545969773150144
1428.047 16.29823875427246 15.778128623962402 16.462520203111982
1428.067 16.196413040161133 15.778128623962402 16.38370379996951
1428.082 16.107303619384766 15.778128623962402 16.31039717779392
1428.097 16.03960418701172 15.778128623962402 16.243075527169346
1428.117 16.033615112304688 15.778128623962402 16.181913152113637
1428.132 16.02288818359375 15.644326210021973 16.123147145389556
1428.147 16.022708892822266 15.644326210021973 16.067730925180335
1428.172 16.053077697753906 15.644326210021973 16.016254724868084
1428.182 16.051624298095703 15.644326210021973 15.969032100026043
1428.202 15.995309829711914 15.644326210021973 15.926169610590568
1428.217 15.998810768127441 15.644326210021973 15.887622509629436
1428.232 15.946739196777344 15.644326210021973 15.853238856593977
1428.247 15.879793167114258 15.644326210021973 15.822794109416561
1428.267 15.806146621704102 15.644326210021973 15.796017932222343
1428.282 15.738472938537598 15.644326210021973 15.772614679572628
1428.297 15.717276573181152 15.644326210021973 15.75227877988249
1428.317 15.623696327209473 14.76272964477539 15.71021723989603
1428.332 15.607818603515625 14.76272964477539 15.653754034250852
1428.347 15.553487777709961 14.76272964477539 15.588538057639036
1428.367 15.461085319519043 14.76272964477539 15.518860817058648
1428.382 15.38281536102295 14.76272964477539 15.447921816473604
1428.402 15.268147468566895 14.76272964477539 15.378049082570106
1428.417 15.223461151123047 14.76272964477539 15.310881415916842
1428.432 15.143112182617188 14.76272964477539 15.247518149465701
1428.447 15.115581512451172 14.76272964477539 15.18864146068821
1428.467 15.055809020996094 13.552228927612305 15.10099059282972
1428.487 14.999787330627441 13.552228927612305 14.995152976971745
1428.497 14.886884689331055 13.552228927612305 14.879221459396708
1428.517 14.716428756713867 13.552228927612305 14.759276299342147
1428.532 14.58415699005127 13.552228927612305 14.639786505918954
1428.547 14.418707847595215 13.552228927612305 14.523942219849483
1428.567 14.249853134155273 13.552228927612305 14.413928444500558
1428.582 14.098774909973145 13.552228927612305 14.31114914027143
1428.597 14.067131042480469 13.552228927612305 14.21640952120875
1428.617 13.97675609588623 13.552228927612305 14.13006333275613
1428.632 13.946802139282227 13.552228927612305 14.052130941601671
1428.647 13.936909675598145 13.552228927612305 13.982393227255548
1428.667 13.928756713867188 13.552228927612305 13.92046552343487
1428.682 13.921597480773926 13.552228927612305 13.865855207883138
1428.697 13.90712833404541 13.552228927612305 13.81800597385069
1428.717 13.85699462890625 13.552228927612305 13.77633132700225
1428.732 13.825783729553223 13.552228927612305 13.740239430077647
1428.747 13.78699016571045 13.552228927612305 13.709151056646224
1428.767 13.702792167663574 13.552228927612305 13.682512107663037
1428.782 13.65689754486084 13.552228927612305 13.659801883684276
1428.797 13.624950408935547 13.552228927612305 13.6405380855214
1428.817 13.588554382324219 13.552228927612305 13.62427933136932
1428.832 13.58094596862793 13.552228927612305 13.610625824154127
1428.847 13.575212478637695 13.552228927612305 13.59921867466741
1428.867 13.55836296081543 16.082910537719727 13.630867085227294
1428.882 13.584546089172363 16.082910537719727 13.705571055833778
1428.897 13.677095413208008 16.082910537719727 13.823330586486861
1428.917 14.002400398254395 16.082910537719727 13.97049103135159
1428.932 14.259284019470215 16.082910537719727 14.134634340405356
1428.947 14.259284019470215 16.082910537719727 14.306389165038773
1428.967 14.906867027282715 16.082910537719727 14.478827941209886
1428.982 15.194774627685547 16.082910537719727 14.646966916135188
1428.997 15.359918594360352 16.082910537719727 14.807353839329433
1429.017 15.440882682800293 16.082910537719727 14.957729932788641
1429.032 15.479873657226562 16.082910537719727 15.096754484276095
1429.047 15.42661190032959 16.082910537719727 15.223781970685177
1429.067 15.370842933654785 18.837631225585938 15.39386501714086
1429.082 15.420511245727539 18.837631225585938 15.607003623643141
1429.097 15.422662734985352 18.837631225585938 15.849492620123662
1429.117 15.93034553527832 18.837631225585938 16.106280256161153
1429.132 16.126850128173828 18.837631225585938 16.366182259702555
1429.147 16.557392120361328 18.837631225585938 16.621096725724314
1429.167 16.968151092529297 18.837631225585938 16.865355831802603
1429.182 17.193206787109375 18.837631225585938 17.095193620868955
1429.197 17.703508377075195 18.837631225585938 17.30831174926096
1429.217 18.003984451293945 18.837631225585938 17.50352750578836
1429.232 18.25143814086914 18.837631225585938 17.6804905689415
1429.247 18.375593185424805 15.479146003723145 17.814398072048043
1429.267 18.413801193237305 15.479146003723145 17.905250015107985
1429.282 18.29376792907715 15.479146003723145 17.953046398121327
1429.297 18.10260009765625 15.479146003723145 17.95778722108807
1429.317 17.771690368652344 15.479146003723145 17.91947248400821
1429.332 17.522010803222656 15.479146003723145 17.838102186881752
1429.347 17.302122116088867 15.479146003723145 17.714260240998616
1429.367 17.059345245361328 15.479146003723145 17.563420335211934
1429.382 16.756982803344727 15.479146003723145 17.39742188971334
1429.397 16.624332427978516 15.479146003723145 17.22517089272336
1429.417 16.493066787719727 12.730220794677734 17.00986433568678
1429.437 16.369644165039062 12.730220794677734 16.751502218603598
1429.447 16.329736709594727 12.730220794677734 16.454640431751294
1429.467 16.051937103271484 12.730220794677734 16.13843337707273
1429.482 15.752609252929688 12.730220794677734 15.817145744284032
1429.497 15.437060356140137 12.730220794677734 15.501141687988747
1429.517 14.853250503540039 12.730220794677734 15.197702086137253
1429.532 14.674116134643555 12.730220794677734 14.91169588849322
1429.547 14.412019729614258 12.730220794677734 14.646128247703498
1429.567 14.058323860168457 12.730220794677734 14.402585118704305
1429.587 13.971421241760254 12.730220794677734 14.181591310451834
1429.597 13.971421241760254 12.730220794677734 13.982896565937523
1429.617 13.677990913391113 10.88914680480957 13.754561166309731
1429.632 13.49267292022705 10.88914680480957 13.511325948273196
1429.647 13.207476615905762 10.88914680480957 13.264169061803011
1429.667 12.974629402160645 10.88914680480957 13.021067116131402
1429.682 12.739797592163086 10.88914680480957 12.787624043834105
1429.697 12.5796537399292 10.88914680480957 12.567587694441428
1429.717 12.075413703918457 10.88914680480957 12.363271617719626
1429.732 11.950020790100098 10.88914680480957 12.175897183347253
1429.747 11.8594970703125 10.88914680480957 12.005869105017098
1429.767 11.63522720336914 10.88914680480957 11.85299558426269
1429.782 11.533583641052246 10.88914680480957 11.716662649981307
1429.802 11.471090316772461 10.88914680480957 11.595970828775119
1429.817 11.375826835632324 10.88914680480957 11.489841022647116
1429.832 11.38896656036377 10.88914680480957 11.397095377587691
1429.847 11.368674278259277 10.88914680480957 11.31651798261668
1429.867 11.36459732055664 9.813027381896973 11.217007218590759
1429.882 11.34325122833252 9.813027381896973 11.106691728533196
1429.897 11.163965225219727 9.813027381896973 10.991697171133854
1429.917 10.912673950195312 9.813027381896973 10.876543575802994
1429.937 10.624857902526855 9.813027381896973 10.764474714605296
1429.952 10.486733436584473 9.813027381896973 10.657729603737652
1429.967 10.422993659973145 9.813027381896973 10.557764989472377
1429.982 10.329838752746582 9.813027381896973 10.465436526135617
1429.997 10.292255401611328 9.813027381896973 10.381145317322769
1430.017 10.177860260009766 9.813027381896973 10.304955563511212
1430.032 10.125418663024902 9.813027381896973 10.236688234601942
1430.047 10.102614402770996 9.813027381896973 10.175994958311966
1430.067 10.102434158325195 9.813027381896973 10.122415677471139
1430.082 10.082063674926758 9.813027381896973 10.075423073442344
1430.097 10.077303886413574 9.813027381896973 10.03445627127958
1430.117 10.084918975830078 9.813027381896973 9.998945927210537
1430.132 10.03458309173584 9.813027381896973 9.968332443243947
1430.147 10.014631271362305 9.813027381896973 9.942078750255083
1430.167 9.979696273803711 9.36606502532959 9.907263221084115
1430.182 9.943157196044922 9.36606502532959 9.867278807575893
1430.197 9.907042503356934 9.36606502532959 9.824700705304544
1430.217 9.715301513671875 9.36606502532959 9.781446517977743
1430.232 9.652162551879883 9.36606502532959 9.738909308366708
1430.247 9.604251861572266 9.36606502532959 9.69806752205382
1430.267 9.539807319641113 9.36606502532959 9.659575283262136
1430.282 9.486151695251465 9.36606502532959 9.623836115792782
1430.297 9.456292152404785 9.36606502532959 9.591062737485895
1430.317 9.489485740661621 9.36606502532959 9.56132521308288
1430.332 9.51304817199707 9.36606502532959 9.534589426363468
1430.347 9.538908004760742 9.36606502532959 9.510747545759287
1430.367 9.564327239990234 9.36606502532959 9.4896419056919
1430.382 9.575297355651855 9.36606502532959 9.471083505809585
1430.397 9.500429153442383 9.36606502532959 9.454866139183878
1430.417 9.50456428527832 9.36606502532959 9.440776995477405
1430.432 9.453856468200684 9.36606502532959 9.428604443308714
1430.447 9.43850326538086 9.36606502532959 9.418143574864846
1430.467 9.409785270690918 9.36606502532959 9.409199992774447
1430.482 9.376378059387207 9.36606502532959 9.401592232076704
1430.502 9.3743314743042 9.36606502532959 9.395153136732048
1430.517 9.33398151397705 9.36606502532959 9.389730448651402
1430.537 9.343305587768555 9.36606502532959 9.385186816001784
1430.547 9.32483196258545 9.36606502532959 9.381399385095955
1430.567 9.350625038146973 9.36606502532959 9.378259105187027
1430.582 9.384245872497559 9.36606502532959 9.375669846822882
1430.597 9.408737182617188 9.36606502532959 9.373547411075307
1430.617 9.409984588623047 9.36606502532959 9.37181848808407
1430.632 9.409557342529297 9.36606502532959 9.37041960820605
1430.647 9.40707015991211 9.36606502532959 9.369296116999397
1430.667 9.40027904510498 9.36606502532959 9.368401195762154
1430.682 9.382606506347656 9.36606502532959 9.367694941925457
1430.697 9.366908073425293 9.36606502532959 9.36714351788721
1430.717 9.330166816711426 9.36606502532959 9.366718372538221
1430.732 9.327449798583984 9.36606502532959 9.366395536508929
1430.747 9.354430198669434 9.36606502532959 9.366154989825656
1430.767 9.359220504760742 9.36606502532959 9.365980099025492
1430.782 9.365551948547363 9.36606502532959 9.365857119685542
1430.797 9.352463722229004 9.36606502532959 9.365774759651108
1430.817 9.367618560791016 9.36606502532959 9.365723797897337
1430.832 9.368206024169922 12.08273983001709 9.408728396190165
1430.847 9.433801651000977 12.08273983001709 9.494788554529594
1430.867 9.57460880279541 12.08273983001709 9.623904272915622
1430.887 9.795026779174805 12.08273983001709 9.78473819733928
1430.897 10.018576622009277 12.08273983001709 9.963835892810096
1430.917 10.382356643676758 12.08273983001709 10.151047687423931
1430.932 10.664562225341797 12.08273983001709 10.338874258133098
1430.947 10.932727813720703 12.08273983001709 10.521924013082028
1430.967 11.129935264587402 12.08273983001709 10.69646566752775
1430.982 11.252945899963379 12.08273983001709 10.860061470276014
1431.002 11.312941551208496 12.08273983001709 11.011268417808049
1431.017 11.353025436401367 12.08273983001709 11.149396492526408
1431.032 11.380171775817871 12.08273983001709 11.274314483890283
1431.047 11.387829780578613 12.08273983001709 11.386295304478818
1431.067 11.397643089294434 12.08273983001709 11.485893907528727
1431.082 11.424163818359375 12.08273983001709 11.573851960041178
1431.097 11.455820083618164 12.08273983001709 11.651024338682488
1431.117 11.575450897216797 12.08273983001709 11.718323307134108
1431.132 11.646574020385742 14.181622505187988 11.828677835632329
1431.152 11.9203462600708 14.181622505187988 11.973124827063872
1431.167 12.082551956176758 14.181622505187988 12.137992332913331
1431.182 12.335166931152344 14.181622505187988 12.312914887042584
1431.197 12.537137985229492 14.181622505187988 12.490184598613356
1431.217 13.137801170349121 14.181622505187988 12.664212280480822
1431.232 13.291009902954102 14.181622505187988 12.831082404997163
1431.252 13.434776306152344 14.181622505187988 12.988187665130901
1431.267 13.565289497375488 14.181622505187988 13.133930737142485
1431.287 13.565058708190918 14.181622505187988 13.26748248874515
1431.297 13.56041145324707 14.181622505187988 13.388587356303432
1431.317 13.514762878417969 14.181622505187988 13.49740793269743
1431.332 13.505691528320312 14.181622505187988 13.594401973167857
1431.347 13.490710258483887 14.181622505187988 13.680226050551495
1431.367 13.509260177612305 17.302885055541992 13.809105687981733
1431.392 13.663415908813477 17.302885055541992 13.98104088545857
1431.397 13.782319068908691 17.302885055541992 14.196031642982009
1431.417 14.192229270935059 17.302885055541992 14.436409842047725
1431.432 14.516420364379883 17.302885055541992 14.68830520095084
1431.447 14.85616683959961 17.302885055541992 14.941457430201181
1431.467 15.264179229736328 17.302885055541992 15.18847840941357
1431.482 15.663839340209961 17.302885055541992 15.424243631606618
1431.497 15.87899112701416 17.302885055541992 15.645393193469207
1431.517 16.30073356628418 17.302885055541992 15.84992515495177
1431.532 16.615205764770508 17.302885055541992 16.0368663924404
1431.547 16.873004913330078 17.302885055541992 16.206008131965866
1431.567 17.114885330200195 14.402857780456543 16.332094311444735
1431.582 17.09478759765625 14.402857780456543 16.415124930877003
1431.597 17.0091495513916 14.402857780456543 16.45509999026267
1431.617 16.59111785888672 14.402857780456543 16.45201948960174
1431.632 16.293622970581055 14.402857780456543 16.405883428894207
1431.647 16.08211326599121 14.402857780456543 16.317179645586407
1431.667 15.697158813476562 14.402857780456543 16.200432989281893
1431.682 15.442200660705566 14.402857780456543 16.066831904090847
1431.697 15.30408763885498 14.402857780456543 15.924862953422586
1431.717 15.021805763244629 14.402857780456543 15.780840614993663
1431.732 14.998483657836914 14.402857780456543 15.639347302962486
1431.747 15.040740966796875 14.402857780456543 15.503596830000935
1431.767 15.185688018798828 14.402857780456543 15.375732905152239
1431.782 15.258796691894531 14.402857780456543 15.25707278239527
1431.797 15.3134765625 14.402857780456543 15.148304832532872
1431.822 15.340594291687012 14.402857780456543 15.049647605354513
1431.832 15.312173843383789 14.402857780456543 14.960976874768896
1431.847 15.23989486694336 14.402857780456543 14.881926209367025
1431.867 15.020917892456055 14.402857780456543 14.811965775917114
1431.882 14.850647926330566 14.402857780456543 14.75046335414143
1431.897 14.723155975341797 15.20033073425293 14.71888293686202
1431.917 14.60477066040039 15.20033073425293 14.709623856267601
1431.932 14.552803993225098 15.20033073425293 14.716618930010924
1431.947 14.586884498596191 15.20033073425293 14.735068506498525
1431.967 14.667048454284668 15.20033073425293 14.761214654827706
1431.982 14.730874061584473 15.20033073425293 14.79215039755583
1431.997 14.798592567443848 15.20033073425293 14.825659356589226
1432.017 14.906871795654297 15.20033073425293 14.860081649422025
1432.032 15.016450881958008 15.20033073425293 14.894202323230253
1432.047 15.088194847106934 15.20033073425293 14.927159040148458
1432.067 15.116141319274902 15.20033073425293 14.95836612352502
1432.082 15.139881134033203 15.20033073425293 14.987452439371708
1432.097 15.135318756103516 11.439473152160645 14.973483195171797
1432.117 15.054542541503906 11.439473152160645 14.916458390925285
1432.132 14.892949104309082 11.439473152160645 14.816378026632174
1432.147 14.6668062210083 11.439473152160645 14.673242102292463
1432.167 14.284777641296387 11.439473152160645 14.487050617906151
1432.182 14.085423469543457 11.439473152160645 14.268958451746403
1432.197 13.504044532775879 11.439473152160645 14.034062247145659
1432.217 13.254074096679688 11.439473152160645 13.793648043830023
1432.237 12.996748924255371 11.439473152160645 13.555957447861166
1432.257 12.768291473388672 11.439473152160645 13.326821287693974
1432.267 12.591811180114746 11.439473152160645 13.110180700393453
1432.282 12.553958892822266 11.439473152160645 12.908513068182119
1432.297 12.536611557006836 11.439473152160645 12.723177932820306
1432.317 12.54206371307373 10.879977226257324 12.539154396915707
1432.332 12.497761726379395 10.879977226257324 12.361182606022167
1432.347 12.46004867553711 10.879977226257324 12.19249156033761
1432.367 12.176563262939453 10.879977226257324 12.035137578117917
1432.382 12.086421966552734 10.879977226257324 11.890279435620322
1432.397 11.914021492004395 10.879977226257324 11.758400482450229
1432.417 11.839031219482422 10.879977226257324 11.63948658607656
1432.432 11.434789657592773 10.879977226257324 11.533167477681445
1432.447 11.348245620727539 10.879977226257324 11.438827942692768
1432.467 11.017661094665527 10.879977226257324 11.355694311380265
1432.482 11.017717361450195 10.879977226257324 11.282900845314101
1432.497 10.975111961364746 10.879977226257324 11.21953987178999
1432.517 11.014764785766602 10.879977226257324 11.16469887834089
1432.532 11.0717134475708 10.879977226257324 11.117487231574353
1432.552 11.106158256530762 10.879977226257324 11.077054717920113
1432.567 11.132758140563965 10.879977226257324 11.042603708392612
1432.587 11.166719436645508 10.879977226257324 11.01339641598758
1432.597 11.170767784118652 10.879977226257324 10.988758434538711
1432.617 11.12999153137207 10.879977226257324 10.968079514319204
1432.632 11.067397117614746 10.879977226257324 10.950812335766026
1432.647 11.02543830871582 10.879977226257324 10.9364698825887
1432.667 10.915568351745605 10.879977226257324 10.924621884072888
1432.682 10.871313095092773 10.879977226257324 10.914890689131846
1432.697 10.853527069091797 10.879977226257324 10.906946847720222
1432.717 10.806127548217773 10.879977226257324 10.900504605262721
1432.732 10.785833358764648 10.879977226257324 10.895317459898193
1432.747 10.811484336853027 10.879977226257324 10.891173888151348
1432.767 10.85421085357666 10.879977226257324 10.887893310042285
1432.782 10.883402824401855 10.879977226257324 10.885322337873415
1432.797 10.884151458740234 10.879977226257324 10.883331332518893
1432.817 10.91491985321045 10.879977226257324 10.881811275749477
1432.832 10.930976867675781 10.879977226257324 10.880670955929318
1432.847 10.942471504211426 11.452740669250488 10.895744553769296
1432.867 10.949115753173828 11.452740669250488 10.922019414597994
1432.882 10.992528915405273 11.452740669250488 10.955591989748381
1432.897 11.01644515991211 11.452740669250488 10.993462021758912
1432.917 11.079207420349121 11.452740669250488 11.03335995234569
1432.932 11.130440711975098 11.452740669250488 11.073602934250243
1432.947 11.158180236816406 11.452740669250488 11.112975342202375
1432.967 11.194740295410156 11.452740669250488 11.150630160722054
1432.982 11.272791862487793 11.452740669250488 11.186008072883649
1432.997 11.280718803405762 11.452740669250488 11.218771482304158
1433.017 11.309747695922852 11.452740669250488 11.248751069997802
1433.032 11.29151725769043 11.452740669250488 11.275902819083306
1433.047 11.297117233276367 11.452740669250488 11.300273735210386
1433.072 11.295450210571289 11.452740669250488 11.321974751128655
1433.082 11.310995101928711 11.452740669250488 11.341159532542788
1433.097 11.3411283493042 11.452740669250488 11.358008101949048
1433.122 11.364670753479004 11.452740669250488 11.372714370251865
1433.132 11.353215217590332 11.452740669250488 11.38547681530007
1433.147 11.386274337768555 11.452740669250488 11.396491674645098
1433.167 11.404987335205078 11.452740669250488 11.405948129248285
1433.182 11.406769752502441 11.452740669250488 11.414025047820916
1433.197 11.437817573547363 11.452740669250488 11.420888940052725
1433.217 11.453141212463379 11.452740669250488 11.426692833065209
1433.232 11.452927589416504 11.452740669250488 11.431575840719011
1433.247 11.456649780273438 11.452740669250488 11.435663241430388
1433.267 11.441299438476562 11.452740669250488 11.439066918257627
1433.282 11.427241325378418 11.452740669250488 11.441886046389605
1433.297 11.41223430633545 11.452740669250488 11.444207938842341
1433.317 11.438167572021484 11.452740669250488 11.44610898204633
1433.332 11.419742584228516 11.452740669250488 11.447655609867093
1433.347 11.443578720092773 11.452740669250488 11.448905278113392
1433.367 11.472190856933594 11.452740669250488 11.44990741232525
1433.382 11.461222648620605 11.452740669250488 11.45070431008507
1433.397 11.45881175994873 13.726372718811035 11.494556767891492
1433.417 11.495829582214355 13.726372718811035 11.581464785744513
1433.432 11.656896591186523 13.726372718811035 11.70332964605488
1433.447 11.718241691589355 13.726372718811035 11.84686177424807
1433.467 12.149969100952148 13.726372718811035 12.001935106793642
1433.482 12.346524238586426 13.726372718811035 12.16097204260118
1433.497 12.764307022094727 13.726372718811035 12.31843186756577
1433.517 12.939576148986816 13.726372718811035 12.470387545299861
1433.532 13.030491828918457 13.726372718811035 12.614177592778308
1433.547 13.080070495605469 13.726372718811035 12.748121436958737
1433.567 13.081896781921387 13.726372718811035 12.87128817286131
1433.582 13.053594589233398 13.726372718811035 12.983310016080955
1433.597 13.056475639343262 13.726372718811035 13.084232968184065
1433.617 13.076305389404297 13.726372718811035 13.174398299522384
1433.632 13.114006996154785 15.452858924865723 13.302307365177066
1433.647 13.221516609191895 15.452858924865723 13.453713076561941
1433.667 13.46304702758789 15.452858924865723 13.617752335729087
1433.682 13.748420715332031 15.452858924865723 13.786288990723566
1433.697 13.906982421875 15.452858924865723 13.953367205089673
1433.717 14.354215621948242 15.452858924865723 14.114759141699395
1433.732 14.602785110473633 15.452858924865723 14.267592802849837
1433.747 14.794825553894043 15.452858924865723 14.4100476534617
1433.767 14.926301002502441 15.452858924865723 14.541107277077861
1433.782 14.98890209197998 15.452858924865723 14.660359776035305
1433.797 14.9932222366333 15.452858924865723 14.767837932734128
1433.817 14.949728965759277 15.452858924865723 14.863892306324106
1433.832 14.937765121459961 15.452858924865723 14.949091458199074
1433.847 14.920862197875977 17.948495864868164 15.077346170120643
1433.867 15.042754173278809 17.948495864868164 15.248656442088812
1433.882 15.187596321105957 17.948495864868164 15.446424348478844
1433.897 15.531436920166016 17.948495864868164 15.657660005618613
1433.917 15.87497329711914 17.948495864868164 15.872679892841864
1433.932 16.17209243774414 17.948495864868164 16.084439036300925
1433.947 16.49428367614746 17.948495864868164 16.287979114400855
1433.967 16.803054809570312 17.948495864868164 16.479974970800114
1433.982 17.17045021057129 17.948495864868164 16.658364249694873
1433.997 17.3177490234375 17.948495864868164 16.822046889981856
1434.017 17.47356414794922 17.948495864868164 16.970643032335015
1434.032 17.45285987854004 19.230998992919922 17.139924604280043
1434.047 17.429170608520508 19.230998992919922 17.31932846741573
1434.067 17.437257766723633 19.230998992919922 17.501003197926007
1434.082 17.557186126708984 19.230998992919922 17.67925886253617
1434.097 17.618181228637695 19.230998992919922 17.850112649879453
1434.122 17.96645736694336 19.230998992919922 18.010915819591826
1434.132 18.080698013305664 19.230998992919922 18.160049291637083
1434.147 18.272844314575195 19.230998992919922 18.296676883648875
1434.167 18.504562377929688 19.230998992919922 18.42054671720306
1434.182 18.66606903076172 19.230998992919922 18.53183266164907
1434.197 18.795211791992188 16.42795181274414 18.60006304604848
1434.217 18.894390106201172 16.42795181274414 18.62523787040129
1434.232 18.819740295410156 16.42795181274414 18.6073571347075
1434.247 18.671873092651367 16.42795181274414 18.54642083896711
1434.267 18.381881713867188 16.42795181274414 18.443903459942604
1434.282 18.051006317138672 16.42795181274414 18.314434010448867
1434.297 17.89351463317871 16.42795181274414 18.16924528482263
1434.317 17.740663528442383 16.42795181274414 18.016824098777345
1434.332 17.33228874206543 14.487207412719727 17.82134735268546
1434.347 17.148988723754883 14.487207412719727 17.58864067954862
1434.372 16.791088104248047 14.487207412719727 17.335716634174435
1434.382 16.614652633666992 14.487207412719727 17.075329140988796
1434.397 16.5509033203125 14.487207412719727 16.816825830324852
1434.417 16.317237854003906 14.487207412719727 16.566853498707722
1434.432 16.161426544189453 14.487207412719727 16.32993871188395
1434.447 16.02447509765625 14.487207412719727 16.10896279895624
1434.467 15.775057792663574 14.487207412719727 15.90554796586233
1434.482 15.658259391784668 14.487207412719727 15.720368985676245
1434.497 15.578125953674316 14.054633140563965 15.541386940977548
1434.517 15.421378135681152 14.054633140563965 15.371817757269016
1434.547 15.303714752197266 14.054633140563965 15.213704712725342
1434.547 15.303714752197266 14.054633140563965 15.068193930553754
1434.567 14.889315605163574 14.054633140563965 14.935756736155648
1434.582 14.698575019836426 14.054633140563965 14.816367757474582
1434.597 14.577740669250488 14.054633140563965 14.709646360729424
1434.617 14.450593948364258 14.054633140563965 14.614967881069951
1434.632 14.35244083404541 14.054633140563965 14.531550116519908
1434.647 14.315771102905273 14.054633140563965 14.45851969133331
1434.667 14.327303886413574 14.054633140563965 14.394962149003806
1434.682 14.32886028289795 14.054633140563965 14.339958993386325
1434.697 14.329206466674805 14.054633140563965 14.292614347045907
1434.717 14.332161903381348 14.054633140563965 14.252073428109737
1434.732 14.289859771728516 14.054633140563965 14.217534650467321
1434.752 14.316900253295898 14.054633140563965 14.18825681792021
1434.767 14.253028869628906 14.054633140563965 14.163562602491467
1434.782 14.229758262634277 14.054633140563965 14.142839263096615
1434.797 14.175138473510742 14.054633140563965 14.125537366510608
1434.817 14.134098052978516 14.054633140563965 14.111168112175681
1434.832 14.086248397827148 14.054633140563965 14.099299730739407
1434.847 14.044195175170898 14.054633140563965 14.089553318806718
1434.867 14.030206680297852 14.054633140563965 14.081598385346615
1434.882 14.008964538574219 14.054633140563965 14.07514831516233
1434.897 14.014752388000488 14.953133583068848 14.094914247166892
1434.917 14.070392608642578 14.953133583068848 14.132919259962003
1434.932 14.150670051574707 14.953133583068848 14.18293991881084
1434.947 14.25093936920166 14.953133583068848 14.24018232759656
1434.967 14.379983901977539 14.953133583068848 14.30101025665376
1434.982 14.500728607177734 14.953133583068848 14.362718143646921
1434.997 14.594343185424805 14.953133583068848 14.423342558997026
1435.017 14.70212459564209 14.953133583068848 14.481506474639128
1435.047 14.780000686645508 14.953133583068848 14.536291367701597
1435.047 14.780000686645508 14.953133583068848 14.587132825221458
1435.072 14.774201393127441 14.953133583068848 14.63373589113786
1435.082 14.80612850189209 14.953133583068848 14.676006913390594
1435.097 14.758604049682617 15.485987663269043 14.728800613001694
1435.117 14.641056060791016 15.485987663269043 14.787669072755298
1435.137 14.6596040725708 15.485987663269043 14.849255875357539
1435.147 14.699387550354004 15.485987663269043 14.911080078932628
1435.167 14.829660415649414 15.485987663269043 14.971357080700754
1435.182 14.959108352661133 15.485987663269043 15.02885089319521
1435.197 14.959108352661133 15.485987663269043 15.082753036237678
1435.217 15.243452072143555 15.485987663269043 15.132583867651936
1435.232 15.34517765045166 15.485987663269043 15.178112735886916
1435.247 15.40770149230957 15.485987663269043 15.219293839657427
1435.272 15.515546798706055 15.485987663269043 15.256215125957482
1435.282 15.501294136047363 15.485987663269043 15.289057951740233
1435.297 15.457508087158203 14.379146575927734 15.287319991101342
1435.322 15.457508087158203 14.379146575927734 15.260847410727388
1435.332 15.344828605651855 14.379146575927734 15.217383702773677
1435.347 15.081724166870117 14.379146575927734 15.162950345652423
1435.367 14.84776496887207 14.379146575927734 15.10216744464539
1435.382 14.726442337036133 14.379146575927734 15.038522451373687
1435.407 14.441896438598633 14.379146575927734 14.974594208685442
1435.417 14.425726890563965 14.379146575927734 14.91223875529054
1435.432 14.439329147338867 14.379146575927734 14.852742563640934
1435.447 14.580143928527832 14.379146575927734 14.79694818169586
1435.467 14.709888458251953 14.379146575927734 14.745356607422247
1435.482 14.785761833190918 14.379146575927734 14.698210144685936
1435.507 14.909137725830078 10.89612102508545 14.608008121903024
1435.517 14.929899215698242 10.89612102508545 14.474750539073513
1435.532 14.708155632019043 10.89612102508545 14.298437396197402
1435.552 14.383768081665039 10.89612102508545 14.07906869327469
1435.567 13.755555152893066 10.89612102508545 13.833439237194007
1435.582 13.484306335449219 10.89612102508545 13.57581261622988
1435.597 13.117156982421875 10.89612102508545 13.31674432304981
1435.617 12.496664047241211 10.89612102508545 13.063839173697481
1435.632 12.273747444152832 10.89612102508545 12.822376087767635
1435.647 11.966987609863281 10.89612102508545 12.595820455763613
1435.672 11.728116989135742 10.89612102508545 12.386241711509355
1435.682 11.602206230163574 10.89612102508545 12.19465136895031
1435.697 11.585261344909668 10.89612102508545 12.02127466852212
1435.722 11.643119812011719 10.89612102508545 11.865767097977253
1435.732 11.69763469696045 9.084280014038086 11.677056469882729
1435.747 11.67783260345459 9.084280014038086 11.469792280139885
1435.767 11.582243919372559 9.084280014038086 11.254988710694416
1435.782 11.352808952331543 9.084280014038086 11.040748685680455
1435.807 10.846025466918945 9.084280014038086 10.832863646594106
1435.817 10.675180435180664 9.084280014038086 10.635307599016706
1435.837 10.4937744140625 9.084280014038086 10.45064166376209
1435.847 10.137245178222656 9.084280014038086 10.280343251996014
1435.872 9.78890609741211 9.084280014038086 10.125072077115794
1435.882 9.607316017150879 9.084280014038086 9.984883510422721
1435.902 9.48594856262207 9.084280014038086 9.85939827329967
1435.917 9.48594856262207 9.084280014038086 9.747936123545978
1435.932 9.429339408874512 9.084280014038086 9.64962002401589
1435.947 9.454566955566406 9.084280014038086 9.563456263334716
1435.967 9.501368522644043 9.084280014038086 9.488395116695376
1435.982 9.578902244567871 9.084280014038086 9.423375875357198
1435.997 9.61608600616455 9.084280014038086 9.36735942289536
1436.017 9.627580642700195 9.084280014038086 9.319350981725888
1436.037 9.654155731201172 9.084280014038086 9.278415183146974
1436.047 9.44624137878418 9.084280014038086 9.243685217288139
1436.067 9.331620216369629 9.084280014038086 9.214367486161475
1436.087 9.161978721618652 9.084280014038086 9.189742904684689
1436.097 9.081683158874512 9.084280014038086 9.169165763277778
1436.117 8.9301118850708 9.084280014038086 9.152060874515396
1436.132 8.905691146850586 9.084280014038086 9.137919569278797
1436.147 8.94984245300293 9.084280014038086 9.12629497960054
1436.172 8.991497993469238 9.084280014038086 9.116796941337762
1436.182 9.037280082702637 9.084280014038086 9.109086765981694
1436.197 9.07789421081543 9.084280014038086 9.102872063909023
1436.217 9.150774002075195 9.084280014038086 9.097901748298494
1436.232 9.202889442443848 9.084280014038086 9.093961307304358
1436.247 9.209009170532227 9.084280014038086 9.09086839980912
1436.272 9.214988708496094 9.084280014038086 9.088468805414951
1436.287 9.204627990722656 9.084280014038086 9.086632740806428
1436.297 9.204627990722656 9.084280014038086 9.085251541002624
1436.317 9.154316902160645 10.89279556274414 9.126925901245421
1436.332 9.122515678405762 10.89279556274414 9.205844465628418
1436.347 9.15130615234375 10.89279556274414 9.309262526522232
1436.367 9.45415210723877 10.89279556274414 9.427365835340073
1436.387 9.618301391601562 10.89279556274414 9.552712923810434
1436.397 9.786308288574219 10.89279556274414 9.679769523659585
1436.417 9.968782424926758 10.89279556274414 9.804521922940992
1436.432 10.168190956115723 10.89279556274414 9.924157633730285
1436.447 10.23198413848877 10.89279556274414 10.036803169973942
1436.467 10.361778259277344 10.89279556274414 10.141310038230033
1436.482 10.429616928100586 9.110342979431152 10.202761346439525
1436.497 10.449769973754883 9.110342979431152 10.221157094602416
1436.517 10.369540214538574 9.110342979431152 10.203484762985148
1436.532 10.208426475524902 9.110342979431152 10.160454539543428
1436.547 10.016204833984375 9.110342979431152 10.100446444778068
1436.567 9.918558120727539 9.110342979431152 10.029937767510111
1436.582 9.525731086730957 9.110342979431152 9.953862247509976
1436.597 9.38416576385498 9.110342979431152 9.875910366076692
1436.617 9.206037521362305 9.110342979431152 9.798779089243054
1436.637 9.241971015930176 9.110342979431152 9.724378448051453
1436.657 9.33284854888916 9.110342979431152 9.654001447056078
1436.667 9.442919731140137 9.110342979431152 9.588462971706772
1436.692 9.580818176269531 9.110342979431152 9.528212619726357
1436.702 9.632555961608887 9.110342979431152 9.473425710478423
1436.717 9.703591346740723 9.110342979431152 9.424076127190329
1436.732 9.692307472229004 9.110342979431152 9.379994115994096
1436.747 9.679314613342285 9.110342979431152 9.340911698491258
1436.767 9.679314613342285 9.110342979431152 9.306497945883125
1436.782 9.472393035888672 9.110342979431152 9.276386007386035
1436.797 9.289477348327637 9.110342979431152 9.250193478428237
1436.817 9.145967483520508 9.110342979431152 9.227537429907066
1436.832 9.009846687316895 9.110342979431152 9.208045193726676
1436.847 8.886550903320312 9.110342979431152 9.191361807405247
1436.867 8.844775199890137 9.110342979431152 9.177154857554058
1436.882 8.904452323913574 9.110342979431152 9.165117324673643
1436.897 8.949053764343262 9.110342979431152 9.154968916538449
1436.917 9.119314193725586 9.110342979431152 9.146456281364797
1436.932 9.196335792541504 9.110342979431152 9.139352412235567
1436.947 9.252863883972168 9.110342979431152 9.133455488469306
1436.967 9.321137428283691 9.110342979431152 9.128587345650374
1436.982 9.323637962341309 9.110342979431152 9.124591722032013
1436.997 9.31692886352539 9.110342979431152 9.121332393384368
1437.017 9.259501457214355 11.735868453979492 9.161128624783322
1437.032 9.259597778320312 11.735868453979492 9.243980416228876
1437.047 9.315306663513184 11.735868453979492 9.36988776772103
1437.067 9.493152618408203 11.735868453979492 9.525843060347917
1437.082 9.683192253112793 11.735868453979492 9.699000618430281
1437.097 9.963909149169922 11.735868453979492 9.879676533830871
1437.117 10.32795238494873 11.735868453979492 10.060721829247129
1437.132 10.559683799743652 11.735868453979492 10.237002810494138
1437.147 10.71773624420166 11.735868453979492 10.404972672222627
1437.172 10.957048416137695 11.735868453979492 10.562320401773182
1437.182 11.009512901306152 11.735868453979492 10.707684832698646
1437.197 11.01655387878418 11.735868453979492 10.840423331839647
1437.217 11.066009521484375 11.735868453979492 10.96042606580539
1437.232 11.104934692382812 11.735868453979492 11.067968091959202
1437.247 11.108403205871582 11.735868453979492 11.16359266554939
1437.267 11.134678840637207 11.735868453979492 11.2480201598794
1437.282 11.155683517456055 11.735868453979492 11.322077872484622
1437.302 11.222593307495117 13.803754806518555 11.439191145136443
1437.317 11.287736892700195 13.803754806518555 11.588804652918148
1437.337 11.447846412658691 13.803754806518555 11.757554064190803
1437.357 11.842792510986328 13.803754806518555 11.935330055213797
1437.367 12.28490161895752 13.803754806518555 12.114636872436522
1437.382 12.709638595581055 13.803754806518555 12.29006003630405
1437.397 12.946117401123047 13.803754806518555 12.45782704915314
1437.417 13.066526412963867 13.803754806518555 12.615446958598026
1437.432 13.21286678314209 13.803754806518555 12.761416446145233
1437.457 13.342326164245605 13.803754806518555 12.894981756427567
1437.467 13.35360050201416 13.803754806518555 13.015947258625198
1437.487 13.32029914855957 13.803754806518555 13.124522745358997
1437.497 13.299646377563477 13.803754806518555 13.221202735136272
1437.517 13.150062561035156 13.803754806518555 13.306672063385436
1437.532 13.125937461853027 13.803754806518555 13.381732936117217
1437.547 13.129234313964844 16.987499237060547 13.499849368895598
1437.567 13.260185241699219 16.987499237060547 13.661021361720579
1437.582 13.571895599365234 16.987499237060547 13.86524891459216
1437.597 13.908000946044922 16.987499237060547 14.098341175802938
1437.617 14.019525527954102 16.987499237060547 14.345645025187936
1437.637 14.443002700805664 16.987499237060547 14.596264293799432
1437.647 14.87982177734375 16.987499237060547 14.842297965731118
1437.667 15.291333198547363 16.987499237060547 15.078211024065729
1437.682 15.616520881652832 16.987499237060547 15.300317834945812
1437.697 15.925224304199219 16.987499237060547 15.5063605344084
1437.717 16.3345947265625 16.987499237060547 15.695167212010423
1437.732 16.55333709716797 16.987499237060547 15.866376777053294
1437.747 16.82232093811035 19.760665893554688 16.080641902142762
1437.772 17.002925872802734 19.760665893554688 16.336421471270366
1437.782 17.02396011352539 19.760665893554688 16.61484806923941
1437.797 17.161649703979492 19.760665893554688 16.901770964570968
1437.817 17.385910034179688 19.760665893554688 17.186812791629553
1437.832 17.540903091430664 19.760665893554688 17.462588690431673
1437.852 17.722326278686523 19.760665893554688 17.724063565021144
1437.867 17.971710205078125 19.760665893554688 17.968026180751114
1437.882 18.185993194580078 19.760665893554688 18.192661604524517
1437.897 18.396142959594727 19.760665893554688 18.397206000814517
1437.917 18.593780517578125 22.11073875427246 18.644805957151117
1437.932 18.8751163482666 22.11073875427246 18.91852850994041
1437.947 19.17334747314453 22.11073875427246 19.20336885143087
1437.967 19.689910888671875 22.11073875427246 19.48826470879284
1437.982 19.993228912353516 22.11073875427246 19.76528657788749
1437.997 20.211929321289062 22.11073875427246 20.028970369451628
1438.017 20.612905502319336 22.11073875427246 20.275770655119647
1438.032 20.83782958984375 22.11073875427246 20.503615530939065
1438.047 21.13412857055664 22.11073875427246 20.711546671658606
1438.067 21.37135887145996 22.02096176147461 20.89693663127942
1438.082 21.353424072265625 22.02096176147461 21.061022356474837
1438.097 21.344154357910156 22.02096176147461 21.205282110027117
1438.117 21.345386505126953 22.02096176147461 21.331326035067015
1438.137 21.32313346862793 22.02096176147461 21.440814062770343
1438.147 21.322111129760742 22.02096176147461 21.535395696540334
1438.167 21.36272430419922 22.02096176147461 21.616667146999607
1438.182 21.452295303344727 22.02096176147461 21.686142092423534
1438.197 21.511014938354492 22.02096176147461 21.745233016283372
1438.217 21.642656326293945 20.529157638549805 21.76126838009661
1438.232 21.75629234313965 20.529157638549805 21.7385350886462
1438.247 21.75629234313965 20.529157638549805 21.688649075213657
1438.267 21.85564613342285 20.529157638549805 21.620689334168382
1438.282 21.657533645629883 20.529157638549805 21.541664526049225
1438.307 21.34379005432129 20.529157638549805 21.45690488714513
1438.317 21.272850036621094 20.529157638549805 21.370389720922827
1438.337 21.01734733581543 19.471885681152344 21.255650957580837
1438.347 20.964704513549805 19.471885681152344 21.123872471589856
1438.367 20.74758529663086 19.471885681152344 20.983542698500464
1438.382 20.59718132019043 19.471885681152344 20.84098255277599
1438.397 20.52301597595215 19.471885681152344 20.700783977823626
1438.417 20.344743728637695 19.471885681152344 20.566172267155718
1438.432 20.199443817138672 19.471885681152344 20.43930369038436
1438.447 20.103591918945312 19.471885681152344 20.321508486957914
1438.467 20.067779541015625 20.735681533813477 20.246768843578067
1438.482 20.084312438964844 20.735681533813477 20.206786343072295
1438.497 20.145048141479492 20.735681533813477 20.192823752909238
1438.517 20.271560668945312 20.735681533813477 20.19789661454117
1438.532 20.345369338989258 20.735681533813477 20.216470636840416
1438.547 20.508934020996094 20.735681533813477 20.244204545634044
1438.572 20.634103775024414 20.735681533813477 20.27773265317756
1438.587 20.673891067504883 20.735681533813477 20.314481933321733
1438.597 20.67938232421875 20.735681533813477 20.35251890700497
1438.617 20.601299285888672 22.551353454589844 20.433611440734808
1438.637 20.58626937866211 22.551353454589844 20.550553928563797
1438.652 20.56806755065918 22.551353454589844 20.689940480188895
1438.667 20.7048282623291 22.551353454589844 20.84154009480943
1438.682 20.907562255859375 22.551353454589844 20.99768130355085
1438.697 21.13706398010254 22.551353454589844 21.152740065094335
1438.717 21.385534286499023 22.551353454589844 21.302715884558708
1438.737 21.755615234375 22.551353454589844 21.44488293352182
1438.747 21.927457809448242 22.551353454589844 21.577504611969083
1438.767 22.086139678955078 22.551353454589844 21.699601505791016
1438.782 22.156042098999023 22.551353454589844 21.81076405671594
1438.797 22.135583877563477 22.551353454589844 21.911002479767358
1438.817 22.117786407470703 22.551353454589844 22.00062754374011
1438.832 22.070341110229492 22.551353454589844 22.080156781826606
1438.847 22.05511474609375 22.551353454589844 22.150241532444305
1438.867 22.00846290588379 22.551353454589844 22.211610935017593
1438.882 22.030933380126953 22.551353454589844 22.26502963248299
1438.897 22.095949172973633 24.12318992614746 22.354928600640648
1438.917 22.249980926513672 24.12318992614746 22.468474568434946
1438.932 22.496294021606445 24.12318992614746 22.595813497296124
1438.947 22.63896369934082 24.12318992614746 22.729500188547426
1438.967 23.16848373413086 24.12318992614746 22.864022589829073
1438.982 23.3049373626709 24.12318992614746 22.995407182861413
1438.997 23.50821304321289 24.12318992614746 23.12089344095209
1439.022 23.60095977783203 25.895288467407227 23.28789179394741
1439.032 23.752025604248047 25.895288467407227 23.480001637388337
1439.047 23.840381622314453 25.895288467407227 23.684771663514223
1439.067 24.04779052734375 25.895288467407227 23.892926763502665
1439.087 24.249650955200195 25.895288467407227 24.097725746328678
1439.097 24.430665969848633 25.895288467407227 24.29443065067709
1439.117 24.71297836303711 25.895288467407227 24.479870773212095
1439.137 24.817331314086914 25.895288467407227 24.652086687228458
1439.147 24.907062530517578 27.616079330444336 24.85784122729492
1439.167 25.040246963500977 27.616079330444336 25.081916377714787
1439.182 25.364839553833008 27.616079330444336 25.312896988234076
1439.197 25.605730056762695 27.616079330444336 25.542410382983338
1439.222 26.068157196044922 27.616079330444336 25.764496900377726
1439.232 26.068157196044922 27.616079330444336 25.97509175187309
1439.247 26.216920852661133 27.616079330444336 26.1716010520478
1439.267 26.627851486206055 25.936796188354492 26.325054792175912
1439.282 26.670551300048828 25.936796188354492 26.435452972257423
1439.297 26.71036148071289 25.936796188354492 26.502795592292333
1439.322 26.581804275512695 25.936796188354492 26.535335595017337
1439.332 26.56808090209961 25.936796188354492 26.542029833458987
1439.347 26.438657760620117 25.936796188354492 26.530015323458933
1439.367 26.306493759155273 25.936796188354492 26.504926613775822
1439.392 26.207958221435547 23.454092025756836 26.43678234404611
1439.397 26.207958221435547 23.454092025756836 26.3255825142698
1439.417 25.902772903442383 23.454092025756836 26.17132712444689
1439.432 25.716602325439453 23.454092025756836 25.98529867007213
1439.447 25.577510833740234 23.454092025756836 25.781666977509694
1439.467 25.20095443725586 23.454092025756836 25.571076067667402
1439.482 24.962600708007812 23.454092025756836 25.36134746698318
1439.497 24.813838958740234 21.19890785217285 25.108563306252357
1439.517 24.6163387298584 21.19890785217285 24.818799776411534
1439.532 24.307695388793945 21.19890785217285 24.510583353701254
1439.552 23.92011260986328 21.19890785217285 24.197703926231085
1439.572 23.631267547607422 21.19890785217285 23.890173774865964
1439.582 23.28715705871582 21.19890785217285 23.595019776392714
1439.597 23.07536506652832 21.19890785217285 23.316934077010767
1439.617 22.85795021057129 21.19890785217285 23.058805261958383
1439.632 22.598241806030273 19.406675338745117 22.772364884314094
1439.647 22.393674850463867 19.406675338745117 22.47359123188403
1439.667 22.078170776367188 19.406675338745117 22.174278001695146
1439.682 21.800548553466797 19.406675338745117 21.882892331381797
1439.697 21.518798828125 19.406675338745117 21.60528212610397
1439.717 21.118993759155273 19.406675338745117 21.345255732626782
1439.732 20.90316390991211 19.406675338745117 21.105054026808002
1439.747 20.6982479095459 19.406675338745117 20.885732283820175
1439.767 20.496295928955078 18.20245361328125 20.65401617818574
1439.782 20.305028915405273 18.20245361328125 20.41985400533228
1439.797 20.116594314575195 18.20245361328125 20.190443323154625
1439.822 19.788311004638672 18.20245361328125 19.97081039550517
1439.832 19.64715003967285 18.20245361328125 19.76428577374974
1439.852 19.486032485961914 18.20245361328125 19.572892233338486
1439.867 19.274742126464844 18.20245361328125 19.39765912212183
1439.882 19.171619415283203 18.20245361328125 19.238875238519583
1439.897 19.008190155029297 16.706506729125977 19.054736547241536
1439.917 18.881338119506836 16.706506729125977 18.85754187501731
1439.932 18.647613525390625 16.706506729125977 18.65646804699662
1439.947 18.422151565551758 16.706506729125977 18.4581995420734
1439.967 18.116958618164062 16.706506729125977 18.267448977706486
1439.982 17.904207229614258 16.706506729125977 18.087384897967816
1439.997 17.742515563964844 16.706506729125977 17.919981245902612
1440.017 17.524635314941406 16.706506729125977 17.76630100208094
1440.032 17.387832641601562 17.228246688842773 17.641217541575184
1440.047 17.325590133666992 17.228246688842773 17.540102982955286
1440.067 17.34129524230957 17.228246688842773 17.458974875031814
1440.082 17.364826202392578 17.228246688842773 17.394423948600604
1440.097 17.39729118347168 17.228246688842773 17.343546416804006
1440.117 17.499225616455078 17.228246688842773 17.303881415879708
1440.137 17.491519927978516 17.228246688842773 17.27335386761103
1440.147 17.484603881835938 17.228246688842773 17.25022281448421
1440.167 17.437734603881836 17.228246688842773 17.233035112086974
1440.182 17.373130798339844 17.228246688842773 17.22058424718561
1440.197 17.31297492980957 17.228246688842773 17.21187397314741
1440.217 17.20611000061035 17.228246688842773 17.206086407921052
1440.232 17.167116165161133 17.228246688842773 17.202554216350833
1440.247 17.10641860961914 17.228246688842773 17.200736492310256
1440.267 17.064327239990234 17.228246688842773 17.20019796231365
1440.282 17.079687118530273 17.228246688842773 17.200591147197784
1440.297 17.082626342773438 17.228246688842773 17.201641139262538
1440.317 17.134092330932617 17.228246688842773 17.20313267668108
1440.332 17.180490493774414 17.228246688842773 17.204899223330695
1440.347 17.199968338012695 17.228246688842773 17.2068137891798
1440.367 17.27613067626953 17.228246688842773 17.208781253062774
1440.382 17.332033157348633 18.641407012939453 17.249986432964032
1440.397 17.37213706970215 18.641407012939453 17.31816738698193
1440.417 17.486553192138672 18.641407012939453 17.403787063131197
1440.432 17.592960357666016 18.641407012939453 17.49952616529803
1440.452 17.748380661010742 18.641407012939453 17.599858102845882
1440.467 17.89190673828125 18.641407012939453 17.700694573793005
1440.482 17.998332977294922 18.641407012939453 17.799091613628118
1440.497 18.059406280517578 18.641407012939453 17.89300714314404
1440.517 18.158740997314453 18.641407012939453 17.981102158683207
1440.532 18.1875 18.641407012939453 18.06257872193815
1440.547 18.209014892578125 20.043611526489258 18.175998952488793
1440.567 18.231260299682617 20.043611526489258 18.309161581840957
1440.582 18.3543758392334 20.043611526489258 18.4527739677302
1440.597 18.586618423461914 20.043611526489258 18.599886112292452
1440.617 18.825231552124023 20.043611526489258 18.745419968299
1440.632 18.972763061523438 20.043611526489258 18.885780109997647
1440.647 19.135099411010742 20.043611526489258 19.018533529953768
1440.667 19.3203125 20.043611526489258 19.142147870723388
1440.682 19.44820785522461 20.043611526489258 19.255778806164855
1440.697 19.538604736328125 20.043611526489258 19.35909855273272
1440.717 19.60855484008789 21.501535415649414 19.492656510868223
1440.732 19.678621292114258 21.501535415649414 19.644175243178516
1440.752 19.804746627807617 21.501535415649414 19.804357009267697
1440.772 19.913721084594727 21.501535415649414 19.966297788803807
1440.782 20.178621292114258 21.501535415649414 20.125000839161228
1440.797 20.372234344482422 21.501535415649414 20.276975098463115
1440.817 20.60946273803711 21.501535415649414 20.4199055499648
1440.837 20.813701629638672 21.501535415649414 20.552384315276353
1440.847 20.889381408691406 23.047822952270508 20.71664517560557
1440.872 21.089433670043945 23.047822952270508 20.89912040140939
1440.882 21.17897605895996 23.047822952270508 21.089580498733145
1440.897 21.326438903808594 23.047822952270508 21.28047252838402
1440.917 21.58311653137207 23.047822952270508 21.466371552597327
1440.932 21.79207420349121 23.047822952270508 21.643528393998487
1440.947 21.89703369140625 23.047822952270508 21.8094989806279
1440.967 22.06668472290039 23.047822952270508 21.96284245694893
1440.982 22.256038665771484 23.047822952270508 22.10287696294899
1440.997 22.256038665771484 23.047822952270508 22.229483525954386
1441.017 22.527626037597656 21.41939353942871 22.31303452891318
1441.032 22.576431274414062 21.41939353942871 22.353529971825377
1441.047 22.509613037109375 21.41939353942871 22.356603468374196
1441.067 22.31694793701172 21.41939353942871 22.332772529002543
1441.082 22.175939559936523 21.41939353942871 22.29032204822593
1441.097 21.99162483215332 21.41939353942871 22.23570674319548
1441.117 21.818571090698242 21.41939353942871 22.173890406260846
1441.132 21.742589950561523 19.35131072998047 22.069018509279612
1441.147 21.624706268310547 19.35131072998047 21.92109105225178
1441.167 21.44600486755371 19.35131072998047 21.743693582725523
1441.182 21.423383712768555 19.35131072998047 21.550103646011717
1441.197 21.193723678588867 19.35131072998047 21.350286606855743
1441.217 20.83545684814453 19.35131072998047 21.151557284930412
1441.232 20.726518630981445 19.35131072998047 20.959127753189147
1441.247 20.567190170288086 19.35131072998047 20.77655833631485
1441.267 20.445941925048828 17.657506942749023 20.559076598060866
1441.282 20.225481033325195 17.657506942749023 20.322615523360092
1441.297 20.027820587158203 17.657506942749023 20.079120955024177
1441.317 19.78737449645996 17.657506942749023 19.83734945506852
1441.332 19.555673599243164 17.657506942749023 19.603528696459207
1441.352 19.26333999633789 17.657506942749023 19.381900990780586
1441.367 18.93726921081543 17.657506942749023 19.17516796532201
1441.382 18.699411392211914 17.657506942749023 18.984852045107218
1441.397 18.554285049438477 17.657506942749023 18.811588270631937
1441.417 18.462034225463867 16.55569839477539 18.624752287285965
1441.432 18.335800170898438 16.55569839477539 18.433379443417508
1441.447 18.158601760864258 16.55569839477539 18.244071095792485
1441.467 18.028417587280273 16.55569839477539 18.0615008695384
1441.482 17.878284454345703 16.55569839477539 17.888831025869965
1441.497 17.71344566345215 16.55569839477539 17.72805284128826
1441.517 17.534339904785156 16.55569839477539 17.580263073358328
1441.532 17.33451271057129 16.55569839477539 17.445886942263172
1441.547 17.252239227294922 16.55569839477539 17.324856588065604
1441.567 17.08601951599121 16.55569839477539 17.216752661748043
1441.582 17.063671112060547 15.251397132873535 17.084684967987986
1441.597 17.012481689453125 15.251397132873535 16.939111788679806
1441.622 16.68123435974121 15.251397132873535 16.787903378108727
1441.632 16.68123435974121 15.251397132873535 16.636856619280934
1441.647 16.47248077392578 15.251397132873535 16.490121454605195
1441.667 16.21833610534668 15.251397132873535 16.35055224289642
1441.682 16.052244186401367 15.251397132873535 16.219995553659942
1441.697 15.953604698181152 15.251397132873535 16.09952441380806
1441.717 15.752118110656738 15.251397132873535 15.9896276717666
1441.732 15.72046184539795 15.251397132873535 15.890361935597038
1441.752 15.654552459716797 15.87979793548584 15.818928048330893
1441.767 15.653632164001465 15.87979793548584 15.769424593887514
1441.782 15.645915031433105 15.87979793548584 15.737013045409915
1441.797 15.674373626708984 15.87979793548584 15.717751016840179
1441.817 15.819135665893555 15.87979793548584 15.708447867081738
1441.832 15.965648651123047 15.87979793548584 15.706540334511141
1441.847 15.971428871154785 15.87979793548584 15.709985981170593
1441.867 15.97127628326416 15.87979793548584 15.717172360448618
1441.882 15.93128776550293 15.87979793548584 15.726839976380576
1441.897 15.899910926818848 15.87979793548584 15.738017266962844
1441.917 15.82357120513916 15.87979793548584 15.749966010695854
1441.937 15.737350463867188 15.87979793548584 15.762135719592736
1441.947 15.737350463867188 15.87979793548584 15.774125739349177
1441.967 15.659250259399414 15.87979793548584 15.78565392575187
1441.982 15.661121368408203 15.87979793548584 15.796530904157725
1441.997 15.64979362487793 15.87979793548584 15.806639045188236
1442.017 15.701634407043457 15.87979793548584 15.81591540438653
1442.037 15.785795211791992 15.87979793548584 15.824337976612753
1442.047 15.829914093017578 15.87979793548584 15.831914707824252
1442.067 15.891814231872559 15.87979793548584 15.83867478820987
1442.087 15.911755561828613 15.87979793548584 15.844661822152043
1442.097 15.969258308410645 15.87979793548584 15.849928532972097
1442.117 15.974817276000977 17.20723533630371 15.891405979673912
1442.132 15.983804702758789 17.20723533630371 15.957682301805121
1442.147 16.059104919433594 17.20723533630371 16.039890141820823
1442.167 16.20142936706543 17.20723533630371 16.131232018068584
1442.182 16.278549194335938 17.20723533630371 16.226582678876138
1442.197 16.451791763305664 17.20723533630371 16.322157672149157
1442.217 16.54799461364746 17.20723533630371 16.415238575817938
1442.232 16.65606117248535 17.20723533630371 16.503946467713373
1442.247 16.74817657470703 17.20723533630371 16.587056259537295
1442.267 16.796829223632812 17.20723533630371 16.663845474156776
1442.282 16.81597900390625 18.536603927612305 16.77089881707712
1442.297 16.846393585205078 18.536603927612305 16.896667747219013
1442.317 17.0318546295166 18.536603927612305 17.032355932835884
1442.332 17.13658332824707 18.536603927612305 17.17138380140296
1442.347 17.315143585205078 18.536603927612305 17.308943223727532
1442.367 17.564725875854492 18.536603927612305 17.441629164136867
1442.382 17.7053165435791 18.536603927612305 17.567136721627588
1442.397 17.86918830871582 18.536603927612305 17.68401345006098
1442.417 17.955032348632812 18.536603927612305 17.79145817500237
1442.432 18.106664657592773 18.536603927612305 17.889158721576393
1442.447 18.165006637573242 19.25153350830078 17.99702119320048
1442.467 18.201961517333984 19.25153350830078 18.109170197547087
1442.482 18.25631332397461 19.25153350830078 18.22127596650247
1442.497 18.302148818969727 19.25153350830078 18.330236700632316
1442.517 18.421152114868164 19.25153350830078 18.433916805808792
1442.532 18.52755355834961 19.25153350830078 18.530932457091414
1442.547 18.59457778930664 19.25153350830078 18.620477037031858
1442.572 18.7006893157959 19.25153350830078 18.702179999585233
1442.587 18.86054801940918 19.25153350830078 18.775993609486097
1442.597 18.925748825073242 19.25153350830078 18.842102805169233
1442.617 18.984407424926758 20.44816780090332 18.934093982300244
1442.632 19.075578689575195 20.44816780090332 19.042078601677375
1442.652 19.170377731323242 20.44816780090332 19.158525614687868
1442.667 19.360017776489258 20.44816780090332 19.277802703422864
1442.682 19.449716567993164 20.44816780090332 19.395794760241472
1442.697 19.579269409179688 20.44816780090332 19.509588320063266
1442.717 19.745359420776367 20.44816780090332 19.6172120245524
1442.732 19.85634422302246 21.67806053161621 19.75158814234668
1442.747 19.973060607910156 21.67806053161621 19.901404152286247
1442.767 20.12195587158203 21.67806053161621 20.058123861769378
1442.782 20.330520629882812 21.67806053161621 20.21543789677254
1442.797 20.524995803833008 21.67806053161621 20.36880803029482
1442.817 20.733091354370117 21.67806053161621 20.5150914192163
1442.832 20.847423553466797 21.67806053161621 20.652232546718043
1442.847 20.9420166015625 22.91834831237793 20.813464686124263
1442.867 21.074745178222656 22.91834831237793 20.987483379366477
1442.882 21.214750289916992 22.91834831237793 21.16583191624127
1442.897 21.37307357788086 22.91834831237793 21.34232938111437
1442.917 21.619529724121094 22.91834831237793 21.512597536544636
1442.932 21.808805465698242 22.91834831237793 21.6736716821554
1442.947 21.964920043945312 22.91834831237793 21.82368250524216
1442.972 22.197742462158203 24.33218002319336 22.00087075344896
1442.982 22.233293533325195 24.33218002319336 22.19261425962661
1442.997 22.407989501953125 24.33218002319336 22.38946282474111
1443.017 22.661136627197266 24.33218002319336 22.584501999083603
1443.032 22.910037994384766 24.33218002319336 22.7728266879916
1443.052 23.09766387939453 24.33218002319336 22.951108087199877
1443.067 23.404638290405273 24.33218002319336 23.117239533999417
1443.082 23.498933792114258 24.33218002319336 23.270048752193112
1443.107 23.606229782104492 24.33218002319336 23.40906567246801
1443.117 23.606229782104492 25.870891571044922 23.577078523148696
1443.132 23.745285034179688 25.870891571044922 23.761204766074897
1443.152 23.849239349365234 25.870891571044922 23.95176432147972
1443.167 24.121755599975586 25.870891571044922 24.14164109586355
1443.182 24.3535099029541 25.870891571044922 24.325754188464945
1443.197 24.586851119995117 25.870891571044922 24.500622389435037
1443.217 24.832260131835938 25.870891571044922 24.664007634339026
1443.232 25.064964294433594 27.494091033935547 24.85971382673913
1443.247 25.178306579589844 27.494091033935547 25.07314708067791
1443.267 25.580703735351562 27.494091033935547 25.29335602634074
1443.282 25.781230926513672 27.494091033935547 25.512303968510334
1443.297 25.966428756713867 27.494091033935547 25.724266303611536
1443.317 26.202396392822266 27.494091033935547 25.925334443827765
1443.337 26.34585952758789 27.494091033935547 26.113009851171043
1443.347 26.407793045043945 27.494091033935547 26.285873927183296
1443.367 26.60796546936035 29.11722183227539 26.48840840689391
1443.382 26.758756637573242 29.11722183227539 26.70658071712667
1443.397 26.8391056060791 29.11722183227539 26.9298997964195
1443.417 27.17277717590332 29.11722183227539 27.150704085057477
1443.432 27.353029251098633 29.11722183227539 27.363572653994694
1443.447 27.578643798828125 29.11722183227539 27.564840940843048
1443.467 27.92839241027832 30.570833206176758 27.792583003968097
1443.482 28.254789352416992 30.570833206176758 28.03297177062023
1443.497 28.43020248413086 30.570833206176758 28.275746541509704
1443.517 28.764394760131836 30.570833206176758 28.513487537728107
1443.537 29.071672439575195 30.570833206176758 28.74101707825616
1443.552 29.142486572265625 30.570833206176758 28.954908143349765
1443.567 29.486980438232422 29.559232711791992 29.12574364839677
1443.582 29.583908081054688 29.559232711791992 29.26021712195079
1443.597 29.593669891357422 29.559232711791992 29.364895765483812
1443.617 29.481595993041992 29.559232711791992 29.445313707540617
1443.632 29.44699478149414 29.559232711791992 29.50611098194116
1443.647 29.384300231933594 29.559232711791992 29.5511579647907
1443.667 29.320287704467773 29.559232711791992 29.58366593371842
1443.682 29.283498764038086 27.316267013549805 29.573118342599543
1443.697 29.289003372192383 27.316267013549805 29.519515191434063
1443.717 29.200132369995117 27.316267013549805 29.422856480221984
1443.732 29.122440338134766 27.316267013549805 29.295068025103692
1443.747 28.958969116210938 27.316267013549805 29.148519600325052
1443.767 28.830625534057617 27.316267013549805 28.992597320902178
1443.782 28.736494064331055 24.865890502929688 28.793619481432703
1443.797 28.47798728942871 24.865890502929688 28.55158608191663
1443.817 28.130584716796875 24.865890502929688 28.27574837241122
1443.832 27.68402671813965 24.865890502929688 27.983346400642905
1443.847 27.377471923828125 24.865890502929688 27.6871956523384
1443.872 27.06540298461914 24.865890502929688 27.396584691438225
1443.887 26.761268615722656 22.137636184692383 27.06291817049145
1443.902 26.40575408935547 22.137636184692383 26.716251485744706
1443.917 26.056427001953125 22.137636184692383 26.369584800997963
1443.932 25.837812423706055 22.137636184692383 26.02291811625122
1443.947 25.31324577331543 22.137636184692383 25.676251431504475
1443.967 24.832733154296875 22.137636184692383 25.32958474675773
1443.982 24.58970832824707 22.137636184692383 24.982918062010988
1443.997 24.167194366455078 19.009212493896484 24.636251377264244
1444.017 23.93681526184082 19.009212493896484 24.2895846925175
1444.032 23.669620513916016 19.009212493896484 23.942918007770757
1444.052 23.349390029907227 19.009212493896484 23.596251323024013
1444.067 22.861494064331055 19.009212493896484 23.24958463827727
1444.082 22.56356430053711 19.009212493896484 22.902917953530526
1444.097 22.20688247680664 19.009212493896484 22.556251268783782
1444.117 22.01152992248535 19.009212493896484 22.20958458403704
1444.132 21.84890365600586 15.516242027282715 21.862917899290295
1444.147 21.525123596191406 15.516242027282715 21.51625121454355
1444.167 21.047775268554688 15.516242027282715 21.169584529796808
1444.182 20.6345272064209 15.516242027282715 20.822917845050064
1444.197 20.252689361572266 15.516242027282715 20.47625116030332
1444.217 19.633739471435547 15.516242027282715 20.129584475556577
1444.232 19.384090423583984 15.516242027282715 19.782917790809833
1444.247 19.054080963134766 15.516242027282715 19.43625110606309
1444.267 18.661588668823242 15.516242027282715 19.089584421316346
1444.282 18.43582534790039 13.329655647277832 18.742917736569602
1444.297 18.28751564025879 13.329655647277832 18.39625105182286
1444.317 17.89309310913086 13.329655647277832 18.049584367076115
1444.332 17.571826934814453 13.329655647277832 17.70291768232937
1444.347 17.240915298461914 13.329655647277832 17.356250997582627
1444.367 16.81343650817871 13.329655647277832 17.009584312835884
1444.382 16.419490814208984 13.329655647277832 16.66291762808914
1444.402 16.237537384033203 13.329655647277832 16.316250943342396
1444.417 15.934314727783203 13.329655647277832 15.969584258595654
1444.432 15.69305419921875 13.329655647277832 15.633206108990212
1444.447 15.416980743408203 12.167754173278809 15.295872542932905
1444.467 15.155855178833008 12.167754173278809 14.96722463957821
1444.482 14.71999454498291 12.167754173278809 14.653930570410802
1444.497 14.374795913696289 12.167754173278809 14.360342696124246
1444.517 13.878201484680176 12.167754173278809 14.089032814125272
1444.532 13.665861129760742 12.167754173278809 13.841225212667053
1444.547 13.376994132995605 12.167754173278809 13.61714445711871
1444.567 13.064885139465332 12.167754173278809 13.416292406869662
1444.582 12.810142517089844 12.167754173278809 13.237666819275177
1444.602 12.810142517089844 12.167754173278809 13.079932018649872
1444.617 12.785333633422852 12.167754173278809 12.94155047107373
1444.632 12.814602851867676 12.138349533081055 12.820065891195329
1444.647 12.80621337890625 12.138349533081055 12.714065376599239
1444.667 12.805390357971191 12.138349533081055 12.622106234272573
1444.682 12.804060935974121 12.138349533081055 12.542764496084807
1444.697 12.711302757263184 12.138349533081055 12.474669168078576
1444.722 12.591431617736816 12.138349533081055 12.416525304289287
1444.732 12.502056121826172 12.138349533081055 12.367128430537704
1444.747 12.428699493408203 12.138349533081055 12.32537236837567
1444.767 12.243142127990723 12.138349533081055 12.290252111809833
1444.787 12.156219482421875 12.138349533081055 12.26086307860736
1444.797 12.121419906616211 12.138349533081055 12.236397784182493
1444.817 12.081700325012207 11.115249633789062 12.187721316113466
1444.832 12.070820808410645 11.115249633789062 12.123045631544624
1444.847 12.011982917785645 11.115249633789062 12.048700389034973
1444.867 11.899187088012695 11.115249633789062 11.969490442651312
1444.882 11.845588684082031 11.115249633789062 11.888994401747768
1444.897 11.784944534301758 11.115249633789062 11.80981266116009
1444.917 11.608173370361328 11.115249633789062 11.733772328802887
1444.932 11.556656837463379 11.115249633789062 11.66209557063913
1444.952 11.474453926086426 11.115249633789062 11.595537061850644
1444.972 11.474453926086426 11.115249633789062 11.534495479364667
1444.982 11.425354957580566 11.115249633789062 11.479103293670995
1444.997 11.39464282989502 11.115249633789062 11.429298514246982
1445.017 11.36889934539795 11.115249633789062 11.384881508806409
1445.032 11.3484468460083 11.115249633789062 11.345559547143067
1445.047 11.337410926818848 10.881842613220215 11.304497781246168
1445.067 11.300344467163086 10.881842613220215 11.263329760401483
1445.082 11.277216911315918 10.881842613220215 11.22322914643298
1445.097 11.223960876464844 10.881842613220215 11.185007413436391
1445.117 11.146299362182617 10.881842613220215 11.149193926691451
1445.132 11.114509582519531 10.881842613220215 11.116101168904622
1445.147 11.070446968078613 10.881842613220215 11.085877510198642
1445.172 11.017457962036133 10.881842613220215 11.058549585287613
1445.182 10.985177040100098 10.881842613220215 11.034056045324661
1445.197 10.972436904907227 10.881842613220215 11.012274190713665
1445.217 10.961104393005371 10.881842613220215 10.993040762144918
1445.232 10.95145034790039 10.881842613220215 10.976167967495874
1445.247 10.950331687927246 10.881842613220215 10.961455649243538
1445.267 10.947415351867676 10.881842613220215 10.948700347926557
1445.282 10.961376190185547 10.881842613220215 10.937701889346757
1445.297 10.951629638671875 10.881842613220215 10.928268014139505
1445.317 10.939004898071289 10.881842613220215 10.920217475775882
1445.332 10.92225170135498 10.881842613220215 10.913381954885402
1445.347 10.928340911865234 10.881842613220215 10.907607072099482
1445.367 10.878074645996094 10.881842613220215 10.902752726700278
1445.382 10.916520118713379 10.881842613220215 10.898692942689772
1445.397 10.874883651733398 10.881842613220215 10.895315366119256
1445.417 10.897871971130371 10.881842613220215 10.892520526451841
1445.432 10.913790702819824 10.881842613220215 10.89022094933301
1445.447 10.905145645141602 10.881842613220215 10.88834018751553
1445.467 10.868465423583984 10.881842613220215 10.886811820047098
1445.482 10.8818941116333 10.881842613220215 10.885578456513274
1445.497 10.886933326721191 10.881842613220215 10.884590772563293
1445.517 10.878910064697266 10.881842613220215 10.883806594646241
1445.532 10.882389068603516 10.881842613220215 10.88319004543864
1445.547 10.898131370544434 10.881842613220215 10.882710756505666
1445.567 10.87803840637207 10.881842613220215 10.882343151017006
1445.587 10.881691932678223 12.749626159667969 10.925031105574945
1445.597 10.881691932678223 12.749626159667969 11.0063073402777
1445.617 10.943352699279785 12.749626159667969 11.11298083509234
1445.632 11.132572174072266 12.749626159667969 11.234892546335715
1445.647 11.390777587890625 12.749626159667969 11.364338542351183
1445.667 11.752471923828125 12.749626159667969 11.495588386522044
1445.682 11.912847518920898 12.749626159667969 11.624485159125914
1445.697 12.176372528076172 12.749626159667969 11.748115097529077
1445.717 12.339481353759766 12.749626159667969 11.864536306185705
1445.732 12.370342254638672 12.749626159667969 11.9725573358305
1445.747 12.385363578796387 12.749626159667969 12.071557652837823
1445.767 12.328743934631348 12.749626159667969 12.161343116828984
1445.782 12.252490043640137 12.749626159667969 12.242030562034827
1445.797 12.203076362609863 12.749626159667969 12.313956442422795
1445.817 12.153066635131836 12.749626159667969 12.37760526015713
1445.832 12.161481857299805 12.749626159667969 12.433554160212745
1445.847 12.215646743774414 12.749626159667969 12.482430649770961
1445.867 12.338418006896973 12.749626159667969 12.524880898170093
1445.882 12.460506439208984 12.749626159667969 12.561546500143868
1445.897 12.5354585647583 12.749626159667969 12.593047949881665
1445.917 12.69448184967041 12.749626159667969 12.619973383564886
1445.932 12.77319049835205 12.749626159667969 12.642871410351844
1445.947 12.850382804870605 12.749626159667969 12.662247072556676
1445.972 12.861971855163574 12.749626159667969 12.678560160634536
1445.982 12.828044891357422 12.749626159667969 12.692225262583895
1445.997 12.792085647583008 12.749626159667969 12.703613054975435
1446.017 12.737116813659668 12.749626159667969 12.71305244795143
1446.032 12.694401741027832 12.749626159667969 12.720833282653949
1446.047 12.652252197265625 12.749626159667969 12.727209349631813
1446.067 12.606040954589844 13.863205909729004 12.763334327499255
1446.082 12.597848892211914 13.863205909729004 12.819775886019194
1446.097 12.732707023620605 13.863205909729004 12.889209839139673
1446.117 12.946234703063965 13.863205909729004 12.966026287077353
1446.132 13.13709545135498 13.863205909729004 13.045999732415208
1446.147 13.342339515686035 13.863205909729004 13.126014207685433
1446.167 13.44987678527832 13.863205909729004 13.203835463195018
1446.182 13.535374641418457 13.863205909729004 13.277923209474471
1446.197 13.597257614135742 13.863205909729004 13.347277281027292
1446.217 13.587388038635254 13.863205909729004 13.411312383574117
1446.232 13.564282417297363 13.863205909729004 13.469756805377846
1446.247 13.563358306884766 13.863205909729004 13.522571116401084
1446.267 13.534747123718262 13.863205909729004 13.569883450433382
1446.282 13.505805015563965 13.863205909729004 13.611938469398828
1446.297 13.525537490844727 13.863205909729004 13.649057550884267
1446.317 13.53549575805664 13.863205909729004 13.681608124877606
1446.337 13.621528625488281 13.863205909729004 13.709980419197208
1446.347 13.673876762390137 13.863205909729004 13.734570160443512
1446.367 13.730195045471191 13.863205909729004 13.75576602360398
1446.382 13.80589485168457 13.863205909729004 13.773940833481657
1446.397 13.840705871582031 13.863205909729004 13.78944569933538
1446.417 13.881657600402832 13.863205909729004 13.802606414581637
1446.432 13.875801086425781 13.863205909729004 13.81372157979888
1446.447 13.901998519897461 13.863205909729004 13.823062012903982
1446.467 13.875083923339844 13.863205909729004 13.83087109818607
1446.482 13.86087417602539 13.863205909729004 13.837365798492717
1446.497 13.82805061340332 13.863205909729004 13.842738114559054
1446.517 13.81803035736084 15.387168884277344 13.889489133516514
1446.532 13.85791301727295 15.387168884277344 13.96459624938355
1446.547 13.968459129333496 15.387168884277344 14.057938925291728
1446.567 14.175336837768555 15.387168884277344 14.161757566580906
1446.582 14.365836143493652 15.387168884277344 14.270200131457269
1446.597 14.532320022583008 15.387168884277344 14.378944214386458
1446.622 14.73574161529541 15.387168884277344 14.484883715963715
1446.632 14.869058609008789 15.387168884277344 14.585870503373874
1446.652 14.944415092468262 15.387168884277344 14.680502656872358
1446.667 15.013838768005371 15.387168884277344 14.767951984956673
1446.682 15.029973983764648 15.387168884277344 14.847824473344584
1446.697 15.00473690032959 15.387168884277344 14.920048212930945
1446.717 14.985135078430176 16.29047966003418 15.009876102735321
1446.732 14.974738121032715 16.29047966003418 15.1098250805143
1446.752 15.043607711791992 16.29047966003418 15.214251143742061
1446.767 15.13732624053955 16.29047966003418 15.318985060527506
1446.782 15.325054168701172 16.29047966003418 15.421030329921686
1446.797 15.50029468536377 16.29047966003418 15.518314144279682
1446.817 15.729249954223633 16.29047966003418 15.609483254140285
1446.832 15.873842239379883 16.29047966003418 15.693737683663384
1446.847 15.972518920898438 16.29047966003418 15.770696191315906
1446.867 16.084680557250977 16.29047966003418 15.84028821852233
1446.882 16.09156036376953 16.29047966003418 15.902667822782753
1446.897 16.073291778564453 16.29047966003418 15.958145757072701
1446.917 16.061052322387695 17.56455421447754 16.042527404298653
1446.932 16.060123443603516 17.56455421447754 16.145279443811976
1446.947 16.176782608032227 17.56455421447754 16.258342707242253
1446.972 16.4162654876709 17.56455421447754 16.37565503445999
1446.987 16.505334854125977 17.56455421447754 16.492753847899994
1446.997 16.524173736572266 17.56455421447754 16.606446897978714
1447.017 16.81458282470703 17.56455421447754 16.71454101042279
1447.032 16.898080825805664 17.56455421447754 16.815619936430352
1447.047 17.030864715576172 17.56455421447754 16.90886356402455
1447.067 17.138486862182617 17.56455421447754 16.99390179350161
1447.087 17.248638153076172 17.56455421447754 17.07069731449522
1447.097 17.321794509887695 16.81228256225586 17.118555915094884
1447.117 17.312416076660156 16.81228256225586 17.144346984128944
1447.132 17.309431076049805 16.81228256225586 17.153606570541402
1447.147 17.205341339111328 16.81228256225586 17.150761383892156
1447.167 17.03460121154785 16.81228256225586 17.139320143031618
1447.192 16.93888282775879 16.81228256225586 17.12203620905929
1447.197 16.82454490661621 16.81228256225586 17.1010451211036
1447.217 16.718782424926758 16.81228256225586 17.077980325351984
1447.232 16.750455856323242 16.81228256225586 17.054070061214972
1447.247 16.787696838378906 16.81228256225586 17.030218052154005
1447.267 16.88632583618164 15.778128623962402 16.978343847157365
1447.282 16.93842887878418 15.778128623962402 16.907828019110006
1447.297 16.945974349975586 15.778128623962402 16.82591113469073
1447.317 16.90198516845703 15.778128623962402 16.738098962622388
1447.332 16.791950225830078 15.778128623962402 16.648501061748988
1447.347 16.620025634765625 15.778128623962402 16.560112219431108
1447.367 16.40574836730957 15.778128623962402 16.475045114936194
1447.382 16.218996047973633 15.778128623962402 16.394721564536656
1447.397 16.180404663085938 15.778128623962402 16.320028771134762
1447.422 16.05438232421875 15.778128623962402 16.251446153531113
1447.432 16.009403228759766 15.778128623962402 16.189147568069174
1447.447 16.002687454223633 15.644326210021973 16.12936632121769
1447.467 16.016246795654297 15.644326210021973 16.073049757363368
1447.482 15.998913764953613 15.644326210021973 16.020780565431604
1447.502 15.99325942993164 15.644326210021973 15.972863912134084
1447.517 15.98176097869873 15.644326210021973 15.929397596412779
1447.532 15.959043502807617 15.644326210021973 15.890328087006864
1447.547 15.934935569763184 15.644326210021973 15.855494886325376
1447.567 15.849180221557617 15.644326210021973 15.824665295842538
1447.582 15.830045700073242 15.644326210021973 15.797561336878978
1447.597 15.79914665222168 15.644326210021973 15.773880301610035
1447.617 15.747304916381836 14.76272964477539 15.728821372175396
1447.632 15.7044038772583 14.76272964477539 15.669693255963873
1447.647 15.623547554016113 14.76272964477539 15.602124670614012
1447.667 15.448719024658203 14.76272964477539 15.530383987850785
1447.687 15.338390350341797 14.76272964477539 15.45764609895425
1447.702 15.279389381408691 14.76272964477539 15.38621404280146
1447.717 15.118927001953125 14.76272964477539 15.317702057418051
1447.737 15.045692443847656 14.76272964477539 15.25318590027982
1447.747 14.984060287475586 14.76272964477539 15.193325535654582
1447.767 15.00152587890625 14.76272964477539 15.13846461034122
1447.782 15.024641036987305 13.552228927612305 15.055085507783263
1447.797 15.004193305969238 13.552228927612305 14.953584465045175
1447.817 14.923296928405762 13.552228927612305 14.841915505815935
1447.832 14.794622421264648 13.552228927612305 14.726061455775987
1447.847 14.686981201171875 13.552228927612305 14.610426259109222
1447.867 14.485879898071289 13.552228927612305 14.498159996488015
1447.882 14.325727462768555 13.552228927612305 14.391426644169997
1447.897 14.16411018371582 13.552228927612305 14.29162335980559
1447.917 13.97057819366455 13.552228927612305 14.199558937782609
1447.937 13.900107383728027 13.552228927612305 14.115598045646237
1447.952 13.858631134033203 13.552228927612305 14.039776930389252
1447.967 13.843932151794434 13.552228927612305 13.971895464085703
1447.982 13.838366508483887 13.552228927612305 13.911589675897687
1447.997 13.83530330657959 13.552228927612305 13.858388284538258
1448.017 13.88452434539795 13.552228927612305 13.811756194048465
1448.032 13.880888938903809 13.552228927612305 13.771127438400224
1448.047 13.842911720275879 13.552228927612305 13.735929649296555
1448.072 13.770294189453125 13.552228927612305 13.705601769268883
1448.082 13.769813537597656 13.552228927612305 13.679606431873466
1448.097 13.732301712036133 13.552228927612305 13.657438176081227
1448.117 13.679303169250488 13.552228927612305 13.638628446995394
1448.132 13.625447273254395 13.552228927612305 13.62274815452863
1448.152 13.620960235595703 13.552228927612305 13.609408410876776
1448.167 13.550456047058105 13.552228927612305 13.598259942311493
1448.182 13.535277366638184 16.082910537719727 13.63016703379281
1448.197 13.505691528320312 16.082910537719727 13.705129685320728
1448.217 13.752514839172363 16.082910537719727 13.823147896895245
1448.232 13.800983428955078 16.082910537719727 13.970498804461254
1448.247 14.163006782531738 16.082910537719727 14.13477839586172
1448.267 14.462260246276855 16.082910537719727 14.306626887967385
1448.282 14.867334365844727 16.082910537719727 14.479126189076853
1448.297 15.060826301574707 16.082910537719727 14.647300255543247
1448.317 15.337872505187988 16.082910537719727 14.807703068245788
1448.332 15.51761531829834 16.082910537719727 14.958080848381462
1448.347 15.560909271240234 16.082910537719727 15.097096860997318
1448.367 15.520102500915527 16.082910537719727 15.224108717416412
1448.382 15.460051536560059 16.082910537719727 15.338989487914446
1448.397 15.39720344543457 18.837631225585938 15.496925818459081
1448.417 15.39568042755127 18.837631225585938 15.697917709050316
1448.432 15.590956687927246 18.837631225585938 15.929176167782682
1448.447 15.712270736694336 18.837631225585938 16.175701819822986
1448.467 16.129806518554688 18.837631225585938 16.426321024681847
1448.482 16.684532165527344 18.837631225585938 16.672912297027953
1448.497 16.769630432128906 18.837631225585938 16.909767126186445
1448.517 17.29732322692871 18.837631225585938 17.133064869708125
1448.532 17.6048583984375 18.837631225585938 17.340443986312273
1448.547 17.92410659790039 18.837631225585938 17.530654222243097
1448.567 18.419973373413086 15.479146003723145 17.67780889812732
1448.582 18.501537322998047 15.479146003723145 17.781908013964944
1448.597 18.608383178710938 15.479146003723145 17.842951569755968
1448.617 18.342754364013672 15.479146003723145 17.86093956550039
1448.632 18.10601043701172 15.479146003723145 17.835872001198215
1448.652 17.500732421875 15.479146003723145 17.76774887684944
1448.667 17.273046493530273 15.479146003723145 17.656570192454062
1448.682 16.991262435913086 15.479146003723145 17.51640812539543
1448.697 16.740337371826172 15.479146003723145 17.359368025680823
1448.717 16.49398422241211 15.479146003723145 17.194594228259266
1448.732 16.32870101928711 15.479146003723145 17.02885499800114
1448.747 16.286094665527344 12.730220794677734 16.820060207696415
1448.767 16.221742630004883 12.730220794677734 16.56820985734509
1448.782 16.155376434326172 12.730220794677734 16.28110629156487
1448.797 16.070480346679688 12.730220794677734 15.976713021796202
1448.817 15.541356086730957 12.730220794677734 15.668384167244614
1448.832 15.437501907348633 12.730220794677734 15.365799501621003
1448.847 15.052906036376953 12.730220794677734 15.075736635121606
1448.867 14.558115005493164 12.730220794677734 14.80270502716384
1448.882 14.257482528686523 12.730220794677734 14.54946336636583
1448.897 14.022784233093262 12.730220794677734 14.31743899205135
1448.917 13.836162567138672 12.730220794677734 14.107065461584224
1448.932 13.590103149414062 12.730220794677734 13.918052078676952
1448.947 13.536530494689941 10.88914680480957 13.698456224002934
1448.967 13.396062850952148 10.88914680480957 13.46304281716965
1448.982 13.29920482635498 10.88914680480957 13.222832760172322
1448.997 13.054347038269043 10.88914680480957 12.985857606240895
1449.017 12.655851364135742 10.88914680480957 12.75778344331028
1449.032 12.49006175994873 10.88914680480957 12.542423717874293
1449.047 12.257403373718262 10.88914680480957 12.342158221007676
1449.067 11.92970085144043 10.88914680480957 12.158273185441503
1449.082 11.745436668395996 10.88914680480957 11.991235398419342
1449.097 11.6611909866333 10.88914680480957 11.840911411617148
1449.117 11.540374755859375 10.88914680480957 11.706741314794566
1449.132 11.473272323608398 10.88914680480957 11.587875119741382
1449.147 11.454194068908691 10.88914680480957 11.483278559826003
1449.167 11.405750274658203 10.88914680480957 11.391814031849236
1449.182 11.394049644470215 10.88914680480957 11.312301474832125
1449.197 11.35470199584961 9.813027381896973 11.213670969885884
1449.222 11.26512336730957 9.813027381896973 11.104079005740555
1449.247 10.936172485351562 9.813027381896973 10.989675550874987
1449.247 10.936172485351562 9.813027381896973 10.87500173514209
1449.267 10.737276077270508 9.813027381896973 10.763319544894223
1449.282 10.571234703063965 9.813027381896973 10.656883636252454
1449.297 10.443016052246094 9.813027381896973 10.557164116010417
1449.317 10.400232315063477 9.813027381896973 10.46502799431793
1449.332 10.239501953125 9.813027381896973 10.380885978454533
1449.347 10.099401473999023 9.813027381896973 10.304810350112746
1449.367 10.058340072631836 9.813027381896973 10.236628844827724
1449.382 10.051813125610352 9.813027381896973 10.175998725183314
1449.397 10.059534072875977 9.813027381896973 10.122464601968884
1449.417 10.094306945800781 9.813027381896973 10.07550300189104
1449.432 10.100183486938477 9.813027381896973 10.03455619899108
1449.447 10.080048561096191 9.813027381896973 9.999057411956697
1449.467 10.062552452087402 9.813027381896973 9.968449113732616
1449.487 10.050233840942383 9.36606502532959 9.929780274034417
1449.497 9.993439674377441 9.36606502532959 9.886408847613648
1449.517 9.902478218078613 9.36606502532959 9.84087199608188
1449.532 9.799749374389648 9.36606502532959 9.795048169260385
1449.552 9.713003158569336 9.36606502532959 9.750291561029973
1449.572 9.596911430358887 9.36606502532959 9.707543032021258
1449.582 9.571626663208008 9.36606502532959 9.66742108568808
1449.597 9.522177696228027 9.36606502532959 9.630296022192395
1449.617 9.471976280212402 9.36606502532959 9.596349976557299
1449.632 9.461397171020508 9.36606502532959 9.565625172819093
1449.647 9.470802307128906 9.36606502532959 9.538062392585585
1449.667 9.505624771118164 9.36606502532959 9.513531362014513
1449.682 9.523554801940918 9.36606502532959 9.491854502910327
1449.697 9.548172950744629 9.36606502532959 9.472825268353157
1449.717 9.561717987060547 9.36606502532959 9.456222087919503
1449.732 9.537361145019531 9.36606502532959 9.441818779076451
1449.752 9.487000465393066 9.36606502532959 9.429392136794862
1449.767 9.450444221496582 9.36606502532959 9.418727290063607
1449.787 9.380890846252441 9.36606502532959 9.40962130922416
1449.797 9.352643966674805 9.36606502532959 9.401885459522731
1449.817 9.365925788879395 9.36606502532959 9.395346421852977
1449.832 9.336283683776855 9.36606502532959 9.389846739409123
1449.847 9.348531723022461 9.36606502532959 9.385244697167847
1449.867 9.366646766662598 9.36606502532959 9.381413798245191
1449.882 9.374728202819824 9.36606502532959 9.37824196589288
1449.897 9.390678405761719 9.36606502532959 9.37563057103633
1449.917 9.376422882080078 9.36606502532959 9.373493361797046
1449.932 9.379337310791016 9.36606502532959 9.371755352505964
1449.947 9.390320777893066 9.36606502532959 9.370351714546096
1449.967 9.390617370605469 9.36606502532959 9.369226699316053
1449.987 9.404818534851074 9.36606502532959 9.368332614131251
1449.997 9.39586353302002 9.36606502532959 9.36762886451096
1450.017 9.375164031982422 9.36606502532959 9.367081070645026
1450.032 9.368340492248535 9.36606502532959 9.366660261565274
1450.047 9.354281425476074 9.36606502532959 9.366342147389398
1450.067 9.331955909729004 9.36606502532959 9.366106467732257
1450.082 9.342140197753906 9.36606502532959 9.365936412803483
1450.097 9.35625171661377 9.36606502532959 9.365818112677584
1450.117 9.364677429199219 9.36606502532959 9.36574018960793
1450.132 9.379977226257324 9.36606502532959 9.36569336795793
1450.147 9.377523422241211 12.08273983001709 9.408702106354529
1450.167 9.351116180419922 12.08273983001709 9.494766404797728
1450.182 9.504005432128906 12.08273983001709 9.623886263287527
1450.197 9.740083694458008 12.08273983001709 9.784723655052991
1450.217 10.135313987731934 12.08273983001709 9.96382423940449
1450.232 10.314611434936523 12.08273983001709 10.151038428088517
1450.247 10.70726203918457 12.08273983001709 10.33886697175174
1450.267 11.0143461227417 12.08273983001709 10.521918343050551
1450.282 11.193192481994629 12.08273983001709 10.69646131338122
1450.297 11.26495361328125 12.08273983001709 10.86005818012887
1450.317 11.37833023071289 12.08273983001709 11.011265981586769
1450.332 11.37939453125 12.08273983001709 11.14939473595814
1450.347 11.36745548248291 12.08273983001709 11.274313263200229
1450.367 11.33287525177002 12.08273983001709 11.386294501742872
1450.382 11.31862735748291 12.08273983001709 11.485893426624775
1450.397 11.35909366607666 12.08273983001709 11.57385172314193
1450.417 11.465836524963379 12.08273983001709 11.651024283233808
1450.432 11.528788566589355 12.08273983001709 11.71832338326524
1450.447 11.636930465698242 14.181622505187988 11.828678043343272
1450.472 11.877140045166016 14.181622505187988 11.97312512330393
1450.482 12.09803295135498 14.181622505187988 12.137992684370362
1450.497 12.366938591003418 14.181622505187988 12.312915268309082
1450.517 12.771233558654785 14.181622505187988 12.490184990652565
1450.532 13.033870697021484 14.181622505187988 12.664212669350498
1450.547 13.033870697021484 14.181622505187988 12.831082780793402
1450.567 13.479316711425781 14.181622505187988 12.98818802111906
1450.582 13.672127723693848 14.181622505187988 13.133931069046291
1450.597 13.652195930480957 14.181622505187988 13.267482794168954
1450.617 13.601606369018555 14.181622505187988 13.388587634265905
1450.632 13.590300559997559 14.181622505187988 13.497408183258102
1450.647 13.51799488067627 14.181622505187988 13.594402197130554
1450.667 13.470788955688477 14.181622505187988 13.680226249231124
1450.682 13.504960060119629 14.181622505187988 13.755661160530993
1450.697 13.53130054473877 17.302885055541992 13.874151631877462
1450.717 13.65327262878418 17.302885055541992 14.03569766327053
1450.732 14.0277099609375 17.302885055541992 14.2402992547102
1450.747 14.231897354125977 17.302885055541992 14.472002228893135
1450.767 14.67426872253418 17.302885055541992 14.716691665909616
1450.782 14.97607421875 17.302885055541992 14.963891138249917
1450.797 15.288178443908691 17.302885055541992 15.206022816476162
1450.817 15.831180572509766 17.302885055541992 15.43779669500993
1450.832 16.011619567871094 17.302885055541992 15.655709319952987
1450.847 16.337900161743164 17.302885055541992 15.857634917592165
1450.867 16.72312355041504 17.302885055541992 16.04249410093587
1450.882 16.952198028564453 14.402857780456543 16.184297724232973
1450.897 17.009395599365234 14.402857780456543 16.283045787483477
1450.917 16.84243392944336 14.402857780456543 16.33873829068738
1450.932 16.584299087524414 14.402857780456543 16.351375233844685
1450.952 16.28975486755371 14.402857780456543 16.32095661695539
1450.967 15.883315086364746 14.402857780456543 16.247482440019493
1450.982 15.602014541625977 14.402857780456543 16.14358636841304
1450.997 15.357083320617676 14.402857780456543 16.020773941699
1451.017 15.15363883972168 14.402857780456543 15.887816250757508
1451.037 15.070838928222656 14.402857780456543 15.751281056847645
1451.047 15.049757957458496 14.402857780456543 15.615974630534195
1451.067 15.115562438964844 14.402857780456543 15.485307333214099
1451.082 15.196125984191895 14.402857780456543 15.361594392463736
1451.097 15.255941390991211 14.402857780456543 15.246301878087102
1451.122 15.338303565979004 14.402857780456543 15.140246572665061
1451.132 15.349635124206543 14.402857780456543 15.043757247870772
1451.147 15.305885314941406 14.402857780456543 14.95680380168665
1451.167 15.138755798339844 14.402857780456543 14.879099775455963
1451.182 15.013554573059082 14.402857780456543 14.810182945453441
1451.197 14.856152534484863 14.402857780456543 14.7494779625399
1451.217 14.667401313781738 15.20033073425293 14.718496415091696
1451.232 14.539725303649902 15.20033073425293 14.709677261251088
1451.247 14.512796401977539 15.20033073425293 14.71698613235622
1451.267 14.491209983825684 15.20033073425293 14.73565039688227
1451.282 14.619239807128906 15.20033073425293 14.761934241345712
1451.297 14.76685619354248 15.20033073425293 14.79294867778488
1451.317 14.900747299194336 15.20033073425293 14.826491859523575
1451.332 14.998802185058594 15.20033073425293 14.860915553544078
1451.347 15.05108642578125 15.20033073425293 14.895014067531
1451.367 15.196866989135742 15.20033073425293 14.927932354789112
1451.382 15.20218276977539 15.20033073425293 14.95909041594536
1451.397 15.161179542541504 15.20033073425293 14.988121479965551
1451.417 15.111538887023926 15.20033073425293 15.014821777540545
1451.432 15.08247184753418 11.439473152160645 14.99846651506894
1451.447 15.01103401184082 11.439473152160645 14.939055692550733
1451.467 14.789148330688477 11.439473152160645 14.836589309985927
1451.482 14.546960830688477 11.439473152160645 14.69106736737452
1451.497 14.305800437927246 11.439473152160645 14.502489864716514
1451.517 13.893318176269531 11.439473152160645 14.282258850818955
1451.532 13.621217727661133 11.439473152160645 14.045460349802722
1451.547 13.367568969726562 11.439473152160645 13.803366220088375
1451.567 12.945442199707031 11.439473152160645 13.564201727523264
1451.582 12.783408164978027 11.439473152160645 13.333780267024922
1451.597 12.749385833740234 11.439473152160645 13.116025242837827
1451.622 12.666744232177734 11.439473152160645 12.913396582456082
1451.632 12.635074615478516 11.439473152160645 12.727237057064583
1451.647 12.577155113220215 10.879977226257324 12.542509954854566
1451.667 12.501745223999023 10.879977226257324 12.36394073150007
1451.682 12.383002281188965 10.879977226257324 12.19474491128939
1451.697 12.237964630126953 10.879977226257324 12.03696658091158
1451.717 11.97862720489502 10.879977226257324 11.891753516601813
1451.737 11.670512199401855 10.879977226257324 11.759579256106708
1451.747 11.575743675231934 10.879977226257324 11.640420979105047
1451.767 11.481959342956543 10.879977226257324 11.533900775898873
1451.782 11.319748878479004 10.879977226257324 11.439396753568188
1451.797 11.261670112609863 10.879977226257324 11.356129439359268
1451.817 11.149649620056152 10.879977226257324 11.283228080329746
1451.832 11.11989688873291 10.879977226257324 11.21978069365433
1451.847 11.09379768371582 10.879977226257324 11.164871081284474
1451.867 11.120352745056152 10.879977226257324 11.117605474210146
1451.882 11.089003562927246 10.879977226257324 11.077131004484782
1451.897 11.084339141845703 10.879977226257324 11.0426478073688
1451.917 11.095744132995605 10.879977226257324 11.013416222220812
1451.932 11.078022003173828 10.879977226257324 10.988760280799978
1451.947 11.046184539794922 10.879977226257324 10.968068437982454
1451.967 11.038405418395996 10.879977226257324 10.950792305910277
1451.982 10.970882415771484 10.879977226257324 10.936443992429407
1452.017 10.913904190063477 10.879977226257324 10.924592513200642
1452.017 10.836030960083008 10.879977226257324 10.914859639606348
1452.032 10.833495140075684 10.879977226257324 10.906915457646829
1452.052 10.833495140075684 10.879977226257324 10.90047384307658
1452.067 10.875737190246582 10.879977226257324 10.895288002203168
1452.082 10.873780250549316 10.879977226257324 10.891146183610996
1452.097 10.897430419921875 10.879977226257324 10.887867631500068
1452.117 10.920994758605957 10.879977226257324 10.885298824589412
1452.132 10.909929275512695 10.879977226257324 10.883310024150092
1452.147 10.916611671447754 10.879977226257324 10.881792139469066
1452.172 10.9245023727417 11.452740669250488 10.896564005173872
1452.182 10.94408893585205 11.452740669250488 10.922599862102098
1452.197 10.96572494506836 11.452740669250488 10.955985027583884
1452.217 11.025226593017578 11.452740669250488 10.993709831615893
1452.232 11.088035583496094 11.452740669250488 11.033496798545688
1452.247 11.141278266906738 11.452740669250488 11.07365645521398
1452.267 11.157866477966309 11.452740669250488 11.11296766005443
1452.282 11.216358184814453 11.452740669250488 11.150578829737995
1452.297 11.242046356201172 11.452740669250488 11.18592688609517
1452.317 11.261443138122559 11.452740669250488 11.218671154045092
1452.332 11.27012825012207 11.452740669250488 11.248639810581473
1452.347 11.299606323242188 11.452740669250488 11.275786816210765
1452.367 11.3203763961792 11.452740669250488 11.300157555163313
1452.382 11.304673194885254 11.452740669250488 11.321861671330371
1452.397 11.319580078125 11.452740669250488 11.341051815695259
1452.417 11.346648216247559 11.452740669250488 11.357907220684448
1452.432 11.370019912719727 11.452740669250488 11.372621190079236
1452.452 11.368358612060547 11.452740669250488 11.385391742581639
1452.467 11.37256908416748 11.452740669250488 11.396414775400038
1452.482 11.400279998779297 11.452740669250488 11.405879223749382
1452.497 11.424738883972168 11.452740669250488 11.413963785215143
1452.517 11.441463470458984 11.452740669250488 11.42083485659281
1452.532 11.434883117675781 11.452740669250488 11.426645396978207
1452.547 11.436391830444336 11.452740669250488 11.431534486251719
1452.567 11.445466041564941 11.452740669250488 11.435627394192455
1452.582 11.455886840820312 11.452740669250488 11.439036013624031
1452.602 11.434758186340332 11.452740669250488 11.441859542417847
1452.617 11.431581497192383 11.452740669250488 11.444185324899681
1452.632 11.424687385559082 11.452740669250488 11.44608978412294
1452.647 11.439459800720215 11.452740669250488 11.4476393933665
1452.667 11.473560333251953 11.452740669250488 11.44889164875749
1452.682 11.447657585144043 11.452740669250488 11.449896015682931
1452.697 11.471369743347168 11.452740669250488 11.450694830127551
1452.717 11.440162658691406 13.726372718811035 11.494549204618773
1452.737 11.514312744140625 13.726372718811035 11.581459139156594
1452.747 11.58899974822998 13.726372718811035 11.70332552994072
1452.767 11.863759994506836 13.726372718811035 11.846858869309932
1452.782 12.108657836914062 13.726372718811035 12.0019331505577
1452.797 12.356502532958984 13.726372718811035 12.16097082060836
1452.817 12.620233535766602 13.726372718811035 12.318431205724758
1452.832 12.992259979248047 13.726372718811035 12.470387303285444
1452.847 13.015430450439453 13.726372718811035 12.614177658362234
1452.867 13.072751998901367 13.726372718811035 12.748121721166362
1452.882 13.0892333984375 13.726372718811035 12.871288605854593
1452.897 13.110472679138184 13.726372718811035 12.983310543676364
1452.917 13.070846557617188 13.726372718811035 13.084233548922233
1452.937 13.086803436279297 13.726372718811035 13.174398902214579
1452.947 13.086803436279297 13.726372718811035 13.254350011690937
1452.967 13.115066528320312 15.452858924865723 13.372718004036923
1452.982 13.253859519958496 15.452858924865723 13.515330095074768
1452.997 13.497483253479004 15.452858924865723 13.671355675763708
1453.022 13.863127708435059 15.452858924865723 13.832660212810952
1453.037 14.22672176361084 15.452858924865723 13.993267319784955
1453.052 14.420808792114258 15.452858924865723 14.148913292891038
1453.067 14.651176452636719 15.452858924865723 14.296680287094496
1453.082 14.861710548400879 15.452858924865723 14.434696040711481
1453.097 14.920695304870605 15.452858924865723 14.561889634051889
1453.117 14.98291015625 15.452858924865723 14.677794190281565
1453.132 14.95899486541748 15.452858924865723 14.782388698739828
1453.147 14.922245979309082 15.452858924865723 14.875972269813252
1453.167 14.89394760131836 15.452858924865723 14.959065125344834
1453.182 14.879830360412598 17.948495864868164 15.085213540923018
1453.197 14.886933326721191 17.948495864868164 15.254417516547802
1453.217 15.215468406677246 17.948495864868164 15.450515880726757
1453.232 15.39748764038086 17.948495864868164 15.660441378954516
1453.247 15.822442054748535 17.948495864868164 15.874445058598354
1453.267 16.240629196166992 17.948495864868164 16.085426887586614
1453.282 16.557819366455078 17.948495864868164 16.288382450010936
1453.297 16.86079216003418 17.948495864868164 16.479948199749867
1453.317 17.209482192993164 17.948495864868164 16.658029979184775
1453.332 17.41941261291504 17.948495864868164 16.821501530156322
1453.347 17.454761505126953 17.948495864868164 16.96996154072216
1453.372 17.454980850219727 19.230998992919922 17.139164481879508
1453.382 17.423795700073242 19.230998992919922 17.31853310746518
1453.397 17.465499877929688 19.230998992919922 17.50020467773273
1453.417 17.567102432250977 19.230998992919922 17.678480258621114
1453.432 17.6932315826416 19.230998992919922 17.84936994718561
1453.447 17.83686065673828 19.230998992919922 18.01021947673853
1453.467 18.093111038208008 19.230998992919922 18.159405516194546
1453.482 18.291316986083984 19.230998992919922 18.296088664169652
1453.497 18.42027473449707 19.230998992919922 18.42001465226174
1453.522 18.76152801513672 16.42795181274414 18.50088508030723
1453.532 18.819747924804688 16.42795181274414 18.53869994830612
1453.547 18.84953498840332 16.42795181274414 18.53345925625841
1453.567 18.712749481201172 16.42795181274414 18.4851630041641
1453.582 18.385841369628906 16.42795181274414 18.39381119202319
1453.597 18.228445053100586 16.42795181274414 18.27373518399616
1453.617 17.826440811157227 16.42795181274414 18.13640894769053
1453.632 17.609495162963867 16.42795181274414 17.9905346661132
1453.647 17.35651206970215 16.42795181274414 17.842586349350604
1453.667 17.063091278076172 14.487207412719727 17.65158247254141
1453.682 16.950214385986328 14.487207412719727 17.426797047264735
1453.697 16.815649032592773 14.487207412719727 17.184045552994544
1453.717 16.53945541381836 14.487207412719727 16.93516147397757
1453.732 16.4455623626709 14.487207412719727 16.688795823343177
1453.747 16.287988662719727 14.487207412719727 16.451078537354988
1453.767 16.121084213256836 14.487207412719727 16.226162504535004
1453.782 15.977849006652832 14.487207412719727 16.016668371193084
1453.797 15.853951454162598 14.487207412719727 15.824045881004606
1453.817 15.664202690124512 14.054633140563965 15.636849406854665
1453.832 15.50356388092041 14.054633140563965 15.458741480054277
1453.847 15.316821098327637 14.054633140563965 15.292094454980612
1453.867 15.139222145080566 14.054633140563965 15.13829016048775
1453.882 14.905365943908691 14.054633140563965 14.997962164680684
1453.897 14.755881309509277 14.054633140563965 14.871190183022756
1453.917 14.631196975708008 14.054633140563965 14.757654788940318
1453.932 14.5342378616333 14.054633140563965 14.656759377033747
1453.947 14.445687294006348 14.054633140563965 14.567725269456178
1453.967 14.407256126403809 14.054633140563965 14.489664933052023
1453.982 14.377538681030273 14.054633140563965 14.421637475397391
1453.997 14.36866283416748 14.054633140563965 14.36268989916362
1454.017 14.34484577178955 14.054633140563965 14.311887003991249
1454.032 14.32542610168457 14.054633140563965 14.268332321805625
1454.047 14.303120613098145 14.054633140563965 14.231182044562528
1454.067 14.281377792358398 14.054633140563965 14.199653543020222
1454.082 14.248860359191895 14.054633140563965 14.173029772447936
1454.097 14.212828636169434 14.054633140563965 14.150660608258057
1454.117 14.161772727966309 14.054633140563965 14.131961944316123
1454.132 14.137715339660645 14.054633140563965 14.116413212883542
1454.147 14.077291488647461 14.054633140563965 14.103553842287628
1454.167 14.037934303283691 14.054633140563965 14.092979051694288
1454.182 14.032407760620117 14.054633140563965 14.084335287616154
1454.197 14.028414726257324 14.054633140563965 14.077315530428155
1454.217 14.046395301818848 14.953133583068848 14.09661298632481
1454.232 14.073660850524902 14.953133583068848 14.134235070712425
1454.247 14.138476371765137 14.953133583068848 14.183944747239112
1454.267 14.371224403381348 14.953133583068848 14.240936373461523
1454.282 14.415525436401367 14.953133583068848 14.301563629298066
1454.297 14.499588966369629 14.953133583068848 14.363112329022112
1454.317 14.615193367004395 14.953133583068848 14.423611710570139
1454.332 14.658408164978027 14.953133583068848 14.481678542222564
1454.347 14.674857139587402 14.953133583068848 14.536389078771608
1454.367 14.671244621276855 14.953133583068848 14.587174533261273
1454.382 14.691582679748535 14.953133583068848 14.633736305116745
1454.397 14.702656745910645 14.953133583068848 14.675977721793675
1454.417 14.689905166625977 15.485987663269043 14.728751014953664
1454.432 14.682856559753418 15.485987663269043 14.787606227807974
1454.447 14.730838775634766 15.485987663269043 14.849185282492414
1454.467 14.872679710388184 15.485987663269043 14.911005894306317
1454.482 14.941167831420898 15.485987663269043 14.97128238266326
1454.497 15.038481712341309 15.485987663269043 15.028777902158744
1454.517 15.16908073425293 15.485987663269043 15.082683296080926
1454.532 15.248250961303711 15.485987663269043 15.132518394519042
1454.547 15.296252250671387 15.485987663269043 15.17805213948605
1454.567 15.374899864196777 15.485987663269043 15.21923842148131
1454.587 15.37057876586914 15.485987663269043 15.256164958236297
1454.597 15.3773832321167 15.485987663269043 15.289012940392963
1454.617 15.348763465881348 14.379146575927734 15.287279925470633
1454.637 15.230313301086426 14.379146575927734 15.260812002461112
1454.647 15.199856758117676 14.379146575927734 15.21735261584823
1454.667 15.057618141174316 14.379146575927734 15.162923219213635
1454.687 14.903829574584961 14.379146575927734 15.102143910067584
1454.697 14.840099334716797 14.379146575927734 15.038502144701207
1454.717 14.747248649597168 14.379146575927734 14.974576779419358
1454.732 14.730538368225098 14.379146575927734 14.912223872311996
1454.747 14.681320190429688 14.379146575927734 14.85272991891787
1454.767 14.685062408447266 14.379146575927734 14.7969374922982
1454.782 14.678996086120605 14.379146575927734 14.745347616268841
1454.797 14.697455406188965 14.379146575927734 14.69820262036184
1454.817 14.693729400634766 14.379146575927734 14.655552705166423
1454.832 14.684795379638672 10.89612102508545 14.569847229924404
1454.847 14.62256145477295 10.89612102508545 14.441086194635785
1454.867 14.360624313354492 10.89612102508545 14.269269599300566
1454.887 14.010479927062988 10.89612102508545 14.054397443918747
1454.897 13.818178176879883 10.89612102508545 13.81267582606285
1454.917 13.358848571777344 10.89612102508545 13.558426583915882
1454.932 13.101602554321289 10.89612102508545 13.302261690897298
1454.947 12.464982032775879 10.89612102508545 13.051839606997328
1454.967 12.206748962402344 10.89612102508545 12.812489372603642
1454.982 12.024554252624512 10.89612102508545 12.587722581841403
1454.997 11.980162620544434 10.89612102508545 12.379650781416403
1455.017 11.8196382522583 10.89612102508545 12.189323496656629
1455.032 11.815805435180664 10.89612102508545 12.016999984100622
1455.047 11.824678421020508 9.084280014038086 11.812037017204986
1455.067 11.68949031829834 9.084280014038086 11.589375858189234
1455.082 11.664535522460938 9.084280014038086 11.360216027922288
1455.097 11.404186248779297 9.084280014038086 11.132764368192746
1455.117 10.99670124053955 9.084280014038086 10.912854999641283
1455.132 10.682242393493652 9.084280014038086 10.704459533864043
1455.147 10.291528701782227 9.084280014038086 10.510104461780259
1455.167 10.045512199401855 9.084280014038086 10.331210424201439
1455.182 9.872761726379395 9.084280014038086 10.168366073796012
1455.197 9.72526741027832 9.084280014038086 10.02154745361078
1455.217 9.627182960510254 9.084280014038086 9.890292235277085
1455.232 9.593731880187988 9.084280014038086 9.7738367667077
1455.247 9.609831809997559 9.084280014038086 9.671222659715056
1455.267 9.59683895111084 9.084280014038086 9.581378587139437
1455.282 9.590375900268555 9.084280014038086 9.503182041316958
1455.297 9.55104923248291 9.084280014038086 9.435505015994863
1455.317 9.534461975097656 9.084280014038086 9.377246897775413
1455.337 9.480696678161621 9.084280014038086 9.327357277404126
1455.352 9.423354148864746 9.084280014038086 9.284850903299672
1455.367 9.345762252807617 9.084280014038086 9.24881658831452
1455.382 9.27246379852295 9.084280014038086 9.21842153556767
1455.397 9.190740585327148 9.084280014038086 9.192912261117083
1455.417 9.0920991897583 9.084280014038086 9.17161305207083
1455.432 9.040705680847168 9.084280014038086 9.153922701259578
1455.447 9.050968170166016 9.084280014038086 9.139310097481653
1455.467 9.025846481323242 9.084280014038086 9.127309118068302
1455.487 9.071560859680176 9.084280014038086 9.117513163318336
1455.497 9.08299446105957 9.084280014038086 9.10956958609376
1455.517 9.1238374710083 9.084280014038086 9.103174201014264
1455.532 9.124652862548828 9.084280014038086 9.098066003219936
1455.547 9.129817008972168 9.084280014038086 9.094022184025599
1455.567 9.115447998046875 9.084280014038086 9.090853497801533
1455.582 9.158177375793457 9.084280014038086 9.08840000926419
1455.602 9.116061210632324 10.89279556274414 9.129002080773446
1455.622 9.116061210632324 10.89279556274414 9.207094499920345
1455.632 9.171175003051758 10.89279556274414 9.309885766895434
1455.652 9.36335563659668 10.89279556274414 9.427522561179721
1455.667 9.753911018371582 10.89279556274414 9.552530960745262
1455.682 9.833374977111816 10.89279556274414 9.679349888081079
1455.697 10.082520484924316 10.89279556274414 9.803943611943172
1455.717 10.35275650024414 10.89279556274414 9.923481669547026
1455.742 10.4191312789917 10.89279556274414 10.036075997794056
1455.747 10.4191312789917 10.89279556274414 10.14056636621598
1455.767 10.432089805603027 10.89279556274414 10.2363463863463
1455.782 10.409693717956543 10.89279556274414 10.323223433937436
1455.797 10.35929012298584 9.110342979431152 10.367044921481972
1455.817 10.376073837280273 9.110342979431152 10.367810848979907
1455.832 10.30060863494873 9.110342979431152 10.333430096988973
1455.847 10.109831809997559 9.110342979431152 10.274815912871967
1455.867 9.890457153320312 9.110342979431152 10.20046260804023
1455.882 9.772297859191895 9.110342979431152 10.116894970056274
1455.902 9.632706642150879 9.110342979431152 10.029045050302187
1455.917 9.567845344543457 9.110342979431152 9.940566437812718
1455.932 9.569252967834473 9.110342979431152 9.854095001697694
1455.947 9.595775604248047 9.110342979431152 9.771464026541771
1455.972 9.614480018615723 9.110342979431152 9.693880686787983
1455.987 9.678250312805176 9.110342979431152 9.622069911993533
1455.997 9.690235137939453 9.110342979431152 9.556390885953666
1456.017 9.642291069030762 9.110342979431152 9.496930697344274
1456.032 9.616936683654785 9.110342979431152 9.443579014212926
1456.047 9.539729118347168 9.110342979431152 9.396087084603252
1456.067 9.429929733276367 9.110342979431152 9.354113865335398
1456.087 9.292037010192871 9.110342979431152 9.317261644610019
1456.097 9.292037010192871 9.110342979431152 9.285103145669114
1456.117 9.183953285217285 9.110342979431152 9.257201772334813
1456.137 9.158315658569336 9.110342979431152 9.23312637718469
1456.147 9.132948875427246 9.110342979431152 9.212461694056172
1456.167 9.129205703735352 9.110342979431152 9.194815373528407
1456.182 9.124772071838379 9.110342979431152 9.179822388441256
1456.197 9.13077449798584 9.110342979431152 9.167147432232088
1456.217 9.149080276489258 9.110342979431152 9.156485812171535
1456.232 9.17353630065918 9.110342979431152 9.147563239131424
1456.247 9.189470291137695 9.110342979431152 9.140134832373896
1456.267 9.198861122131348 9.110342979431152 9.133983589417152
1456.282 9.209938049316406 9.110342979431152 9.128918515043162
1456.297 9.171293258666992 9.110342979431152 9.124772557995827
1456.317 9.153729438781738 9.110342979431152 9.121400467171231
1456.332 9.13943862915039 11.735868453979492 9.161083936393235
1456.347 9.133103370666504 11.735868453979492 9.243822965661838
1456.367 9.315173149108887 11.735868453979492 9.369617554977042
1456.382 9.491643905639648 11.735868453979492 9.525499540622452
1456.397 9.741721153259277 11.735868453979492 9.698614104251433
1456.417 9.998781204223633 11.735868453979492 9.879269943467154
1456.432 10.388236999511719 11.735868453979492 10.060312145129169
1456.447 10.582174301147461 11.735868453979492 10.236602289301256
1456.467 10.90656566619873 11.735868453979492 10.404589843382434
1456.492 11.063434600830078 11.735868453979492 10.561960886587713
1456.497 11.063434600830078 11.735868453979492 10.707352012166023
1456.517 11.122784614562988 11.735868453979492 10.840118887490261
1456.532 11.081206321716309 11.735868453979492 10.960150414508604
1456.547 11.052092552185059 11.735868453979492 11.067720732664284
1456.567 11.014673233032227 11.735868453979492 11.163372453280969
1456.582 11.012456893920898 11.735868453979492 11.247825519987664
1456.597 11.048632621765137 11.735868453979492 11.321906966126686
1456.617 11.146754264831543 13.803754806518555 11.439043972312309
1456.632 11.254525184631348 13.803754806518555 11.58867857726065
1456.647 11.527668952941895 13.803754806518555 11.757446610271046
1456.667 11.963630676269531 13.803754806518555 11.935238931703894
1456.682 12.280840873718262 13.803754806518555 12.114559983595647
1456.702 12.587577819824219 13.803754806518555 12.289995484777124
1456.717 12.982114791870117 13.803754806518555 12.457773132465855
1456.732 13.18653392791748 13.803754806518555 12.615402161231573
1456.747 13.263901710510254 13.803754806518555 12.761379428663329
1456.767 13.2776460647583 13.803754806518555 12.894951342792968
1456.782 13.299847602844238 13.803754806518555 13.015922422571007
1456.797 13.238539695739746 13.803754806518555 13.12450259646115
1456.817 13.19218921661377 13.803754806518555 13.221186505058736
1456.832 13.139151573181152 13.803754806518555 13.306659092631264
1456.847 13.123269081115723 13.803754806518555 13.381722661510173
1456.867 13.146538734436035 16.987499237060547 13.499841790435681
1456.882 13.242253303527832 16.987499237060547 13.66101647940779
1456.897 13.590622901916504 16.987499237060547 13.865246728426499
1456.917 14.00770378112793 16.987499237060547 14.098340982602842
1456.932 14.211328506469727 16.987499237060547 14.345646265646469
1456.947 14.642622947692871 16.987499237060547 14.596266527256109
1456.967 15.165718078613281 16.987499237060547 14.842300848795979
1456.982 15.368810653686523 16.987499237060547 15.07821429259797
1457.002 15.803194999694824 16.987499237060547 15.300321288937099
1457.017 16.129535675048828 16.987499237060547 15.506364025367787
1457.032 16.332908630371094 16.987499237060547 15.695170632492513
1457.047 16.449987411499023 16.987499237060547 15.866380052013252
1457.067 16.50389862060547 19.760665893554688 16.08064503158059
1457.082 16.527713775634766 19.760665893554688 16.336424409488497
1457.097 16.62327003479004 19.760665893554688 16.614850788799583
1457.117 16.863121032714844 19.760665893554688 16.901773451882924
1457.132 17.122356414794922 19.760665893554688 17.186815043404955
1457.147 17.52060317993164 19.760665893554688 17.462590710856556
1457.167 17.816720962524414 19.760665893554688 17.724065363521905
1457.182 18.112789154052734 19.760665893554688 17.9680277702479
1457.197 18.382251739501953 19.760665893554688 18.19266300008243
1457.217 18.708595275878906 19.760665893554688 18.397207218617403
1457.232 18.85561752319336 22.11073875427246 18.644806997198977
1457.247 19.058942794799805 22.11073875427246 18.918529393706947
1457.267 19.250045776367188 22.11073875427246 19.203369598646727
1457.282 19.519956588745117 22.11073875427246 19.48826533739138
1457.297 19.936626434326172 22.11073875427246 19.76528710401588
1457.317 20.3331356048584 22.11073875427246 20.0289708075284
1457.332 20.507328033447266 22.11073875427246 20.275771017923958
1457.347 20.743574142456055 22.11073875427246 20.503615829720218
1457.367 21.07232093811035 22.11073875427246 20.711546916257017
1457.382 21.184242248535156 22.02096176147461 20.896936830252468
1457.397 21.284984588623047 22.02096176147461 21.06102251722268
1457.417 21.338130950927734 22.02096176147461 21.20528223891501
1457.432 21.350608825683594 22.02096176147461 21.331326137541726
1457.447 21.354894638061523 22.02096176147461 21.440814143469087
1457.467 21.37623405456543 22.02096176147461 21.53539575939134
1457.482 21.394126892089844 22.02096176147461 21.61666719531387
1457.497 21.473358154296875 22.02096176147461 21.686142128977735
1457.517 21.57468605041504 22.02096176147461 21.745233043394133
1457.532 21.72073745727539 20.529157638549805 21.76126839776393
1457.547 21.697410583496094 20.529157638549805 21.738535099054964
1457.567 21.728431701660156 20.529157638549805 21.688649080131327
1457.582 21.663448333740234 20.529157638549805 21.620689335014166
1457.597 21.557235717773438 20.529157638549805 21.54166452395333
1457.617 21.39151382446289 20.529157638549805 21.45690488299925
1457.632 21.21460723876953 20.529157638549805 21.370389715422956
1457.647 21.178720474243164 20.529157638549805 21.285019619810033
1457.667 20.994916915893555 19.471885681152344 21.173472882332774
1457.682 20.88840103149414 19.471885681152344 21.04626473938157
1457.697 20.73697853088379 19.471885681152344 20.911366149300466
1457.717 20.59827423095703 19.471885681152344 20.774703255671913
1457.732 20.481271743774414 19.471885681152344 20.640572136412747
1457.747 20.380664825439453 19.471885681152344 20.511981320226734
1457.767 20.24930763244629 19.471885681152344 20.390933021983475
1457.782 20.179880142211914 19.471885681152344 20.278652647900778
1457.797 20.095195770263672 20.735681533813477 20.20942783386468
1457.817 20.098440170288086 20.735681533813477 20.17443487801845
1457.832 20.11674690246582 20.735681533813477 20.164946780021786
1457.847 20.18757438659668 20.735681533813477 20.17400072141227
1457.867 20.311065673828125 20.735681533813477 20.196091625691356
1457.882 20.371421813964844 20.735681533813477 20.226912050220648
1457.897 20.469018936157227 20.735681533813477 20.263132507807363
1457.917 20.540851593017578 20.735681533813477 20.302216865078634
1457.932 20.587265014648438 22.551353454589844 20.384356782396505
1457.947 20.64377784729004 22.551353454589844 20.503418080211333
1457.967 20.79069709777832 22.551353454589844 20.645632441552447
1457.982 20.896162033081055 22.551353454589844 20.800489432073736
1457.997 21.032562255859375 22.551353454589844 20.960105389801935
1458.017 21.302352905273438 22.551353454589844 21.118698163558726
1458.032 21.41631507873535 22.551353454589844 21.272152300198368
1458.052 21.570865631103516 22.551353454589844 21.4176611316287
1458.067 21.761865615844727 22.551353454589844 21.55343391537066
1458.082 21.807241439819336 22.551353454589844 21.678457731804706
1458.097 21.903982162475586 22.551353454589844 21.79230523767483
1458.117 21.99679946899414 22.551353454589844 21.894980623424154
1458.132 22.017576217651367 22.551353454589844 21.9867972289059
1458.147 22.051151275634766 22.551353454589844 22.06828124716026
1458.167 22.109596252441406 22.551353454589844 22.140096799533406
1458.182 22.161705017089844 22.551353454589844 22.202988408171663
1458.207 22.233036041259766 24.12318992614746 22.301399663384966
1458.217 22.234426498413086 24.12318992614746 22.422533018522223
1458.232 22.41134262084961 24.12318992614746 22.556585729164425
1458.247 22.666431427001953 24.12318992614746 22.696173624265793
1458.267 22.915790557861328 24.12318992614746 22.835850959546057
1458.282 23.20722007751465 24.12318992614746 22.971712467235164
1458.297 23.402053833007812 24.12318992614746 23.101065367377533
1458.317 23.580547332763672 24.12318992614746 23.222160629051057
1458.332 23.653051376342773 24.12318992614746 23.333974158991023
1458.352 23.727754592895508 25.895288467407227 23.48525481422857
1458.367 23.762210845947266 25.895288467407227 23.66061800115125
1458.382 23.876585006713867 25.895288467407227 23.848369135280894
1458.397 23.962217330932617 25.895288467407227 24.03978298823376
1458.417 24.206573486328125 25.895288467407227 24.228504737596957
1458.432 24.4323673248291 25.895288467407227 24.410054874731546
1458.447 24.66726303100586 25.895288467407227 24.58142229665073
1458.467 24.99513053894043 27.616079330444336 24.788531650669764
1458.482 25.075273513793945 27.616079330444336 25.015503017287145
1458.497 25.395788192749023 27.616079330444336 25.250404065131715
1458.517 25.78824806213379 27.616079330444336 25.484463021284522
1458.537 26.199026107788086 27.616079330444336 25.711416840054923
1458.552 26.31988525390625 27.616079330444336 25.926974370405052
1458.567 26.412540435791016 27.616079330444336 26.128376851088095
1458.582 26.50787925720215 25.936796188354492 26.28672377172454
1458.597 26.534025192260742 25.936796188354492 26.402015132314382
1458.617 26.50577735900879 25.936796188354492 26.474250932857625
1458.632 26.41972541809082 25.936796188354492 26.511090622163852
1458.647 26.37265968322754 25.936796188354492 26.521539774130243
1458.667 26.251680374145508 25.936796188354492 26.51278545380816
1458.682 26.18558120727539 25.936796188354492 26.490511820886304
1458.707 26.14491844177246 23.454092025756836 26.42518262791785
1458.717 26.132122039794922 23.454092025756836 26.316797874902793
1458.732 26.02291488647461 23.454092025756836 26.165357561841137
1458.747 25.898151397705078 23.454092025756836 25.981512400304467
1458.767 25.626253128051758 23.454092025756836 25.779550575081583
1458.792 25.390026092529297 23.454092025756836 25.570215192437097
1458.802 25.208269119262695 23.454092025756836 25.36141029942942
1458.817 24.738361358642578 21.19890785217285 25.109549846375142
1458.832 24.581884384155273 21.19890785217285 24.820420903127037
1458.852 24.29392433166504 21.19890785217285 24.51261423616314
1458.867 23.98922348022461 21.19890785217285 24.199972053564228
1458.882 23.651914596557617 21.19890785217285 23.89254892414306
1458.897 23.336313247680664 21.19890785217285 23.597405648352375
1458.917 22.828824996948242 21.19890785217285 23.319261359331424
1458.932 22.69167709350586 21.19890785217285 23.061025908300746
1458.947 22.446962356567383 19.406675338745117 22.774447423579865
1458.967 22.24484634399414 19.406675338745117 22.475516946094643
1458.982 22.065013885498047 19.406675338745117 22.176037832551565
1458.997 21.858257293701172 19.406675338745117 21.884484394974603
1459.017 21.539276123046875 19.406675338745117 21.606709732500363
1459.032 21.36354637145996 19.406675338745117 21.346525822297476
1459.047 21.051897048950195 19.406675338745117 21.10617594922196
1459.067 20.716325759887695 19.406675338745117 20.886716855187583
1459.082 20.464115142822266 18.20245361328125 20.654874965430977
1459.097 20.260683059692383 18.20245361328125 20.42059879208808
1459.117 20.067907333374023 18.20245361328125 20.191085721038192
1459.132 19.81622314453125 18.20245361328125 19.971361570310965
1459.147 19.703474044799805 18.20245361328125 19.764756261604948
1459.167 19.521564483642578 18.20245361328125 19.57329182643851
1459.182 19.302568435668945 18.20245361328125 19.39799680750553
1459.197 19.15983009338379 18.20245361328125 19.23915917655697
1459.217 18.959169387817383 16.706506729125977 19.054974079179665
1459.232 18.78925132751465 16.706506729125977 18.857739551141577
1459.247 18.538827896118164 16.706506729125977 18.656631668784183
1459.267 18.349185943603516 16.706506729125977 18.458334213203372
1459.282 18.219432830810547 16.706506729125977 18.267559160000495
1459.297 17.95865249633789 16.706506729125977 18.087474469310152
1459.322 17.58413314819336 16.706506729125977 17.920053557970117
1459.332 17.59090805053711 16.706506729125977 17.76635893633299
1459.347 17.470516204833984 17.228246688842773 17.64126356244142
1459.372 17.40516471862793 17.228246688842773 17.54013918753767
1459.382 17.382797241210938 17.228246688842773 17.459003038927968
1459.397 17.38558006286621 17.228246688842773 17.394445567674545
1459.417 17.45371437072754 17.228246688842773 17.343562744892235
1459.432 17.45423126220703 17.228246688842773 17.303893498536866
1459.447 17.49564552307129 17.228246688842773 17.273362572079915
1459.467 17.438722610473633 17.228246688842773 17.25022885612739
1459.482 17.40264892578125 17.228246688842773 17.23303907754833
1459.497 17.34494972229004 17.228246688842773 17.220586614564976
1459.517 17.282339096069336 17.228246688842773 17.21187512947416
1459.532 17.203298568725586 17.228246688842773 17.20608666420659
1459.547 17.128475189208984 17.228246688842773 17.202553820487804
1459.567 17.094242095947266 17.228246688842773 17.20073564007029
1459.582 17.084579467773438 17.228246688842773 17.20019680667689
1459.597 17.116334915161133 17.228246688842773 17.200589806227683
1459.617 17.14898681640625 17.228246688842773 17.201639702719387
1459.632 17.168798446655273 17.228246688842773 17.20313121154789
1459.647 17.20819854736328 17.228246688842773 17.20489777840613
1459.667 17.234596252441406 17.228246688842773 17.20681239887488
1459.682 17.252214431762695 18.641407012939453 17.248034398063204
1459.697 17.267208099365234 18.641407012939453 17.316281629100597
1459.717 17.4393310546875 18.641407012939453 17.402001185948357
1459.732 17.593521118164062 18.641407012939453 17.497861476985666
1459.747 17.75933837890625 18.641407012939453 17.5983265079024
1459.767 17.89203643798828 18.641407012939453 17.69930090673701
1459.787 18.003501892089844 18.641407012939453 17.79783550786727
1459.797 18.109355926513672 18.641407012939453 17.891884514806343
1459.817 18.210115432739258 18.641407012939453 17.980106373287207
1459.832 18.20882797241211 18.641407012939453 18.06170150135682
1459.847 18.223987579345703 18.641407012939453 18.13628094115794
1459.867 18.228837966918945 20.043611526489258 18.242710949254498
1459.882 18.267675399780273 20.043611526489258 18.369010808069966
1459.897 18.346622467041016 20.043611526489258 18.506042396496213
1459.917 18.576828002929688 20.043611526489258 18.64695862424272
1459.932 18.800992965698242 20.043611526489258 18.786744503376756
1459.947 19.00712776184082 20.043611526489258 18.921837357863144
1459.967 19.283470153808594 20.043611526489258 19.049814298405355
1459.982 19.40569305419922 20.043611526489258 19.169136585340187
1460.007 19.630970001220703 20.043611526489258 19.278941862334815
1460.017 19.65452003479004 21.501535415649414 19.419374358812515
1460.032 19.68229866027832 21.501535415649414 19.57785545904701
1460.047 19.794721603393555 21.501535415649414 19.74486913846369
1460.067 19.922454833984375 21.501535415649414 19.91335856347825
1460.082 20.121143341064453 21.501535415649414 20.078225343855333
1460.097 20.2929630279541 21.501535415649414 20.235916262363144
1460.117 20.48887825012207 21.501535415649414 20.384084176221897
1460.132 20.627046585083008 21.501535415649414 20.521311494408604
1460.147 20.693103790283203 21.501535415649414 20.646886182178108
1460.167 20.900529861450195 23.047822952270508 20.80357406823868
1460.182 21.01828384399414 23.047822952270508 20.978207304214642
1460.202 21.276912689208984 23.047822952270508 21.160850450303904
1460.217 21.3847713470459 23.047822952270508 21.344160610602106
1460.242 21.79183006286621 23.047822952270508 21.522856848311886
1460.247 21.861370086669922 23.047822952270508 21.693282656669552
1460.267 22.048460006713867 23.047822952270508 21.853047273387794
1460.282 22.17219352722168 23.047822952270508 22.000733463105792
1460.297 22.276212692260742 23.047822952270508 22.135661052398685
1460.317 22.357160568237305 21.41939353942871 22.227533081644978
1460.332 22.409351348876953 21.41939353942871 22.27634955084467
1460.347 22.32468605041504 21.41939353942871 22.28753035024966
1460.367 22.251834869384766 21.41939353942871 22.271428342397613
1460.382 22.093189239501953 21.41939353942871 22.236220934457055
1460.397 21.950035095214844 21.41939353942871 22.188299307057967
1460.417 21.829008102416992 21.41939353942871 22.132596979023635
1460.432 21.757936477661133 21.41939353942871 22.072865769366924
1460.447 21.71611976623535 19.35131072998047 21.970078999663613
1460.467 21.629989624023438 19.35131072998047 21.824236669913702
1460.482 21.535884857177734 19.35131072998047 21.651023941362503
1460.497 21.40863037109375 19.35131072998047 21.46300722592535
1460.517 21.133316040039062 19.35131072998047 21.269603673856707
1460.532 20.918628692626953 19.35131072998047 21.077711877066275
1460.547 20.744388580322266 19.35131072998047 20.892233833114172
1460.567 20.466276168823242 19.35131072998047 20.716504480359735
1460.582 20.31133270263672 17.657506942749023 20.505592950796665
1460.612 20.10690689086914 17.657506942749023 20.275326182584042
1460.617 19.894784927368164 17.657506942749023 20.03758446007612
1460.637 19.716909408569336 17.657506942749023 19.80108962452553
1460.647 19.49478530883789 17.657506942749023 19.57205769294869
1460.672 19.170528411865234 17.657506942749023 19.354736174539052
1460.682 19.02320671081543 17.657506942749023 19.15184382820059
1460.697 18.681856155395508 17.657506942749023 18.96492828739719
1460.717 18.561376571655273 17.657506942749023 18.79465488922172
1460.732 18.434606552124023 17.657506942749023 18.641038176793028
1460.752 18.353944778442383 16.55569839477539 18.473020090724248
1460.767 18.30651092529297 16.55569839477539 18.2993481899705
1460.782 18.168004989624023 16.55569839477539 18.126448608744667
1460.797 18.07721519470215 16.55569839477539 17.958905289815217
1460.817 17.81070899963379 16.55569839477539 17.79985460701918
1460.832 17.61060905456543 16.55569839477539 17.651308388309552
1460.847 17.446725845336914 16.55569839477539 17.51441665299007
1460.867 17.30093002319336 16.55569839477539 17.38967984586127
1460.882 17.05795669555664 16.55569839477539 17.27711898209339
1460.897 17.013309478759766 15.251397132873535 17.140180307486414
1460.917 16.884714126586914 15.251397132873535 16.989574721274167
1460.932 16.77325439453125 15.251397132873535 16.83335800422237
1460.947 16.618154525756836 15.251397132873535 16.67745933052254
1460.967 16.3984375 15.251397132873535 16.52611910705252
1460.982 16.27794075012207 15.251397132873535 16.382249668381387
1460.997 16.1607723236084 15.251397132873535 16.24773066575234
1461.017 16.006284713745117 15.251397132873535 16.123649448166958
1461.032 15.876946449279785 15.251397132873535 16.01049534388997
1461.047 15.799664497375488 15.251397132873535 15.908315507213636
1461.067 15.772600173950195 15.87979793548584 15.834294470919328
1461.082 15.730270385742188 15.87979793548584 15.782510047927573
1461.097 15.742361068725586 15.87979793548584 15.748100320484982
1461.117 15.778369903564453 15.87979793548584 15.727098283791207
1461.137 15.810962677001953 15.87979793548584 15.716288481904973
1461.147 15.846566200256348 15.87979793548584 15.71308338711947
1461.167 15.847155570983887 15.87979793548584 15.715417362730445
1461.182 15.850485801696777 15.87979793548584 15.721656172714422
1461.197 15.857370376586914 15.87979793548584 15.730520146979272
1461.217 15.845458984375 15.87979793548584 15.741019267406916
1461.232 15.774243354797363 15.87979793548584 15.752398600295878
1461.252 15.725858688354492 15.87979793548584 15.764092659489226
1461.267 15.73743724822998 15.87979793548584 15.775687437517922
1461.282 15.757293701171875 15.87979793548584 15.786888986845693
1461.297 15.748822212219238 15.87979793548584 15.797497568096496
1461.317 15.76758098602295 15.87979793548584 15.80738650605764
1461.347 15.82407283782959 15.87979793548584 15.816485006922033
1461.347 15.82407283782959 15.87979793548584 15.824764291717285
1461.367 15.831826210021973 15.87979793548584 15.8322264915179
1461.392 15.861313819885254 15.87979793548584 15.838895830401686
1461.397 15.861313819885254 15.87979793548584 15.844811692874028
1461.417 15.866040229797363 15.87979793548584 15.850023234399043
1461.432 15.875030517578125 17.20723533630371 15.891458512511429
1461.447 15.899247169494629 17.20723533630371 15.957703154575198
1461.467 16.028446197509766 17.20723533630371 16.03988771129936
1461.482 16.15876579284668 17.20723533630371 16.13121296870302
1461.497 16.32686996459961 17.20723533630371 16.226552248488314
1461.517 16.485782623291016 17.20723533630371 16.322119930650853
1461.532 16.591577529907227 17.20723533630371 16.415196643065627
1461.547 16.715576171875 17.20723533630371 16.503902696027883
1461.567 16.797698974609375 17.20723533630371 16.58701238583
1461.587 16.844058990478516 17.20723533630371 16.663802746048074
1461.597 16.85356330871582 18.536603927612305 16.770858096872757
1461.617 16.89167022705078 18.536603927612305 16.896629597129635
1461.632 16.996788024902344 18.536603927612305 17.032320684387024
1461.647 17.10581398010254 18.536603927612305 17.171351611586775
1461.672 17.338438034057617 18.536603927612305 17.308914120093043
1461.682 17.542991638183594 18.536603927612305 17.441603080700254
1461.697 17.672943115234375 18.536603927612305 17.567113527206057
1461.717 17.83222198486328 18.536603927612305 17.68399297038977
1461.732 17.959760665893555 18.536603927612305 17.791440209781996
1461.747 18.0200252532959 18.536603927612305 17.889143057413037
1461.767 18.11546516418457 19.25153350830078 17.997007613243646
1461.782 18.186681747436523 19.25153350830078 18.109158488492625
1461.797 18.267065048217773 19.25153350830078 18.221265923512895
1461.817 18.36989402770996 19.25153350830078 18.330228130627845
1461.837 18.452903747558594 19.25153350830078 18.43390952949933
1461.847 18.544422149658203 19.25153350830078 18.53092631004975
1461.867 18.666824340820312 19.25153350830078 18.62047187004994
1461.882 18.745155334472656 19.25153350830078 18.702175678506745
1461.897 18.815088272094727 19.25153350830078 18.775990014668356
1461.917 18.894914627075195 20.44816780090332 18.875339675622776
1461.932 18.980554580688477 20.44816780090332 18.990229939209225
1461.947 19.109193801879883 20.44816780090332 19.113066237908694
1461.967 19.337501525878906 20.44816780090332 19.23818507522418
1461.982 19.49094009399414 20.44816780090332 19.361464208226128
1462.002 19.61250877380371 20.44816780090332 19.48000046577886
1462.017 19.688478469848633 20.44816780090332 19.591844988498718
1462.032 19.841875076293945 20.44816780090332 19.695786975398725
1462.047 19.92926788330078 21.67806053161621 19.825341891224024
1462.067 20.077871322631836 21.67806053161621 19.969653991030107
1462.087 20.209796905517578 21.67806053161621 20.120533402613823
1462.097 20.29737663269043 21.67806053161621 20.271928292337755
1462.117 20.491151809692383 21.67806053161621 20.419487194012454
1462.132 20.60906219482422 21.67806053161621 20.56019811216782
1462.147 20.75497817993164 21.67806053161621 20.692092671879067
1462.167 21.012086868286133 22.91834831237793 20.84845754529855
1462.182 21.15384292602539 22.91834831237793 21.018016007354852
1462.197 21.349639892578125 22.91834831237793 21.192319916635284
1462.217 21.541793823242188 22.91834831237793 21.365182953926723
1462.232 21.66347312927246 22.91834831237793 21.532211614777278
1462.247 21.8499698638916 22.91834831237793 21.690419287090496
1462.267 22.022016525268555 22.91834831237793 21.837910593059647
1462.282 22.11446189880371 22.91834831237793 21.97362485549186
1462.297 22.156234741210938 24.33218002319336 22.136402169721663
1462.317 22.313133239746094 24.33218002319336 22.314053078139587
1462.332 22.478221893310547 24.33218002319336 22.497428647535088
1462.347 22.624889373779297 24.33218002319336 22.67981312419873
1462.367 22.93301010131836 24.33218002319336 22.85642108176119
1462.382 23.089988708496094 24.33218002319336 23.02398342360916
1462.397 23.463001251220703 24.33218002319336 23.180408564347463
1462.417 23.6602783203125 24.33218002319336 23.324506901203563
1462.432 23.751720428466797 25.870891571044922 23.498510288694707
1462.447 23.8918514251709 25.870891571044922 23.689112200764583
1462.467 23.8918514251709 25.870891571044922 23.886315223760853
1462.482 24.214773178100586 25.870891571044922 24.08277118050221
1462.497 24.31598663330078 25.870891571044922 24.273234629293217
1462.517 24.494731903076172 25.870891571044922 24.454112795567863
1462.532 24.683834075927734 25.870891571044922 24.623097115482373
1462.547 24.867584228515625 25.870891571044922 24.778863502971742
1462.567 25.0576229095459 27.494091033935547 24.965919073209147
1462.582 25.187419891357422 27.494091033935547 25.170202568682814
1462.597 25.410837173461914 27.494091033935547 25.38115820152173
1462.617 25.724367141723633 27.494091033935547 25.591035653405935
1462.642 26.19843864440918 27.494091033935547 25.79431047912809
1462.647 26.19843864440918 27.494091033935547 25.9872068993393
1462.667 26.36859130859375 29.11722183227539 26.212394199290852
1462.682 26.54634666442871 29.11722183227539 26.454468092483587
1462.697 26.77292251586914 29.11722183227539 26.701919768404
1462.717 27.068960189819336 29.11722183227539 26.946351863485013
1462.732 27.34128761291504 29.11722183227539 27.181830144548595
1462.747 27.59807014465332 29.11722183227539 27.4043504616535
1462.767 27.864961624145508 29.11722183227539 27.611403117548512
1462.782 28.05422592163086 30.570833206176758 27.841997251139237
1462.797 28.202322006225586 30.570833206176758 28.083057383462805
1462.817 28.443828582763672 30.570833206176758 28.3249220325717
1462.832 28.640443801879883 30.570833206176758 28.560644788855484
1462.857 28.786243438720703 30.570833206176758 28.78541800034782
1462.867 29.17604637145996 30.570833206176758 28.996100337264256
1462.882 29.321260452270508 30.570833206176758 29.19083192652917
1462.897 29.55909538269043 29.559232711791992 29.342507955747486
1462.922 29.770734786987305 29.559232711791992 29.45722924051959
1462.932 29.752185821533203 29.559232711791992 29.542279589630816
1462.947 29.68520736694336 29.559232711791992 29.60370325867956
1462.967 29.630117416381836 29.559232711791992 29.646488260825553
1462.982 29.554582595825195 27.316267013549805 29.646217702924947
1463.002 29.417421340942383 27.316267013549805 29.60289158497774
1463.017 29.30190658569336 27.316267013549805 29.516509906983934
1463.032 29.164968490600586 27.316267013549805 29.39348517450546
1463.052 29.0372371673584 27.316267013549805 29.247616940890868
1463.067 28.759157180786133 27.316267013549805 29.089429427600443
1463.082 28.547950744628906 27.316267013549805 28.926807195440787
1463.097 28.357393264770508 24.865890502929688 28.72112940323453
1463.122 28.210161209106445 24.865890502929688 28.472396050981676
1463.132 28.023218154907227 24.865890502929688 28.19395643209155
1463.147 27.82334327697754 24.865890502929688 27.901961757215176
1463.167 27.409313201904297 24.865890502929688 27.60836358978601
1463.182 27.009565353393555 24.865890502929688 27.321771758219196
1463.197 26.861896514892578 22.137636184692383 26.992124366605783
1463.217 26.306608200073242 22.137636184692383 26.64545768185904
1463.232 26.06501579284668 22.137636184692383 26.298790997112295
1463.247 25.690433502197266 22.137636184692383 25.95212431236555
1463.267 25.048370361328125 22.137636184692383 25.605457627618808
1463.282 24.78986358642578 22.137636184692383 25.258790942872064
1463.297 24.599050521850586 22.137636184692383 24.91212425812532
1463.317 24.210397720336914 19.009212493896484 24.565457573378577
1463.332 24.05356788635254 19.009212493896484 24.218790888631833
1463.347 23.783550262451172 19.009212493896484 23.87212420388509
1463.367 23.293842315673828 19.009212493896484 23.525457519138346
1463.382 22.89079475402832 19.009212493896484 23.178790834391602
1463.397 22.529674530029297 19.009212493896484 22.83212414964486
1463.422 22.02927017211914 19.009212493896484 22.485457464898115
1463.432 21.611404418945312 19.009212493896484 22.13879078015137
1463.447 21.567394256591797 15.516242027282715 21.792124095404628
1463.467 21.26531410217285 15.516242027282715 21.445457410657884
1463.482 20.78902244567871 15.516242027282715 21.09879072591114
1463.497 20.54127311706543 15.516242027282715 20.752124041164397
1463.517 20.029752731323242 15.516242027282715 20.405457356417653
1463.537 19.669597625732422 15.516242027282715 20.05879067167091
1463.547 19.359420776367188 15.516242027282715 19.712123986924166
1463.567 19.0177059173584 15.516242027282715 19.365457302177422
1463.582 18.851619720458984 15.516242027282715 19.01879061743068
1463.597 18.591318130493164 13.329655647277832 18.672123932683935
1463.617 18.22650146484375 13.329655647277832 18.32545724793719
1463.632 17.9136962890625 13.329655647277832 17.978790563190447
1463.647 17.6009464263916 13.329655647277832 17.632123878443704
1463.667 17.12950325012207 13.329655647277832 17.28545719369696
1463.682 16.777137756347656 13.329655647277832 16.938790508950216
1463.697 16.46375274658203 13.329655647277832 16.592123824203473
1463.717 16.077232360839844 13.329655647277832 16.24545713945673
1463.732 15.790730476379395 13.329655647277832 15.898790454709987
1463.747 15.637839317321777 13.329655647277832 15.56935274108812
1463.767 15.218833923339844 12.167754173278809 15.238766858898774
1463.782 15.010709762573242 12.167754173278809 14.916541064716151
1463.797 14.747464179992676 12.167754173278809 14.609257384253516
1463.817 14.207181930541992 12.167754173278809 14.321217877083704
1463.832 13.876643180847168 12.167754173278809 14.05497112541201
1463.847 13.584985733032227 12.167754173278809 13.811738258732028
1463.867 13.285693168640137 12.167754173278809 13.591755145179675
1463.882 13.121295928955078 12.167754173278809 13.394544997039072
1463.902 12.976810455322266 12.167754173278809 13.219133534015684
1463.917 12.873187065124512 12.167754173278809 13.064217002818635
1463.932 12.859929084777832 12.167754173278809 12.928291743220832
1463.947 12.85531234741211 12.167754173278809 12.80975259670452
1463.972 12.789860725402832 12.138349533081055 12.706149456406807
1463.982 12.770363807678223 12.138349533081055 12.616128318986835
1463.997 12.734366416931152 12.138349533081055 12.538341537506597
1464.022 12.641947746276855 12.138349533081055 12.471483455091104
1464.032 12.54032039642334 12.138349533081055 12.414314775993555
1464.047 12.44397258758545 12.138349533081055 12.36567818816015
1464.067 12.329754829406738 12.138349533081055 12.324507282076263
1464.082 12.220287322998047 12.138349533081055 12.289830417535278
1464.102 12.155786514282227 12.138349533081055 12.260770862341799
1464.117 12.145698547363281 12.138349533081055 12.23654425538171
1464.132 12.137918472290039 12.138349533081055 12.216454222625444
1464.147 12.116211891174316 11.115249633789062 12.171467346566407
1464.167 12.117738723754883 11.115249633789062 12.109887368751384
1464.182 12.074310302734375 11.115249633789062 12.038126223374164
1464.197 11.98129940032959 11.115249633789062 11.961061940085107
1464.217 11.876958847045898 11.115249633789062 11.882337749463362
1464.232 11.771117210388184 11.115249633789062 11.804610741911977
1464.252 11.659845352172852 11.115249633789062 11.729757465981255
1464.272 11.496679306030273 11.115249633789062 11.659042955551165
1464.282 11.460254669189453 11.115249633789062 11.593258852496655
1464.297 11.455915451049805 11.115249633789062 11.532835544375018
1464.317 11.33541488647461 11.115249633789062 11.477932564610065
1464.337 11.349092483520508 11.115249633789062 11.428510903016154
1464.352 11.342573165893555 11.115249633789062 11.384390343440188
1464.367 11.353887557983398 10.881842613220215 11.338810949100498
1464.382 11.348897933959961 10.881842613220215 11.293452150954309
1464.402 11.313183784484863 10.881842613220215 11.24951141349013
1464.422 11.276256561279297 10.881842613220215 11.207807528995092
1464.432 11.243085861206055 10.881842613220215 11.168865163785027
1464.447 11.196113586425781 10.881842613220215 11.13298361983483
1464.467 11.096719741821289 10.881842613220215 11.100292374067115
1464.487 11.030688285827637 10.881842613220215 11.070795598871303
1464.497 10.980549812316895 10.881842613220215 11.044407549156833
1464.517 10.967167854309082 10.881842613220215 11.020980420782136
1464.532 10.93889331817627 10.881842613220215 11.000326039624365
1464.547 10.925579071044922 10.881842613220215 10.98223252680087
1464.572 10.905633926391602 10.881842613220215 10.966476900543283
1464.582 10.90384578704834 10.881842613220215 10.95283441595397
1464.597 10.929505348205566 10.881842613220215 10.941085307473811
1464.617 10.956300735473633 10.881842613220215 10.931019482669061
1464.632 10.971429824829102 10.881842613220215 10.92243961741389
1464.647 10.979509353637695 10.881842613220215 10.915163019429238
1464.667 10.97550106048584 10.881842613220215 10.909022557378748
1464.682 10.952706336975098 10.881842613220215 10.903866894472365
1464.697 10.93929386138916 10.881842613220215 10.899560217144826
1464.717 10.880373001098633 10.881842613220215 10.89598160940782
1464.737 10.89026165008545 10.881842613220215 10.893024190647445
1464.747 10.8629732131958 10.881842613220215 10.890594107840835
1464.767 10.867684364318848 10.881842613220215 10.888609451433856
1464.782 10.84233570098877 10.881842613220215 10.886999146623753
1464.797 10.836172103881836 10.881842613220215 10.885701857813045
1464.817 10.859854698181152 10.881842613220215 10.884664932934669
1464.832 10.884922981262207 10.881842613220215 10.8838434056758
1464.847 10.894095420837402 10.881842613220215 10.883199066911741
1464.872 10.930012702941895 10.881842613220215 10.882699611533882
1464.882 10.920175552368164 10.881842613220215 10.882317863009266
1464.897 10.891276359558105 12.749626159667969 10.92499167453125
1464.917 10.957828521728516 12.749626159667969 11.006258868698664
1464.932 11.090206146240234 12.749626159667969 11.112927230896002
1464.947 11.228314399719238 12.749626159667969 11.234836752769327
1464.967 11.5049467086792 12.749626159667969 11.364282729557742
1464.982 11.70722484588623 12.749626159667969 11.495534110304751
1464.997 11.929479598999023 12.749626159667969 11.624433491794365
1465.017 12.005509376525879 12.749626159667969 11.748066735102743
1465.032 12.13178825378418 12.749626159667969 11.864491655675598
1465.052 12.214482307434082 12.749626159667969 11.972516585819044
1465.067 12.245222091674805 12.749626159667969 12.071520830128557
1465.082 12.241034507751465 12.749626159667969 12.161310131539372
1465.102 12.25913143157959 12.749626159667969 12.24200124315405
1465.117 12.24562931060791 12.749626159667969 12.313930565548402
1465.132 12.244935035705566 12.749626159667969 12.37758256885607
1465.147 12.304224967956543 12.749626159667969 12.433534382219845
1465.167 12.359881401062012 12.749626159667969 12.482413509037613
1465.182 12.41334342956543 12.749626159667969 12.52486612360425
1465.197 12.49708366394043 12.749626159667969 12.56153383173602
1465.217 12.605767250061035 12.749626159667969 12.593037142787269
1465.232 12.664881706237793 12.749626159667969 12.619964210608869
1465.247 12.70468807220459 12.749626159667969 12.642863663332667
1465.267 12.718658447265625 12.749626159667969 12.66224056265388
1465.282 12.755290985107422 12.749626159667969 12.678554718162447
1465.312 12.758933067321777 12.749626159667969 12.692220736283591
1465.317 12.758933067321777 12.749626159667969 12.703609310995477
1465.332 12.762850761413574 12.749626159667969 12.713049368633827
1465.347 12.721150398254395 12.749626159667969 12.7208307652143
1465.367 12.691560745239258 12.749626159667969 12.727207304800244
1465.382 12.691699028015137 12.749626159667969 12.73239990410945
1465.397 12.67031478881836 13.863205909729004 12.767532548081311
1465.417 12.679901123046875 13.863205909729004 12.823146316740194
1465.432 12.763890266418457 13.863205909729004 12.89189339738713
1465.447 12.91238021850586 13.863205909729004 12.968143043436497
1465.467 13.059690475463867 13.863205909729004 13.047651481968881
1465.482 13.242440223693848 13.863205909729004 13.127286820431891
1465.497 13.432278633117676 13.863205909729004 13.204801010877485
1465.517 13.56754207611084 13.863205909729004 13.27864187309386
1465.532 13.653879165649414 13.863205909729004 13.347799048191392
1465.547 13.688521385192871 13.863205909729004 13.411678548080987
1465.567 13.648882865905762 13.863205909729004 13.470001283411973
1465.582 13.605406761169434 13.863205909729004 13.522721594740997
1465.597 13.561209678649902 13.863205909729004 13.569962382372841
1465.617 13.504556655883789 13.863205909729004 13.611963933864915
1465.637 13.486398696899414 13.863205909729004 13.649043989648876
1465.647 13.4796724319458 13.863205909729004 13.68156697192442
1465.667 13.575557708740234 13.863205909729004 13.709920635317719
1465.682 13.63530445098877 13.863205909729004 13.73449868506394
1465.697 13.658943176269531 13.863205909729004 13.755688154743606
1465.717 13.809242248535156 13.863205909729004 13.773860545650926
1465.732 13.863300323486328 13.863205909729004 13.789365908127015
1465.747 13.901392936706543 13.863205909729004 13.80252919570865
1465.767 13.90622615814209 13.863205909729004 13.81364834940179
1465.782 13.914003372192383 13.863205909729004 13.82299367509247
1465.797 13.88559627532959 13.863205909729004 13.83080816500022
1465.817 13.87099552154541 13.863205909729004 13.837308486766084
1465.832 13.845481872558594 15.387168884277344 13.885018732801516
1465.847 13.860684394836426 15.387168884277344 13.960937472537514
1465.867 13.94980525970459 15.387168884277344 14.054963444907223
1465.882 14.15099811553955 15.387168884277344 14.15935443422526
1465.897 14.297804832458496 15.387168884277344 14.26827393553069
1465.917 14.539712905883789 15.387168884277344 14.377413328341648
1465.932 14.724531173706055 15.387168884277344 14.483678659945122
1465.947 14.82287311553955 15.387168884277344 14.584932432651042
1465.967 14.981539726257324 15.387168884277344 14.67978198313034
1465.987 14.995174407958984 15.387168884277344 14.76740713109817
1466.002 15.02281379699707 15.387168884277344 14.847420758564315
1466.017 15.043187141418457 15.387168884277344 14.919756862121947
1466.032 15.00322437286377 16.29047966003418 15.009673372516279
1466.047 14.982945442199707 16.29047966003418 15.10969149311231
1466.067 15.07265567779541 16.29047966003418 15.214170819452825
1466.082 15.133726119995117 16.29047966003418 15.318945139365447
1466.097 15.322265625 16.29047966003418 15.42102047325479
1466.117 15.617265701293945 16.29047966003418 15.518326107630205
1466.132 15.65822982788086 16.29047966003418 15.60951052285431
1466.147 15.821737289428711 16.29047966003418 15.693775163756667
1466.167 15.960766792297363 16.29047966003418 15.770739948450364
1466.182 16.01556396484375 16.29047966003418 15.840335258726787
1466.197 16.050485610961914 16.29047966003418 15.902715909181511
1466.222 16.072586059570312 17.56455421447754 15.9935842210478
1466.232 16.09656524658203 17.56455421447754 16.102344569800735
1466.247 16.18514060974121 17.56455421447754 16.220906423610888
1466.267 16.360689163208008 17.56455421447754 16.34319930406229
1466.282 16.47750473022461 17.56455421447754 16.464769062073465
1466.297 16.628925323486328 17.56455421447754 16.582443644271724
1466.322 16.839677810668945 17.56455421447754 16.694057945126264
1466.332 16.985116958618164 17.56455421447754 16.798228646871337
1466.357 17.145803451538086 17.56455421447754 16.89417113845876
1466.367 17.160829544067383 17.56455421447754 16.981551676732703
1466.397 17.141855239868164 17.56455421447754 17.060368911164385
1466.397 17.141855239868164 17.56455421447754 17.13085974345085
1466.417 17.154088973999023 16.81228256225586 17.172528805147138
1466.432 17.17622184753418 16.81228256225586 17.192384790956297
1466.447 17.147613525390625 16.81228256225586 17.196056517483107
1466.467 17.10163116455078 16.81228256225586 17.188027532682565
1466.482 17.03605842590332 16.81228256225586 17.171836065649156
1466.497 17.00569725036621 16.81228256225586 17.15024458282287
1466.517 16.947195053100586 16.81228256225586 17.12538285223256
1466.532 16.946746826171875 16.81228256225586 17.098868047825892
1466.547 16.96759796142578 16.81228256225586 17.07190506296339
1466.567 16.97922134399414 16.81228256225586 17.045369853994018
1466.582 17.000865936279297 16.81228256225586 17.019878306956663
1466.597 17.029579162597656 15.778128623962402 16.967116314942167
1466.617 16.984254837036133 15.778128623962402 16.896276115472528
1466.632 16.90030288696289 15.778128623962402 16.814447651117703
1466.647 16.76978874206543 15.778128623962402 16.727017276893374
1466.667 16.639719009399414 15.778128623962402 16.638000822438233
1466.682 16.437618255615234 15.778128623962402 16.550320356722793
1466.697 16.3096866607666 15.778128623962402 16.466032918330537
1466.717 16.18081283569336 15.778128623962402 16.3865184674471
1466.732 16.122528076171875 15.778128623962402 16.31263339251827
1466.752 16.047937393188477 15.778128623962402 16.244835067013597
1466.767 16.0684871673584 15.644326210021973 16.17956546474739
1466.782 16.040237426757812 15.644326210021973 16.117921158794566
1466.797 16.02104949951172 15.644326210021973 16.06058732382339
1466.817 16.04269027709961 15.644326210021973 16.007935266351804
1466.832 16.041397094726562 15.644326210021973 15.960101039990283
1466.852 15.982590675354004 15.644326210021973 15.917048321168421
1466.867 15.970702171325684 15.644326210021973 15.878618258326899
1466.882 15.902778625488281 15.644326210021973 15.844568600726591
1466.897 15.860004425048828 15.644326210021973 15.814604057405313
1466.917 15.795391082763672 15.644326210021973 15.788399527769386
1466.932 15.765519142150879 14.76272964477539 15.741128782195869
1466.947 15.699117660522461 14.76272964477539 15.680073658581271
1466.967 15.535012245178223 14.76272964477539 15.610835706740456
1466.982 15.48779582977295 14.76272964477539 15.537656671432405
1466.997 15.410907745361328 14.76272964477539 15.463685944223883
1467.017 15.238186836242676 14.76272964477539 15.391202580468509
1467.032 15.172927856445312 14.76272964477539 15.321798587480243
1467.047 15.095701217651367 14.76272964477539 15.256529365724782
1467.067 15.044424057006836 14.76272964477539 15.196036430751832
1467.082 15.043900489807129 14.76272964477539 15.140646860715846
1467.097 15.012057304382324 13.552228927612305 15.0568282780422
1467.117 14.972079277038574 13.552228927612305 14.954963864271011
1467.137 14.949621200561523 13.552228927612305 14.842996172490926
1467.147 14.84227466583252 13.552228927612305 14.726898012272072
1467.167 14.609061241149902 13.552228927612305 14.611064632297827
1467.182 14.424995422363281 13.552228927612305 14.498638605718767
1467.197 14.227058410644531 13.552228927612305 14.391777461197739
1467.217 14.071797370910645 13.552228927612305 14.29187284750461
1467.232 13.971966743469238 13.552228927612305 14.199728875916291
1467.247 13.932933807373047 13.552228927612305 14.115706252755064
1467.267 13.887856483459473 13.552228927612305 14.039837891177841
1467.287 13.87902545928955 13.552228927612305 13.971920871656739
1467.297 13.87902545928955 13.552228927612305 13.9115888978974
1467.317 13.862600326538086 13.552228927612305 13.858368761823362
1467.332 13.90664291381836 13.552228927612305 13.811723779919404
1467.347 13.891433715820312 13.552228927612305 13.771086685817103
1467.367 13.874666213989258 13.552228927612305 13.735884052837797
1467.382 13.810187339782715 13.552228927612305 13.70555396793442
1467.397 13.774847984313965 13.552228927612305 13.6795583781931
1467.417 13.682559967041016 13.552228927612305 13.65739127637756
1467.437 13.62037467956543 13.552228927612305 13.638583677078026
1467.447 13.60375690460205 13.552228927612305 13.622706154567023
1467.467 13.55310344696045 13.552228927612305 13.609369562715814
1467.482 13.520334243774414 13.552228927612305 13.598224432056641
1467.502 13.51055908203125 16.082910537719727 13.630134861444068
1467.522 13.59411334991455 16.082910537719727 13.705100850878095
1467.532 13.679734230041504 16.082910537719727 13.823122400358722
1467.547 13.82509708404541 16.082910537719727 13.970476408327926
1467.567 14.345808982849121 16.082910537719727 14.134758843798847
1467.582 14.511374473571777 16.082910537719727 14.30660991726788
1467.597 14.609810829162598 16.082910537719727 14.479111539762757
1467.622 15.25710678100586 16.082910537719727 14.647287676814095
1467.632 15.404436111450195 16.082910537719727 14.807692322844995
1467.647 15.487930297851562 16.082910537719727 14.958071715349352
1467.667 15.466821670532227 16.082910537719727 15.097089137191437
1467.682 15.436644554138184 16.082910537719727 15.22410221810616
1467.697 15.382245063781738 16.082910537719727 15.33898404669579
1467.717 15.366693496704102 18.837631225585938 15.496921435332023
1467.732 15.421125411987305 18.837631225585938 15.697914384014856
1467.747 15.55959415435791 18.837631225585938 15.929173693408291
1467.767 16.053125381469727 18.837631225585938 16.175700023821644
1467.782 16.165681838989258 18.837631225585938 16.42631976473678
1467.802 16.806236267089844 18.837631225585938 16.672911456255015
1467.817 17.01265525817871 18.837631225585938 16.909766609175
1467.832 17.31336784362793 18.837631225585938 17.133064599087177
1467.847 17.64013671875 18.837631225585938 17.340443899788426
1467.867 18.022918701171875 18.837631225585938 17.530654270058943
1467.882 18.252342224121094 18.837631225585938 17.703276618493614
1467.897 18.401689529418945 15.479146003723145 17.832843406881686
1467.917 18.38443946838379 15.479146003723145 17.919354635223158
1467.932 18.326854705810547 15.479146003723145 17.96281030351803
1467.947 18.095584869384766 15.479146003723145 17.9632104117663
1467.967 17.71148109436035 15.479146003723145 17.920554959967973
1467.982 17.524263381958008 15.479146003723145 17.834843948123044
1467.997 17.22629737854004 15.479146003723145 17.70798166339744
1468.022 16.850645065307617 15.479146003723145 17.555151586436512
1468.037 16.734777450561523 15.479146003723145 17.387956539115724
1468.047 16.591283798217773 15.479146003723145 17.215110903937102
1468.067 16.526596069335938 12.730220794677734 16.99920970871188
1468.082 16.4440860748291 12.730220794677734 16.74025295344006
1468.102 16.253366470336914 12.730220794677734 16.443277488848484
1468.117 16.129535675048828 12.730220794677734 16.127304602460903
1468.137 15.849947929382324 12.730220794677734 15.806493922937635
1468.147 15.54483699798584 12.730220794677734 15.491127567099346
1468.167 14.91402816772461 12.730220794677734 15.188423153952996
1468.182 14.600299835205078 12.730220794677734 14.9032015896799
1468.197 14.364764213562012 12.730220794677734 14.638432222230515
1468.217 14.035665512084961 12.730220794677734 14.395674967621094
1468.232 13.918478012084961 12.730220794677734 14.175436317997569
1468.247 13.751914978027344 10.88914680480957 13.926312793022541
1468.267 13.63894271850586 10.88914680480957 13.663408539776897
1468.282 13.433500289916992 10.88914680480957 13.39793099482619
1468.297 13.188336372375488 10.88914680480957 13.137983634542719
1468.317 12.773569107055664 10.88914680480957 12.889220333950105
1468.342 12.552568435668945 10.88914680480957 12.655382368374578
1468.347 12.448704719543457 10.88914680480957 12.438736392395379
1468.367 11.930623054504395 10.88914680480957 12.24042928644442
1468.387 11.641711235046387 10.88914680480957 12.060773568371488
1468.397 11.573555946350098 10.88914680480957 11.899475115135875
1468.417 11.524065017700195 10.88914680480957 11.755813214486308
1468.432 11.522603034973145 10.88914680480957 11.628781451697089
1468.452 11.535531044006348 10.88914680480957 11.517196614574255
1468.472 11.531970024108887 10.88914680480957 11.419781653083017
1468.482 11.522601127624512 10.88914680480957 11.335227740353158
1468.497 11.506804466247559 10.88914680480957 11.262239632421949
1468.517 11.415780067443848 9.813027381896973 11.169675589436192
1468.532 11.321449279785156 9.813027381896973 11.065653350301755
1468.547 11.123007774353027 9.813027381896973 10.95630891104077
1468.567 10.784634590148926 9.813027381896973 10.846187574286251
1468.582 10.576835632324219 9.813027381896973 10.738568387346211
1468.597 10.379716873168945 9.813027381896973 10.635731829907506
1468.617 10.207472801208496 9.813027381896973 10.539179394878678
1468.632 10.10708236694336 9.813027381896973 10.449812593181292
1468.647 10.059803009033203 9.813027381896973 10.368077906682455
1468.667 10.081911087036133 9.813027381896973 10.29408331082492
1468.682 10.136075019836426 9.813027381896973 10.227691185467494
1468.697 10.185128211975098 9.813027381896973 10.168591723086209
1468.717 10.227910995483398 9.813027381896973 10.116360320967448
1468.732 10.248573303222656 9.813027381896973 10.07050190103442
1468.747 10.247547149658203 9.813027381896973 10.030484630038007
1468.772 10.18440055847168 9.813027381896973 9.995765106670145
1468.782 10.134023666381836 9.813027381896973 9.965806733663056
1468.797 10.01503849029541 9.813027381896973 9.940092695458942
1468.817 9.912837982177734 9.36606502532959 9.905719087070272
1468.832 9.832304000854492 9.36606502532959 9.86609427606547
1468.847 9.75534725189209 9.36606502532959 9.823806792572757
1468.867 9.63309383392334 9.36606502532959 9.780785712944823
1468.882 9.601049423217773 9.36606502532959 9.738433919545137
1468.897 9.548147201538086 9.36606502532959 9.697738220094065
1468.917 9.542409896850586 9.36606502532959 9.659359824162138
1468.932 9.534070014953613 9.36606502532959 9.623708229049551
1468.947 9.537248611450195 9.36606502532959 9.591001163340293
1468.967 9.535226821899414 9.36606502532959 9.561312873357709
1468.982 9.539863586425781 9.36606502532959 9.534612714075726
1468.997 9.56447696685791 9.36606502532959 9.510795719586879
1469.017 9.579347610473633 9.36606502532959 9.48970657640643
1469.032 9.570429801940918 9.36606502532959 9.471158202883919
1469.047 9.542963027954102 9.36606502532959 9.454945946896974
1469.067 9.493348121643066 9.36606502532959 9.44085824893372
1469.082 9.439122200012207 9.36606502532959 9.428684475840294
1469.097 9.394649505615234 9.36606502532959 9.418220509274274
1469.117 9.357422828674316 9.36606502532959 9.409272569795894
1469.132 9.35026741027832 9.36606502532959 9.401659670274912
1469.147 9.337262153625488 9.36606502532959 9.395215018823533
1469.167 9.328141212463379 9.36606502532959 9.38978662991932
1469.182 9.351775169372559 9.36606502532959 9.385237351088623
1469.197 9.376405715942383 9.36606502532959 9.381444470000547
1469.222 9.390482902526855 9.36606502532959 9.378299031769163
1469.232 9.406386375427246 9.36606502532959 9.375704967535494
1469.247 9.39986515045166 9.36606502532959 9.373578112006046
1469.267 9.407442092895508 9.36606502532959 9.37184516870081
1469.282 9.402763366699219 9.36606502532959 9.370442666469495
1469.297 9.402993202209473 9.36606502532959 9.369315938735651
1469.317 9.378602981567383 9.36606502532959 9.368418147383458
1469.332 9.366910934448242 9.36606502532959 9.367709365752672
1469.347 9.363389015197754 9.36606502532959 9.367155729466788
1469.372 9.348363876342773 9.36606502532959 9.366728659463114
1469.387 9.359728813171387 9.36606502532959 9.366404158350049
1469.397 9.348773956298828 9.36606502532959 9.366162178861153
1469.417 9.377665519714355 9.36606502532959 9.365986061521527
1469.432 9.381867408752441 9.36606502532959 9.36586203753674
1469.447 9.359895706176758 9.36606502532959 9.365778792233199
1469.467 9.358806610107422 12.08273983001709 9.408751106976258
1469.482 9.426844596862793 12.08273983001709 9.494778981765917
1469.497 9.488706588745117 12.08273983001709 9.623862416602176
1469.517 9.753485679626465 12.08273983001709 9.784674367157804
1469.532 9.915306091308594 12.08273983001709 9.963758087750971
1469.547 10.46953010559082 12.08273983001709 10.1509620282879
1469.567 10.735403060913086 12.08273983001709 10.338785349662759
1469.582 11.032143592834473 12.08273983001709 10.521835245602139
1469.597 11.164299011230469 12.08273983001709 10.696379466854602
1469.617 11.299491882324219 12.08273983001709 10.85997950361105
1469.632 11.322067260742188 12.08273983001709 11.011191762367599
1469.652 11.339194297790527 12.08273983001709 11.14932577278146
1469.667 11.325069427490234 12.08273983001709 11.274249982497919
1469.687 11.33693790435791 12.08273983001709 11.386237051277913
1469.697 11.32644271850586 12.08273983001709 11.485841750342914
1469.717 11.362871170043945 12.08273983001709 11.573805620476959
1469.732 11.415242195129395 12.08273983001709 11.65098345562391
1469.747 11.523664474487305 12.08273983001709 11.718287470211793
1469.767 11.680534362792969 14.181622505187988 11.828647044846276
1469.782 11.865517616271973 14.181622505187988 11.973098507975102
1469.797 12.127089500427246 14.181622505187988 12.137969949626756
1469.817 12.374608993530273 14.181622505187988 12.312895946172217
1469.837 12.884671211242676 14.181622505187988 12.490168650943229
1469.847 13.030863761901855 14.181622505187988 12.664198920928374
1469.867 13.211264610290527 14.181622505187988 12.831071271361065
1469.882 13.453664779663086 14.181622505187988 12.988178436002523
1469.897 13.517170906066895 14.181622505187988 13.13392312927598
1469.917 13.533164024353027 14.181622505187988 13.267476254112612
1469.932 13.567490577697754 14.181622505187988 13.388582279006137
1469.947 13.560320854187012 14.181622505187988 13.49740382585976
1469.967 13.521164894104004 14.181622505187988 13.594398675905074
1469.982 13.492257118225098 14.181622505187988 13.680223425074677
1469.997 13.503687858581543 14.181622505187988 13.755658914389477
1470.017 13.579419136047363 17.302885055541992 13.874149963750876
1470.032 13.74132251739502 17.302885055541992 14.035696573158875
1470.052 14.069305419921875 17.302885055541992 14.240298742613474
1470.067 14.394129753112793 17.302885055541992 14.472002145265344
1470.082 14.724034309387207 17.302885055541992 14.716691891674216
1470.097 15.117716789245605 17.302885055541992 14.963891579474486
1470.117 15.439656257629395 17.302885055541992 15.206023399857468
1470.132 15.786099433898926 17.302885055541992 15.437797364065188
1470.147 16.081541061401367 17.302885055541992 15.655710031823041
1470.167 16.27652359008789 17.302885055541992 15.857635640371985
1470.182 16.59314727783203 17.302885055541992 16.042494811457132
1470.197 16.821748733520508 14.402857780456543 16.18429842249568
1470.222 16.783405303955078 14.402857780456543 16.283046473487627
1470.232 16.672290802001953 14.402857780456543 16.338738964432974
1470.247 16.555879592895508 14.402857780456543 16.35137589533172
1470.272 16.09404182434082 14.402857780456543 16.320957266183868
1470.282 15.922704696655273 14.402857780456543 16.247483076989415
1470.297 15.689826965332031 14.402857780456543 16.143586978904054
1470.317 15.418365478515625 14.402857780456543 16.02077451625538
1470.332 15.267441749572754 14.402857780456543 15.88781678360083
1470.347 15.186317443847656 14.402857780456543 15.751281544995406
1470.367 15.14945125579834 14.402857780456543 15.615975073090475
1470.382 15.178187370300293 14.402857780456543 15.485307730803253
1470.397 15.220955848693848 14.402857780456543 15.361594746782307
1470.417 15.26523494720459 14.402857780456543 15.246302191552905
1470.432 15.272157669067383 14.402857780456543 15.140246848145663
1470.447 15.234601020812988 14.402857780456543 15.043757488476407
1470.467 15.184749603271484 14.402857780456543 14.95680401061507
1470.482 15.11602783203125 14.402857780456543 14.87909995587881
1470.497 14.979345321655273 14.402857780456543 14.810183100435552
1470.517 14.807840347290039 14.402857780456543 14.749478094984422
1470.532 14.682279586791992 15.20033073425293 14.718496527705264
1470.547 14.58797836303711 15.20033073425293 14.709677356524317
1470.567 14.555216789245605 15.20033073425293 14.71698621255573
1470.582 14.568439483642578 15.20033073425293 14.735650464051183
1470.597 14.668137550354004 15.20033073425293 14.761934297310225
1470.617 14.802943229675293 15.20033073425293 14.792948724165004
1470.632 14.862855911254883 15.20033073425293 14.826491897746552
1470.647 14.962458610534668 15.20033073425293 14.860915584859349
1470.667 15.098587036132812 15.20033073425293 14.89501409302588
1470.692 15.14343547821045 15.20033073425293 14.927932375404522
1470.702 15.14343547821045 15.20033073425293 14.959090432491164
1470.717 15.19088363647461 15.20033073425293 14.9881214931352
1470.732 15.094192504882812 15.20033073425293 15.014821787924792
1470.747 15.080314636230469 11.439473152160645 14.998466522667783
1470.767 14.926690101623535 11.439473152160645 14.939055697364175
1470.782 14.792065620422363 11.439473152160645 14.836589312013967
1470.797 14.643401145935059 11.439473152160645 14.691067366617158
1470.817 14.230161666870117 11.439473152160645 14.50248986117375
1470.832 13.960283279418945 11.439473152160645 14.282258845378395
1470.847 13.669622421264648 11.439473152160645 14.045460343153202
1470.867 13.315516471862793 11.439473152160645 13.803366212757142
1470.882 13.081273078918457 11.439473152160645 13.564201719907116
1470.897 12.855022430419922 11.439473152160645 13.333780259416146
1470.917 12.679966926574707 11.439473152160645 13.116025235445687
1470.932 12.602523803710938 11.439473152160645 12.913396575424535
1470.947 12.547286987304688 10.879977226257324 12.711695495368357
1470.967 12.515201568603516 10.879977226257324 12.516261989303793
1470.982 12.424954414367676 10.879977226257324 12.33074895357532
1470.997 12.338770866394043 10.879977226257324 12.157498728526647
1471.017 12.131421089172363 10.879977226257324 11.99784935770396
1471.032 11.938497543334961 10.879977226257324 11.852381970749898
1471.052 11.772021293640137 10.879977226257324 11.721119099862324
1471.067 11.57470417022705 10.879977226257324 11.603682323184152
1471.082 11.38140869140625 10.879977226257324 11.499416380177514
1471.097 11.34184455871582 10.879977226257324 11.407485810937583
1471.117 11.231684684753418 10.879977226257324 11.326949219904542
1471.132 11.129549980163574 10.879977226257324 11.256815440846783
1471.152 11.066452980041504 10.879977226257324 11.196085170950179
1471.167 11.059507369995117 10.879977226257324 11.143781034597648
1471.182 11.050017356872559 10.879977226257324 11.098968519988532
1471.197 11.066228866577148 10.879977226257324 11.06076979305381
1471.217 11.09115219116211 10.879977226257324 11.02837202304687
1471.232 11.08145809173584 10.879977226257324 11.00103154356874
1471.247 11.085148811340332 10.879977226257324 10.978074913404024
1471.267 11.038686752319336 10.879977226257324 10.9588977260869
1471.282 11.00069522857666 10.879977226257324 10.94296183912463
1471.297 10.998204231262207 10.879977226257324 10.929791547608346
1471.317 10.917099952697754 10.879977226257324 10.918969107589986
1471.332 10.908305168151855 10.879977226257324 10.910129917808977
1471.347 10.9008150100708 10.879977226257324 10.902957590410514
1471.372 10.866215705871582 10.879977226257324 10.897179079032318
1471.382 10.853041648864746 10.879977226257324 10.892559983336408
1471.397 10.83537769317627 10.879977226257324 10.88890011042283
1471.417 10.843392372131348 10.879977226257324 10.886029343636174
1471.432 10.84990119934082 10.879977226257324 10.883803846425655
1471.447 10.896119117736816 10.879977226257324 10.88210261177524
1471.467 10.891752243041992 10.879977226257324 10.880824355141481
1471.482 10.906994819641113 10.879977226257324 10.879884739879161
1471.497 10.924580574035645 11.452740669250488 10.89512401531963
1471.517 10.940229415893555 11.452740669250488 10.921534848940519
1471.537 10.957427978515625 11.452740669250488 10.95521833141519
1471.547 11.02612590789795 11.452740669250488 10.993178226405714
1471.567 11.083346366882324 11.452740669250488 11.033148441998568
1471.582 11.137030601501465 11.452740669250488 11.073449103444442
1471.597 11.173738479614258 11.452740669250488 11.11286712147872
1471.617 11.225866317749023 11.452740669250488 11.150557633354788
1471.632 11.280521392822266 11.452740669250488 11.185963140403903
1471.647 11.282804489135742 11.452740669250488 11.218747574284627
1471.667 11.290777206420898 11.452740669250488 11.248742893619504
1471.682 11.291314125061035 11.452740669250488 11.275906144169303
1471.697 11.284185409545898 11.452740669250488 11.30028521064878
1471.717 11.293208122253418 11.452740669250488 11.321991748890603
1471.732 11.295740127563477 11.452740669250488 11.341180015809766
1471.747 11.331722259521484 11.452740669250488 11.358030514181548
1471.767 11.338417053222656 11.452740669250488 11.372737542347547
1471.787 11.364364624023438 11.452740669250488 11.385499888294964
1471.797 11.393450736999512 11.452740669250488 11.39651403570117
1471.817 11.419331550598145 11.452740669250488 11.405969358941034
1471.832 11.437861442565918 11.452740669250488 11.414044876989552
1471.847 11.436911582946777 11.452740669250488 11.420907214702135
1471.872 11.445981979370117 11.452740669250488 11.426709486013328
1471.882 11.464459419250488 11.452740669250488 11.431590868865955
1471.897 11.4704008102417 11.452740669250488 11.435676687687945
1471.917 11.439787864685059 11.452740669250488 11.439078857320618
1471.932 11.439905166625977 11.452740669250488 11.441896573655841
1471.947 11.433122634887695 11.452740669250488 11.44421716189683
1471.967 11.434874534606934 11.452740669250488 11.446117014219768
1471.982 11.42388916015625 11.452740669250488 11.447662565459844
1471.997 11.42190933227539 11.452740669250488 11.448911268945736
1472.017 11.438161849975586 11.452740669250488 11.449912545333955
1472.032 11.4266357421875 13.726372718811035 11.493969381768775
1472.047 11.507121086120605 13.726372718811035 11.581081778250194
1472.067 11.638030052185059 13.726372718811035 11.703103749006068
1472.082 11.841254234313965 13.726372718811035 11.846754747934893
1472.097 12.094104766845703 13.726372718811035 12.001916244126033
1472.117 12.444555282592773 13.726372718811035 12.161016887841305
1472.137 12.738640785217285 13.726372718811035 12.318521124437584
1472.147 12.845248222351074 13.726372718811035 12.470506151149253
1472.167 12.987946510314941 13.726372718811035 12.614313937453927
1472.182 13.057377815246582 13.726372718811035 12.74826670710706
1472.197 13.090829849243164 13.726372718811035 12.871435804315954
1472.217 13.110040664672852 13.726372718811035 12.983455238930926
1472.232 13.126434326171875 13.726372718811035 13.084372430898913
1472.247 13.11030101776123 13.726372718811035 13.174529760175774
1472.272 13.115133285522461 13.726372718811035 13.254471484164077
1472.292 13.12865924835205 15.452858924865723 13.372829376008044
1472.297 13.18497371673584 15.452858924865723 13.515431134686738
1472.317 13.43265438079834 15.452858924865723 13.671446503862258
1472.332 13.737967491149902 15.452858924865723 13.832741199655368
1472.347 13.956876754760742 15.452858924865723 13.99333900409592
1472.367 14.465347290039062 15.452858924865723 14.148976319155432
1472.382 14.81028938293457 15.452858924865723 14.296735357695894
1472.397 14.921334266662598 15.452858924865723 14.434743880015429
1472.417 15.125164985656738 15.452858924865723 14.561930962056412
1472.432 15.112107276916504 15.452858924865723 14.677829703854684
1472.447 15.101537704467773 15.452858924865723 14.782419058815615
1472.467 14.940962791442871 15.452858924865723 14.875998093213834
1472.482 14.865004539489746 15.452858924865723 14.95908698014483
1472.502 14.788549423217773 17.948495864868164 15.085231427122427
1472.517 14.811824798583984 17.948495864868164 15.254431434146623
1472.532 15.04253101348877 17.948495864868164 15.450526567561875
1472.547 15.331140518188477 17.948495864868164 15.660449453552465
1472.567 15.754128456115723 17.948495864868164 15.874451036798625
1472.582 16.065509796142578 17.948495864868164 16.085431197307443
1472.597 16.364730834960938 17.948495864868164 16.28838544427371
1472.617 16.8022518157959 17.948495864868164 16.479950168093747
1472.632 17.113313674926758 17.948495864868164 16.65803115761057
1472.647 17.407316207885742 17.948495864868164 16.821502109740113
1472.667 17.582324981689453 17.948495864868164 16.96996167503631
1472.682 17.70305633544922 19.230998992919922 17.139164293352803
1472.702 17.748010635375977 19.230998992919922 17.318532692806055
1472.717 17.738204956054688 19.230998992919922 17.50020411253035
1472.737 17.737260818481445 19.230998992919922 17.678479601229473
1472.747 17.771272659301758 19.230998992919922 17.849369241985883
1472.767 17.887649536132812 19.230998992919922 18.01021875686522
1472.782 17.979148864746094 19.230998992919922 18.159404805801653
1472.797 18.164087295532227 19.230998992919922 18.296087980304197
1472.817 18.318735122680664 19.230998992919922 18.42001400640388
1472.832 18.466703414916992 16.42795181274414 18.50088447245696
1472.847 18.679548263549805 16.42795181274414 18.53869937846344
1472.867 18.7049560546875 16.42795181274414 18.533458724423323
1472.887 18.62306022644043 16.42795181274414 18.485162510336604
1472.902 18.62306022644043 16.42795181274414 18.393810736203285
1472.917 18.34258460998535 16.42795181274414 18.273734768076693
1472.932 18.061628341674805 16.42795181274414 18.1364085719197
1472.947 18.061628341674805 16.42795181274414 17.990534329553633
1472.967 17.42259979248047 16.42795181274414 17.842586050241326
1472.982 16.991466522216797 14.487207412719727 17.65158221088242
1472.997 16.807706832885742 14.487207412719727 17.42679681971342
1473.017 16.543750762939453 14.487207412719727 17.184045356207932
1473.032 16.38910484313965 14.487207412719727 16.935161304705293
1473.047 16.300256729125977 14.487207412719727 16.688795678491516
1473.067 16.174623489379883 14.487207412719727 16.451078414028423
1473.082 16.077110290527344 14.487207412719727 16.226162400060495
1473.097 15.988578796386719 14.487207412719727 16.016668283131285
1473.117 15.871800422668457 14.487207412719727 15.82404580715141
1473.137 15.68481159210205 14.054633140563965 15.636849345235781
1473.147 15.606839179992676 14.054633140563965 15.45874142891495
1473.167 15.42105770111084 14.054633140563965 15.292094412772173
1473.182 15.247066497802734 14.054633140563965 15.138290125852237
1473.197 15.036022186279297 14.054633140563965 14.997962136434532
1473.217 14.909870147705078 14.054633140563965 14.871190160140262
1473.232 14.599381446838379 14.054633140563965 14.757654770537403
1473.247 14.449575424194336 14.054633140563965 14.656759362352389
1473.267 14.330301284790039 14.054633140563965 14.567725257849752
1473.282 14.301218032836914 14.054633140563965 14.489664923971699
1473.302 14.279417037963867 14.054633140563965 14.421637468379672
1473.317 14.299482345581055 14.054633140563965 14.362689893819036
1473.332 14.327802658081055 14.054633140563965 14.311886999994206
1473.347 14.328447341918945 14.054633140563965 14.26833231888535
1473.367 14.316305160522461 14.054633140563965 14.231182042495055
1473.382 14.316766738891602 14.054633140563965 14.199653541621352
1473.397 14.295866966247559 14.054633140563965 14.173029771567089
1473.417 14.264453887939453 14.054633140563965 14.150660607772929
1473.432 14.229630470275879 14.054633140563965 14.131961944128069
1473.447 14.204707145690918 14.054633140563965 14.116413212913614
1473.467 14.077878952026367 14.054633140563965 14.10355384247319
1473.482 14.067146301269531 14.054633140563965 14.092979051986129
1473.497 14.017605781555176 14.054633140563965 14.084335287976057
1473.517 14.003575325012207 14.054633140563965 14.077315530826837
1473.532 14.00501823425293 14.953133583068848 14.09661298674021
1473.547 14.022112846374512 14.953133583068848 14.134235071128266
1473.567 14.120756149291992 14.953133583068848 14.18394474764372
1473.582 14.231671333312988 14.953133583068848 14.240936373846841
1473.597 14.368612289428711 14.953133583068848 14.301563629658856
1473.617 14.527006149291992 14.953133583068848 14.363112329355303
1473.632 14.631474494934082 14.953133583068848 14.423611710874296
1473.647 14.713250160217285 14.953133583068848 14.481678542497464
1473.667 14.728063583374023 14.953133583068848 14.536389079017903
1473.687 14.750648498535156 14.953133583068848 14.587174533480228
1473.697 14.7422513961792 14.953133583068848 14.633736305310025
1473.722 14.674728393554688 14.953133583068848 14.675977721963186
1473.732 14.686052322387695 14.953133583068848 14.71394951132973
1473.747 14.674190521240234 15.485987663269043 14.762608132938789
1473.767 14.723526000976562 15.485987663269043 14.817574022311382
1473.787 14.822287559509277 15.485987663269043 14.875533289735028
1473.797 14.826753616333008 15.485987663269043 14.934027831565771
1473.817 14.954061508178711 15.485987663269043 14.99128113816002
1473.832 15.093949317932129 15.485987663269043 15.046054523059613
1473.847 15.127432823181152 15.485987663269043 15.097529147708771
1473.867 15.140984535217285 15.485987663269043 15.145209810060019
1473.882 15.364380836486816 15.485987663269043 15.188847003172583
1473.902 15.41542911529541 15.485987663269043 15.22837423234428
1473.917 15.427774429321289 15.485987663269043 15.263858008716456
1473.932 15.417486190795898 15.485987663269043 15.295458316751132
1473.947 15.395940780639648 14.379146575927734 15.292652097142298
1473.967 15.315579414367676 14.379146575927734 15.265265817116862
1473.982 15.18152141571045 14.379146575927734 15.221024557569471
1474.002 15.056406021118164 14.379146575927734 15.165932820284914
1474.017 14.924352645874023 14.379146575927734 15.104595233644366
1474.032 14.777395248413086 14.379146575927734 15.040485277086502
1474.047 14.684576034545898 14.379146575927734 14.976169287774557
1474.067 14.658488273620605 14.379146575927734 14.913492197103583
1474.092 14.658449172973633 14.379146575927734 14.85373068091244
1474.097 14.661100387573242 14.379146575927734 14.79771870201167
1474.117 14.673686027526855 14.379146575927734 14.745949779912017
1474.132 14.717615127563477 14.379146575927734 14.698659740887676
1474.147 14.712682723999023 10.89612102508545 14.608314141816734
1474.167 14.684747695922852 10.89612102508545 14.474912982699193
1474.182 14.517910957336426 10.89612102508545 14.298456263535051
1474.197 14.168991088867188 10.89612102508545 14.07894398432431
1474.217 13.958511352539062 10.89612102508545 13.833215096043864
1474.232 13.48310375213623 10.89612102508545 13.575523441481753
1474.247 13.10539436340332 10.89612102508545 13.316416573523487
1474.267 12.614557266235352 10.89612102508545 13.063492883068477
1474.282 12.25106143951416 10.89612102508545 12.822026128533793
1474.297 12.128268241882324 10.89612102508545 12.595477588453868
1474.317 11.66374683380127 10.89612102508545 12.38591345083804
1474.332 11.649479866027832 10.89612102508545 12.194342694722586
1474.347 11.624863624572754 10.89612102508545 12.020988605530343
1474.367 11.681564331054688 9.084280014038086 11.81517626367603
1474.382 11.687124252319336 9.084280014038086 11.591819184652485
1474.397 11.602128028869629 9.084280014038086 11.362092741536957
1474.417 11.329660415649414 9.084280014038086 11.134182878335125
1474.432 11.101689338684082 9.084280014038086 10.913905727571672
1474.447 10.717259407043457 9.084280014038086 10.70521749765794
1474.467 10.46494197845459 9.084280014038086 10.510631556728638
1474.482 10.204503059387207 9.084280014038086 10.331557421619403
1474.502 9.937143325805664 9.084280014038086 10.168574362501667
1474.517 9.690021514892578 9.084280014038086 10.021650548610014
1474.532 9.619214057922363 9.084280014038086 9.890317077704662
1474.547 9.552491188049316 9.084280014038086 9.77380483805924
1474.567 9.549858093261719 9.084280014038086 9.671150932036603
1474.582 9.54301643371582 9.084280014038086 9.581280329259132
1474.597 9.558087348937988 9.084280014038086 9.503067499511564
1474.617 9.559245109558105 9.084280014038086 9.435381985760547
1474.632 9.537205696105957 9.084280014038086 9.377121201674026
1474.647 9.514832496643066 9.084280014038086 9.327233162323447
1474.667 9.429607391357422 9.084280014038086 9.2847313689253
1474.682 9.3451566696167 9.084280014038086 9.248703657179234
1474.702 9.278007507324219 9.084280014038086 9.218316473729939
1474.717 9.185476303100586 9.084280014038086 9.192815757327171
1474.732 9.109806060791016 9.084280014038086 9.171525362209504
1474.747 9.059337615966797 9.084280014038086 9.153843763876678
1474.772 9.022150039672852 9.084280014038086 9.13923962541347
1474.782 9.027172088623047 9.084280014038086 9.12724667036653
1474.797 9.056943893432617 9.084280014038086 9.117458201070935
1474.817 9.079235076904297 9.084280014038086 9.109521515151137
1474.832 9.124053955078125 9.084280014038086 9.103132404144063
1474.847 9.134146690368652 9.084280014038086 9.098029863792505
1474.867 9.133899688720703 9.084280014038086 9.093991102971826
1474.882 9.145007133483887 9.084280014038086 9.090826905278167
1474.897 9.173025131225586 9.084280014038086 9.088377372202164
1474.917 9.130796432495117 9.084280014038086 9.086508058017461
1474.932 9.142387390136719 10.89279556274414 9.12769430387936
1474.957 9.139814376831055 10.89279556274414 9.206241708443423
1474.967 9.139814376831055 10.89279556274414 9.309382736948697
1474.982 9.319610595703125 10.89279556274414 9.427284166713315
1474.997 9.594287872314453 10.89279556274414 9.55248884377172
1475.017 9.856053352355957 10.89279556274414 9.679449606557242
1475.032 10.048589706420898 10.89279556274414 9.804142209198234
1475.047 10.183259010314941 10.89279556274414 9.923745613334512
1475.067 10.388042449951172 10.89279556274414 10.036379441489506
1475.082 10.473699569702148 10.89279556274414 10.140889689185803
1475.097 10.482219696044922 10.89279556274414 10.236674974934587
1475.117 10.47612190246582 9.110342979431152 10.289404700636771
1475.132 10.458314895629883 9.110342979431152 10.299078866292355
1475.147 10.367790222167969 9.110342979431152 10.272991573456567
1475.167 10.120397567749023 9.110342979431152 10.22199988299588
1475.182 9.859278678894043 9.110342979431152 10.154576477265902
1475.202 9.797636985778809 9.110342979431152 10.077249881745821
1475.217 9.56810474395752 9.110342979431152 9.99497396156656
1475.232 9.504146575927734 9.110342979431152 9.911436467920279
1475.247 9.425395965576172 9.110342979431152 9.82931533281794
1475.267 9.459006309509277 9.110342979431152 9.750490397530838
1475.282 9.507755279541016 9.110342979431152 9.676217320493423
1475.297 9.588581085205078 9.110342979431152 9.60726954971171
1475.317 9.636198997497559 9.110342979431152 9.544053464389377
1475.332 9.652811050415039 9.110342979431152 9.486701089448133
1475.347 9.610013008117676 9.110342979431152 9.435144161885676
1475.372 9.50736141204834 9.110342979431152 9.389172775218494
1475.382 9.498129844665527 9.110342979431152 9.3484813425399
1475.402 9.456592559814453 9.110342979431152 9.312704194500746
1475.417 9.364358901977539 9.110342979431152 9.28144276015199
1475.432 9.241582870483398 9.110342979431152 9.254285960481553
1475.447 9.185263633728027 9.110342979431152 9.230825171228346
1475.467 9.107877731323242 9.110342979431152 9.210664878044549
1475.482 9.063825607299805 9.110342979431152 9.193429948530797
1475.497 9.07302188873291 9.110342979431152 9.178770277696003
1475.517 9.074199676513672 9.110342979431152 9.166363421997627
1475.532 9.091797828674316 9.110342979431152 9.155915718696852
1475.552 9.122722625732422 9.110342979431152 9.147162288596258
1475.567 9.173376083374023 9.110342979431152 9.139866238458913
1475.582 9.168683052062988 9.110342979431152 9.133817312020872
1475.597 9.188346862792969 9.110342979431152 9.128830183300819
1475.617 9.198590278625488 9.110342979431152 9.124742540964085
1475.632 9.195420265197754 9.110342979431152 9.121413076154415
1475.647 9.182232856750488 9.110342979431152 9.118719457037852
1475.667 9.165315628051758 11.735868453979492 9.159081397967888
1475.682 9.151419639587402 11.735868453979492 9.242498898944525
1475.697 9.272712707519531 11.735868453979492 9.368971959967762
1475.717 9.556036949157715 11.735868453979492 9.525358116857143
1475.732 9.778426170349121 11.735868453979492 9.698837931641854
1475.747 10.067005157470703 11.735868453979492 9.879749316752292
1475.767 10.424718856811523 11.735868453979492 10.060961343709101
1475.782 10.630339622497559 11.735868453979492 10.237355162710847
1475.797 10.812822341918945 11.735868453979492 10.405396103932633
1475.817 10.898598670959473 11.735868453979492 10.562783011792495
1475.832 10.977334976196289 11.735868453979492 10.708162670226065
1475.847 11.021234512329102 11.735868453979492 10.84089880914828
1475.872 11.008728981018066 11.735868453979492 10.960886643919533
1475.882 11.022314071655273 11.735868453979492 11.068405198479676
1475.897 11.02861213684082 11.735868453979492 11.164000808912357
1475.917 11.08987808227539 11.735868453979492 11.24839620899643
1475.932 11.168285369873047 11.735868453979492 11.322420474915972
1475.947 11.228230476379395 13.803754806518555 11.439500300882115
1475.967 11.487536430358887 13.803754806518555 11.58908125087908
1475.982 11.64507007598877 13.803754806518555 11.757799645795659
1475.997 11.726369857788086 13.803754806518555 11.935546586718631
1476.017 12.184700012207031 13.803754806518555 12.114826569938788
1476.037 12.696825981140137 13.803754806518555 12.290225233395924
1476.047 12.886430740356445 13.803754806518555 12.457970098809344
1476.067 13.13781452178955 13.803754806518555 12.615570162323685
1476.082 13.214052200317383 13.803754806518555 12.761522004628224
1476.097 13.252766609191895 13.803754806518555 12.895071736973186
1476.122 13.234708786010742 13.803754806518555 13.016023575522734
1476.132 13.204453468322754 13.803754806518555 13.124587150061569
1476.147 13.212618827819824 13.803754806518555 13.22125681374626
1476.167 13.195603370666504 13.803754806518555 13.306717239445458
1476.192 13.208586692810059 16.987499237060547 13.435233225191256
1476.197 13.208586692810059 16.987499237060547 13.606804770983654
1476.217 13.478995323181152 16.987499237060547 13.821431876822652
1476.232 13.776079177856445 16.987499237060547 14.06319429090474
1476.247 14.107612609863281 16.987499237060547 14.31768805217951
1476.267 14.396490097045898 16.987499237060547 14.574236673537001
1476.282 14.821426391601562 16.987499237060547 14.825131593253479
1476.297 15.14712905883789 16.987499237060547 15.065005389491695
1476.317 15.700118064880371 16.987499237060547 15.290317552365044
1476.332 15.893891334533691 16.987499237060547 15.498935206364992
1476.347 15.992931365966797 16.987499237060547 15.689793527147906
1476.367 16.74595832824707 16.987499237060547 15.862622705479625
1476.382 16.824892044067383 19.760665893554688 16.078507443857944
1476.397 16.951107025146484 19.760665893554688 16.33550702633272
1476.417 17.10292625427246 19.760665893554688 16.614833368433462
1476.432 17.239347457885742 19.760665893554688 16.9024014887352
1476.447 17.396709442138672 19.760665893554688 17.18788821245094
1476.467 17.620817184448242 19.760665893554688 17.463953081047066
1476.482 17.798282623291016 19.760665893554688 17.725597150908037
1476.497 17.976125717163086 19.760665893554688 17.969638423634336
1476.517 18.299585342407227 19.760665893554688 18.19428543372474
1476.537 18.453229904174805 19.760665893554688 18.398793027170374
1476.547 18.5504150390625 19.760665893554688 18.583186605241035
1476.567 18.70200538635254 22.11073875427246 18.810635743358297
1476.582 18.940065383911133 22.11073875427246 19.065310493290816
1476.597 19.250028610229492 22.11073875427246 19.33242263194148
1476.617 19.7484188079834 22.11073875427246 19.601028449919898
1476.637 19.973222732543945 22.11073875427246 19.86324346456124
1476.647 20.289432525634766 22.11073875427246 20.113594652405656
1476.667 20.686052322387695 22.11073875427246 20.348489230833195
1476.682 20.953014373779297 22.11073875427246 20.565781722659015
1476.697 21.205974578857422 22.11073875427246 20.764423482833397
1476.717 21.324716567993164 22.02096176147461 20.941687252737168
1476.732 21.41356086730957 22.02096176147461 21.098706135807515
1476.747 21.45915412902832 22.02096176147461 21.23685454751727
1476.772 21.41501808166504 22.02096176147461 21.35764166541635
1476.782 21.409500122070312 22.02096176147461 21.46263132493826
1476.797 21.393064498901367 22.02096176147461 21.553383093121276
1476.817 21.413938522338867 22.02096176147461 21.631410156676
1476.832 21.457237243652344 22.02096176147461 21.698150430110328
1476.847 21.543264389038086 20.529157638549805 21.721835143498055
1476.867 21.567907333374023 20.529157638549805 21.705679253593875
1476.882 21.59143829345703 20.529157638549805 21.661419706685592
1476.897 21.60279655456543 20.529157638549805 21.598248637993123
1476.917 21.44396209716797 20.529157638549805 21.523279064392604
1476.932 21.380542755126953 20.529157638549805 21.44193638415512
1476.952 21.25472068786621 20.529157638549805 21.358285830053156
1476.967 21.131542205810547 20.529157638549805 21.275304926460958
1476.982 21.052555084228516 20.529157638549805 21.195108964397747
1476.997 20.96942901611328 19.471885681152344 21.0897678743544
1477.017 20.85947608947754 19.471885681152344 20.969332251325504
1477.032 20.71570587158203 19.471885681152344 20.841424314201998
1477.047 20.662355422973633 19.471885681152344 20.71171421737848
1477.067 20.51293182373047 19.471885681152344 20.584315631417503
1477.082 20.428503036499023 19.471885681152344 20.462112478186352
1477.097 20.259014129638672 19.471885681152344 20.34702725072308
1477.117 20.128202438354492 20.735681533813477 20.27499758330641
1477.132 20.044822692871094 20.735681533813477 20.236173100459958
1477.147 20.05816650390625 20.735681533813477 20.222224124034163
1477.167 20.194808959960938 20.735681533813477 20.22649006511672
1477.182 20.2750301361084 20.735681533813477 20.243691531768672
1477.197 20.382492065429688 20.735681533813477 20.26968563965292
1477.217 20.533607482910156 20.735681533813477 20.30125908166273
1477.232 20.620115280151367 20.735681533813477 20.33595400623277
1477.247 20.611804962158203 22.551353454589844 20.413704490849415
1477.272 20.67864418029785 22.551353454589844 20.52880481441783
1477.282 20.73297882080078 22.551353454589844 20.667475290472698
1477.297 20.858539581298828 22.551353454589844 20.819185750724582
1477.317 21.0896053314209 22.551353454589844 20.976027352900623
1477.332 21.286535263061523 22.551353454589844 21.13218956175382
1477.347 21.492395401000977 22.551353454589844 21.283527032481736
1477.367 21.66347885131836 22.551353454589844 21.42720295522134
1477.382 21.759855270385742 22.551353454589844 21.561397103745698
1477.402 21.860130310058594 22.551353454589844 21.685068365263632
1477.417 21.990995407104492 22.551353454589844 21.797762911404185
1477.432 22.017120361328125 22.551353454589844 21.8994604073005
1477.447 22.01293182373047 22.551353454589844 21.99045175328138
1477.472 22.031978607177734 22.551353454589844 22.071242820995742
1477.482 22.060922622680664 22.551353454589844 22.14247949287701
1477.502 22.098846435546875 22.551353454589844 22.204890051238188
1477.517 22.1564884185791 22.551353454589844 22.259241601571755
1477.532 22.215551376342773 24.12318992614746 22.349969892924346
1477.552 22.32677459716797 24.12318992614746 22.464247950891465
1477.572 22.618309020996094 24.12318992614746 22.592228950420804
1477.582 22.842727661132812 24.12318992614746 22.726475363065056
1477.597 22.842727661132812 24.12318992614746 22.86148292094221
1477.617 23.330608367919922 24.12318992614746 22.993285755892817
1477.632 23.41280174255371 24.12318992614746 23.119130682551795
1477.647 23.505897521972656 24.12318992614746 23.23721008225132
1477.667 23.616228103637695 25.895288467407227 23.39566916869154
1477.682 23.72953224182129 25.895288467407227 23.57866538828344
1477.697 23.82534408569336 25.895288467407227 23.7741633240859
1477.717 24.14154052734375 25.895288467407227 23.973190324204683
1477.732 24.314285278320312 25.895288467407227 24.169217958673595
1477.747 24.38661003112793 25.895288467407227 24.357650835167863
1477.767 24.66900634765625 25.895288467407227 24.53540655477727
1477.782 24.846904754638672 27.616079330444336 24.748372403898607
1477.802 25.054189682006836 27.616079330444336 24.98065646000165
1477.817 25.32631492614746 27.616079330444336 25.220332895258004
1477.832 25.598615646362305 27.616079330444336 25.45864952268009
1477.847 25.869312286376953 27.616079330444336 25.689371714166587
1477.867 26.256994247436523 27.616079330444336 25.908242276246114
1477.882 26.36804962158203 27.616079330444336 26.112539432289402
1477.897 26.489669799804688 27.616079330444336 26.30071739262893
1477.917 26.663000106811523 25.936796188354492 26.445839792921856
1477.932 26.7189884185791 25.936796188354492 26.547906633168182
1477.947 26.744579315185547 25.936796188354492 26.60691791336791
1477.967 26.680994033813477 25.936796188354492 26.630594835669246
1477.982 26.631166458129883 25.936796188354492 26.62829110964412
1477.997 26.444150924682617 25.936796188354492 26.607431911765207
1478.017 26.264507293701172 23.454092025756836 26.543517153839694
1478.032 26.13163948059082 23.454092025756836 26.43654683586758
1478.047 26.007749557495117 23.454092025756836 26.286520957848865
1478.067 25.74713706970215 23.454092025756836 26.100323824498567
1478.082 25.56145668029785 23.454092025756836 25.893376101827695
1478.097 25.312999725341797 23.454092025756836 25.6773056722353
1478.117 25.065000534057617 23.454092025756836 25.460699259820903
1478.132 24.924951553344727 21.19890785217285 25.201037287359906
1478.147 24.789793014526367 21.19890785217285 24.90377593724872
1478.167 24.461837768554688 21.19890785217285 24.58782562763045
1478.182 24.164705276489258 21.19890785217285 24.26725796237978
1478.197 23.72434425354004 21.19890785217285 23.952285850624357
1478.217 23.39885711669922 21.19890785217285 23.650073111696997
1478.232 23.003803253173828 21.19890785217285 23.365399388953723
1478.247 22.939743041992188 21.19890785217285 23.101202898450897
1478.267 22.56570053100586 19.406675338745117 22.809236307909146
1478.287 22.1722412109375 19.406675338745117 22.50547799666642
1478.297 22.1722412109375 19.406675338745117 22.20170668417689
1478.317 22.030174255371094 19.406675338745117 21.906364147021097
1478.332 21.419811248779297 19.406675338745117 21.625266192284446
1478.347 21.099863052368164 19.406675338745117 21.362185132072614
1478.367 20.777708053588867 19.406675338745117 21.119323987327707
1478.382 20.600522994995117 19.406675338745117 20.89769992531523
1478.397 20.415828704833984 18.20245361328125 20.664001389893166
1478.417 20.415828704833984 18.20245361328125 20.428141108700395
1478.432 20.17485237121582 18.20245361328125 20.19728325156487
1478.447 19.972267150878906 18.20245361328125 19.976423183852443
1478.467 19.76810073852539 18.20245361328125 19.768863200932998
1478.482 19.487838745117188 18.20245361328125 19.57660050093448
1478.497 19.294273376464844 18.20245361328125 19.400641484582493
1478.517 19.036357879638672 18.20245361328125 19.241254525566994
1478.532 18.986635208129883 16.706506729125977 19.056617538937928
1478.547 18.77863311767578 16.706506729125977 18.859013505278043
1478.567 18.623510360717773 16.706506729125977 18.657605422945224
1478.582 18.37371063232422 16.706506729125977 18.459065775323612
1478.597 18.229745864868164 16.706506729125977 18.268096829989613
1478.617 17.947486877441406 16.706506729125977 18.087858247995797
1478.632 17.70415687561035 16.706506729125977 17.92031638737039
1478.647 17.55391502380371 16.706506729125977 17.76652778459643
1478.667 17.449378967285156 16.706506729125977 17.626867589157644
1478.687 17.379194259643555 17.228246688842773 17.51570498054876
1478.697 17.379194259643555 17.228246688842773 17.42805349264143
1478.717 17.21660804748535 17.228246688842773 17.359686404696394
1478.732 17.268335342407227 17.228246688842773 17.30703888908038
1478.747 17.32025909423828 17.228246688842773 17.267119497876426
1478.767 17.367740631103516 17.228246688842773 17.237430801073245
1478.782 17.39589500427246 17.228246688842773 17.21589878788111
1478.797 17.3906307220459 17.228246688842773 17.200810509362967
1478.817 17.377918243408203 17.228246688842773 17.190759359490748
1478.842 17.342626571655273 17.228246688842773 17.184597350377025
1478.847 17.299455642700195 17.228246688842773 17.181393725687098
1478.867 17.265262603759766 17.228246688842773 17.18039926604118
1478.882 17.21053123474121 17.228246688842773 17.18101566519276
1478.897 17.156049728393555 17.228246688842773 17.182769390924964
1478.922 17.06350326538086 17.228246688842773 17.18528948608106
1478.932 17.06350326538086 17.228246688842773 17.188288809995758
1478.947 17.060876846313477 17.228246688842773 17.191548266618497
1478.967 17.086193084716797 17.228246688842773 17.194903611206968
1478.982 17.143268585205078 17.228246688842773 17.198234471476727
1478.997 17.199832916259766 17.228246688842773 17.20145526074574
1479.017 17.25098419189453 18.641407012939453 17.243762156962948
1479.032 17.32704734802246 18.641407012939453 17.312905570897954
1479.047 17.45165252685547 18.641407012939453 17.399361171546726
1479.067 17.590946197509766 18.641407012939453 17.495822294371578
1479.082 17.764415740966797 18.641407012939453 17.59677456536125
1479.097 17.873065948486328 18.641407012939453 17.698141262427132
1479.117 18.0966739654541 18.641407012939453 17.796989222962637
1479.132 18.191850662231445 18.641407012939453 17.891286312053975
1479.147 18.20608901977539 18.641407012939453 17.97970257948515
1479.167 18.21129608154297 18.641407012939453 18.06144825046195
1479.182 18.180150985717773 20.043611526489258 18.175092743531344
1479.217 18.157140731811523 20.043611526489258 18.308441266825632
1479.217 18.157140731811523 20.043611526489258 18.452206885456494
1479.232 18.28407096862793 20.043611526489258 18.599444599101666
1479.247 18.590471267700195 20.043611526489258 18.745080710539032
1479.267 19.010404586791992 20.043611526489258 18.885523559122568
1479.282 19.27752113342285 20.043611526489258 19.01834337875891
1479.297 19.609779357910156 20.043611526489258 19.14201058794323
1479.317 19.739675521850586 20.043611526489258 19.255683225825404
1479.332 19.751365661621094 20.043611526489258 19.359035514151536
1479.347 19.733570098876953 21.501535415649414 19.492618544951863
1479.367 19.74440574645996 21.501535415649414 19.64415630061381
1479.382 19.778440475463867 21.501535415649414 19.804352226287133
1479.397 19.80608558654785 21.501535415649414 19.96630328638559
1479.417 20.05180549621582 21.501535415649414 20.125013551768586
1479.437 20.398277282714844 21.501535415649414 20.276992628710676
1479.447 20.398277282714844 21.501535415649414 20.41992604590306
1479.467 20.635690689086914 21.501535415649414 20.552406367294562
1479.482 20.826473236083984 21.501535415649414 20.673715294205167
1479.497 21.033042907714844 23.047822952270508 20.826600798523632
1479.517 21.033042907714844 23.047822952270508 20.997869362843744
1479.532 21.259765625 23.047822952270508 21.17755499261048
1479.547 21.4301815032959 23.047822952270508 21.358281584475435
1479.567 21.682031631469727 23.047822952270508 21.534734015531058
1479.582 21.932727813720703 23.047822952270508 21.703221841140344
1479.597 22.09294891357422 23.047822952270508 21.861321481764563
1479.617 22.191036224365234 23.047822952270508 22.00758459949423
1479.632 22.26104736328125 21.41939353942871 22.110792157177297
1479.647 22.299030303955078 21.41939353942871 22.170944154813764
1479.672 22.18149185180664 21.41939353942871 22.19317667740387
1479.682 22.18149185180664 21.41939353942871 22.18761600663472
1479.697 22.086669921875 21.41939353942871 22.162291344128505
1479.717 21.95516014099121 21.41939353942871 22.123505950756883
1479.732 21.795082092285156 21.41939353942871 22.07615107261444
1479.747 21.738319396972656 21.41939353942871 22.023970143931816
1479.767 21.685775756835938 21.41939353942871 21.969780016159085
1479.782 21.667015075683594 19.35131072998047 21.872534328339754
1479.797 21.626876831054688 19.35131072998047 21.732807590691138
1479.817 21.49538230895996 19.35131072998047 21.566517399965477
1479.832 21.368234634399414 19.35131072998047 21.38580924070688
1479.847 21.14695167541504 19.35131072998047 21.199787875826843
1479.867 20.825428009033203 19.35131072998047 21.015125974337828
1479.882 20.586820602416992 19.35131072998047 20.836567852724258
1479.897 20.487661361694336 19.35131072998047 20.667344054937857
1479.922 20.233421325683594 17.657506942749023 20.462460407187685
1479.937 20.149789810180664 17.657506942749023 20.23771174718823
1479.947 19.964378356933594 17.657506942749023 20.00496951435485
1479.967 19.665084838867188 17.657506942749023 19.772963617139457
1479.987 19.390357971191406 17.657506942749023 19.547930036034277
1480.007 19.13968849182129 17.657506942749023 19.334144214832225
1480.017 18.892417907714844 17.657506942749023 19.134357783714027
1480.032 18.66874885559082 17.657506942749023 18.95015387228121
1480.047 18.553302764892578 17.657506942749023 18.78223420891062
1480.067 18.387571334838867 16.55569839477539 18.600043562465792
1480.082 18.276103973388672 16.55569839477539 18.41268623018
1480.102 18.205074310302734 16.55569839477539 18.226830477335326
1480.117 18.066625595092773 16.55569839477539 18.047213516741014
1480.132 17.902875900268555 16.55569839477539 17.877057051037543
1480.152 17.7565860748291 16.55569839477539 17.718407175517495
1480.167 17.524700164794922 16.55569839477539 17.572410630905214
1480.182 17.378854751586914 16.55569839477539 17.439537766585435
1480.197 17.244558334350586 16.55569839477539 17.319761119564117
1480.217 17.13490104675293 16.55569839477539 17.212697224177482
1480.232 17.010242462158203 15.251397132873535 17.081487536957933
1480.247 16.941856384277344 15.251397132873535 16.936618079862313
1480.267 16.713626861572266 15.251397132873535 16.78598327322977
1480.287 16.606351852416992 15.251397132873535 16.63540093346832
1480.297 16.374746322631836 15.251397132873535 16.489039038171164
1480.317 16.16825294494629 15.251397132873535 16.349767403304497
1480.332 16.032455444335938 15.251397132873535 16.21944577856918
1480.347 15.897658348083496 15.251397132873535 16.099158373138216
1480.367 15.82685661315918 15.251397132873535 15.98940347522648
1480.382 15.780378341674805 15.251397132873535 15.890245621696776
1480.397 15.791224479675293 15.251397132873535 15.801436701591845
1480.417 15.721258163452148 15.87979793548584 15.739967011330853
1480.432 15.689281463623047 15.87979793548584 15.699797926961603
1480.447 15.696490287780762 15.87979793548584 15.676010084515543
1480.467 15.725605010986328 15.87979793548584 15.664622905342574
1480.482 15.763256072998047 15.87979793548584 15.66243917856432
1480.497 15.801758766174316 15.87979793548584 15.666911918283112
1480.517 15.814546585083008 15.87979793548584 15.676030882776834
1480.532 15.842986106872559 15.87979793548584 15.688226337028237
1480.547 15.832350730895996 15.87979793548584 15.702287846240422
1480.567 15.788424491882324 15.87979793548584 15.717296097294733
1480.582 15.770186424255371 15.87979793548584 15.73256595074914
1480.597 15.722042083740234 15.87979793548584 15.747599123279551
1480.617 15.722516059875488 15.87979793548584 15.762045086315192
1480.632 15.723389625549316 15.87979793548584 15.775668939095413
1480.647 15.718748092651367 15.87979793548584 15.788325172476915
1480.667 15.76188850402832 15.87979793548584 15.799936383228589
1480.687 15.80028247833252 15.87979793548584 15.810476127445362
1480.697 15.813896179199219 15.87979793548584 15.819955216624729
1480.717 15.831026077270508 15.87979793548584 15.828410861649402
1480.732 15.833940505981445 15.87979793548584 15.835898159325373
1480.747 15.833940505981445 15.87979793548584 15.842483494236388
1480.772 15.89097785949707 17.20723533630371 15.885112761503695
1480.782 15.933064460754395 17.20723533630371 15.952389366657226
1480.797 15.987242698669434 17.20723533630371 16.035461102149142
1480.817 16.187950134277344 17.20723533630371 16.127545132368027
1480.832 16.32347869873047 17.20723533630371 16.223530083679616
1480.847 16.477924346923828 17.20723533630371 16.319644446124347
1480.867 16.644367218017578 17.20723533630371 16.413181709532854
1480.882 16.704225540161133 17.20723533630371 16.50227379441556
1480.897 16.80063247680664 17.20723533630371 16.58570538769336
1480.917 16.835399627685547 17.20723533630371 16.662762750905163
1480.932 16.844200134277344 18.536603927612305 16.770038342628393
1480.952 16.87790298461914 18.536603927612305 16.89599045314625
1480.967 16.978271484375 18.536603927612305 17.03182873175606
1480.982 17.082275390625 18.536603927612305 17.170978811441827
1480.997 17.267810821533203 18.536603927612305 17.30863706812197
1481.017 17.452117919921875 18.536603927612305 17.441402344141267
1481.032 17.661985397338867 18.536603927612305 17.566973059374043
1481.047 17.959964752197266 18.536603927612305 17.68389959702916
1481.067 18.040925979614258 18.536603927612305 17.791383181163262
1481.082 18.094736099243164 18.536603927612305 17.889113659987242
1481.097 18.17580223083496 19.25153350830078 17.996998834767627
1481.117 18.221363067626953 19.25153350830078 18.10916473077689
1481.132 18.27278709411621 19.25153350830078 18.22128275727834
1481.147 18.340866088867188 19.25153350830078 18.330252087349997
1481.167 18.413867950439453 19.25153350830078 18.433937925542445
1481.182 18.437952041625977 19.25153350830078 18.5309570988271
1481.202 18.606143951416016 19.25153350830078 18.620503518376218
1481.217 18.7391357421875 19.25153350830078 18.702207063722806
1481.232 18.807207107543945 19.25153350830078 18.776020339510453
1481.247 18.864625930786133 19.25153350830078 18.842128553245033
1481.267 18.97266387939453 20.44816780090332 18.93411831142186
1481.282 19.0655460357666 20.44816780090332 19.04210123807284
1481.297 19.187274932861328 20.44816780090332 19.15854640917412
1481.322 19.266647338867188 20.44816780090332 19.27782160024953
1481.337 19.514015197753906 20.44816780090332 19.39581177216689
1481.347 19.71719741821289 20.44816780090332 19.509603508589286
1481.367 19.873992919921875 21.67806053161621 19.651389174933133
1481.382 19.91929054260254 21.67806053161621 19.80929866616443
1481.397 20.081945419311523 21.67806053161621 19.974377189779513
1481.417 20.294300079345703 21.67806053161621 20.140008004807203
1481.432 20.433835983276367 21.67806053161621 20.301433772219532
1481.452 20.601009368896484 21.67806053161621 20.455361872673816
1481.467 20.7869815826416 21.67806053161621 20.599640864238122
1481.482 20.91517448425293 22.91834831237793 20.767449353004974
1481.507 21.096189498901367 22.91834831237793 20.947459300356215
1481.522 21.233007431030273 22.91834831237793 21.131213349342417
1481.532 21.284238815307617 22.91834831237793 21.312546391440762
1481.547 21.371322631835938 22.91834831237793 21.487107349166003
1481.567 21.71299934387207 22.91834831237793 21.651966063859106
1481.582 21.916889190673828 22.91834831237793 21.805292095303404
1481.597 22.10053253173828 22.91834831237793 21.946093980383214
1481.617 22.232206344604492 22.91834831237793 22.074009063537805
1481.632 22.37142562866211 24.33218002319336 22.22840851555287
1481.647 22.497718811035156 24.33218002319336 22.39749955741214
1481.667 22.68785285949707 24.33218002319336 22.572422597901074
1481.682 22.84267807006836 24.33218002319336 22.74666626346801
1481.697 23.007953643798828 24.33218002319336 22.915582941358057
1481.717 23.21271514892578 24.33218002319336 23.07598981439423
1481.732 23.364023208618164 24.33218002319336 23.225842247139546
1481.747 23.48099136352539 24.33218002319336 23.363968096488595
1481.767 23.64242172241211 25.870891571044922 23.532595056926798
1481.782 23.769147872924805 25.870891571044922 23.718397063805195
1481.797 23.994338989257812 25.870891571044922 23.911346686315856
1481.817 24.196575164794922 25.870891571044922 24.104059054295213
1481.832 24.377727508544922 25.870891571044922 24.291248267972843
1481.847 24.598926544189453 25.870891571044922 24.469279520226877
1481.867 24.74359893798828 25.870891571044922 24.63580225385088
1481.882 24.978858947753906 27.494091033935547 24.834540462660364
1481.897 25.0360107421875 27.494091033935547 25.05084592183396
1481.917 25.435701370239258 27.494091033935547 25.27373275790514
1481.932 25.76129150390625 27.494091033935547 25.49514494567455
1481.947 25.93661117553711 27.494091033935547 25.70934996299214
1481.967 26.196622848510742 27.494091033935547 25.91243970160184
1481.982 26.356037139892578 27.494091033935547 26.10192210841865
1481.997 26.50051498413086 29.11722183227539 26.321476164903412
1482.017 26.643192291259766 29.11722183227539 26.556482845445117
1482.032 26.759645462036133 29.11722183227539 26.79603594230332
1482.047 27.12616539001465 29.11722183227539 27.032193050736566
1482.067 27.451021194458008 29.11722183227539 27.259356447152488
1482.082 27.558242797851562 29.11722183227539 27.473764255085815
1482.097 27.835620880126953 29.11722183227539 27.673074785064607
1482.117 28.005470275878906 30.570833206176758 27.896407293142307
1482.132 28.187419891357422 30.570833206176758 28.13075187040889
1482.147 28.483898162841797 30.570833206176758 28.366478858161706
1482.167 28.722652435302734 30.570833206176758 28.5966486008442
1482.182 28.8929500579834 30.570833206176758 28.81644204667811
1482.197 29.04220962524414 30.570833206176758 29.0226937724583
1482.217 29.504135131835938 29.559232711791992 29.18588993819189
1482.232 29.702999114990234 29.559232711791992 29.31321782157116
1482.247 29.760000228881836 29.559232711791992 29.411303217108177
1482.267 29.68778419494629 29.559232711791992 29.48570690218569
1482.282 29.576343536376953 29.559232711791992 29.54107192587166
1482.297 29.526473999023438 29.559232711791992 29.58125465835666
1482.317 29.375244140625 27.316267013549805 29.57838183079506
1482.332 29.262056350708008 27.316267013549805 29.53245344318686
1482.347 29.191917419433594 27.316267013549805 29.44346949553206
1482.367 28.99409294128418 27.316267013549805 29.320608703698067
1482.382 28.87810707092285 27.316267013549805 29.176882307498737
1482.397 28.738739013671875 27.316267013549805 29.022194628790107
1482.417 28.52817726135254 24.865890502929688 28.824451390034877
1482.432 28.374191284179688 24.865890502929688 28.583652591233047
1482.447 28.160354614257812 24.865890502929688 28.307808942425122
1482.467 27.838653564453125 24.865890502929688 28.014512142674594
1482.482 27.522058486938477 24.865890502929688 27.71685438584932
1482.507 27.20907211303711 24.865890502929688 27.424339548403626
1482.517 26.7940731048584 24.865890502929688 27.143635882769452
1482.532 26.545812606811523 22.137636184692383 26.819876657088678
1482.547 26.255332946777344 22.137636184692383 26.473209972341934
1482.572 25.81692123413086 22.137636184692383 26.12654328759519
1482.587 25.371126174926758 22.137636184692383 25.779876602848447
1482.597 25.123260498046875 22.137636184692383 25.433209918101703
1482.617 24.72254753112793 22.137636184692383 25.08654323335496
1482.632 24.46302032470703 22.137636184692383 24.746049598440457
1482.647 24.11552619934082 19.009212493896484 24.399382913693714
1482.667 23.850727081298828 19.009212493896484 24.05271622894697
1482.682 23.52533721923828 19.009212493896484 23.706049544200226
1482.697 23.420270919799805 19.009212493896484 23.359382859453483
1482.717 22.66825294494629 19.009212493896484 23.01271617470674
1482.732 22.19194221496582 19.009212493896484 22.666049489959995
1482.747 21.9523868560791 19.009212493896484 22.31938280521325
1482.767 21.5664005279541 19.009212493896484 21.972716120466508
1482.787 21.33275032043457 15.516242027282715 21.626049435719764
1482.797 21.33275032043457 15.516242027282715 21.27938275097302
1482.817 20.725025177001953 15.516242027282715 20.932716066226277
1482.832 20.224544525146484 15.516242027282715 20.586049381479533
1482.847 19.96893310546875 15.516242027282715 20.23938269673279
1482.872 19.328203201293945 15.516242027282715 19.892716011986046
1482.882 19.08564567565918 15.516242027282715 19.546049327239302
1482.897 18.8275089263916 15.516242027282715 19.19938264249256
1482.917 18.455068588256836 13.329655647277832 18.852715957745815
1482.932 18.206756591796875 13.329655647277832 18.50604927299907
1482.947 18.044309616088867 13.329655647277832 18.159382588252328
1482.967 17.655061721801758 13.329655647277832 17.812715903505584
1482.982 17.356204986572266 13.329655647277832 17.46604921875884
1482.997 17.05816078186035 13.329655647277832 17.119382534012097
1483.017 16.556371688842773 13.329655647277832 16.772715849265353
1483.032 16.41132926940918 13.329655647277832 16.42604916451861
1483.047 16.24439811706543 13.329655647277832 16.079382479771866
1483.067 15.783878326416016 13.329655647277832 15.732715795025124
1483.082 15.46461296081543 13.329655647277832 15.41738873175344
1483.097 15.101916313171387 12.167754173278809 15.101136705028376
1483.122 14.624883651733398 12.167754173278809 14.79300656727852
1483.132 14.624883651733398 12.167754173278809 14.499256287893388
1483.147 14.374611854553223 12.167754173278809 14.223971304291197
1483.167 13.858410835266113 12.167754173278809 13.969566588291606
1483.182 13.624735832214355 12.167754173278809 13.737192862169108
1483.197 13.218209266662598 12.167754173278809 13.527062838198558
1483.222 12.780441284179688 12.167754173278809 13.338711079494011
1483.232 12.751692771911621 12.167754173278809 13.171199071084704
1483.247 12.75121784210205 12.167754173278809 13.023275328575762
1483.267 12.777706146240234 12.167754173278809 12.893498836282033
1483.282 12.821318626403809 12.138349533081055 12.779515980334534
1483.297 12.840658187866211 12.138349533081055 12.680018087641693
1483.317 12.819474220275879 12.138349533081055 12.593664915708185
1483.332 12.796598434448242 12.138349533081055 12.51913082626187
1483.347 12.730565071105957 12.138349533081055 12.455137470679528
1483.367 12.579258918762207 12.138349533081055 12.400475900939977
1483.387 12.472228050231934 12.138349533081055 12.35402048801212
1483.397 12.384815216064453 12.138349533081055 12.314736582282869
1483.417 12.195744514465332 12.138349533081055 12.281683476324059
1483.432 12.108817100524902 12.138349533081055 12.254013918703283
1483.447 12.060526847839355 12.138349533081055 12.230971169548184
1483.467 12.052497863769531 12.138349533081055 12.2118843761573
1483.482 12.056527137756348 11.115249633789062 12.167743428488208
1483.497 12.083181381225586 11.115249633789062 12.106873141519774
1483.517 12.050651550292969 11.115249633789062 12.035704336448399
1483.537 11.929717063903809 11.115249633789062 11.959131838346956
1483.547 11.894685745239258 11.115249633789062 11.88081370771183
1483.567 11.792425155639648 11.115249633789062 11.803420044309037
1483.587 11.648273468017578 11.115249633789062 11.728838739950078
1483.597 11.648273468017578 11.115249633789062 11.658344662645927
1483.617 11.520174980163574 11.115249633789062 11.592737933688918
1483.632 11.460203170776367 11.115249633789062 11.53245621363626
1483.647 11.407411575317383 11.115249633789062 11.477665242284715
1483.667 11.334208488464355 11.115249633789062 11.428331279006349
1483.682 11.318391799926758 11.115249633789062 11.384278559444908
1483.697 11.304420471191406 10.881842613220215 11.338750888892596
1483.717 11.301787376403809 10.881842613220215 11.293430827799211
1483.732 11.274532318115234 10.881842613220215 11.249518444198896
1483.747 11.246864318847656 10.881842613220215 11.207834684675056
1483.767 11.205971717834473 10.881842613220215 11.168905988036196
1483.782 11.122142791748047 10.881842613220215 11.133033105888066
1483.797 11.12452220916748 10.881842613220215 11.100346693132304
1483.817 11.075130462646484 10.881842613220215 11.070851872731907
1483.832 11.017738342285156 10.881842613220215 11.044463660791164
1483.847 11.001773834228516 10.881842613220215 11.021034857497636
1483.867 10.970917701721191 10.881842613220215 11.000377763850251
1483.882 10.943928718566895 10.881842613220215 10.982280870291701
1483.902 10.927152633666992 10.881842613220215 10.966521478299159
1483.917 10.921331405639648 10.881842613220215 10.952875056662055
1483.932 10.930688858032227 10.881842613220215 10.941121997722364
1483.947 10.940861701965332 10.881842613220215 10.931052322581332
1483.967 10.929070472717285 10.881842613220215 10.922468785698666
1483.982 10.953749656677246 10.881842613220215 10.915188746150813
1483.997 10.939037322998047 10.881842613220215 10.909045103015517
1484.017 10.91372299194336 10.881842613220215 10.903886534063984
1484.032 10.914257049560547 10.881842613220215 10.899577228526526
1484.057 10.91955852508545 10.881842613220215 10.89599626470069
1484.067 10.91955852508545 10.881842613220215 10.893036750318512
1484.082 10.893937110900879 10.881842613220215 10.890604816769851
1484.097 10.876967430114746 10.881842613220215 10.888618536527481
1484.117 10.874996185302734 10.881842613220215 10.887006815604966
1484.132 10.863921165466309 10.881842613220215 10.88570829888644
1484.147 10.86496639251709 10.881842613220215 10.884670315088755
1484.167 10.852751731872559 10.881842613220215 10.883847879433434
1484.182 10.878958702087402 10.881842613220215 10.883202765380874
1484.197 10.86745548248291 10.881842613220215 10.882702651644335
1484.217 10.899002075195312 10.881842613220215 10.882320346848488
1484.242 10.900409698486328 12.749626159667969 10.92499360209924
1484.247 10.885884284973145 12.749626159667969 11.006260344062053
1484.267 11.037935256958008 12.749626159667969 11.112928341197112
1484.282 11.24418830871582 12.749626159667969 11.234837570600776
1484.297 11.455607414245605 12.749626159667969 11.364283315068395
1484.317 11.690901756286621 12.749626159667969 11.49553451305465
1484.332 12.034966468811035 12.749626159667969 11.624433752378229
1484.347 12.128883361816406 12.749626159667969 11.748066886562508
1484.367 12.213912963867188 12.749626159667969 11.864491724722546
1484.382 12.2542085647583 12.749626159667969 11.972516593885501
1484.397 12.253244400024414 12.749626159667969 12.071520794268263
1484.417 12.227763175964355 12.749626159667969 12.161310065194359
1484.432 12.200460433959961 12.749626159667969 12.242001156804573
1484.447 12.198208808898926 12.749626159667969 12.31393046726099
1484.467 12.216170310974121 12.749626159667969 12.377582464743345
1484.487 12.274418830871582 12.749626159667969 12.43353427682433
1484.497 12.299126625061035 12.749626159667969 12.482413405650421
1484.517 12.43240737915039 12.749626159667969 12.524866024528222
1484.532 12.525699615478516 12.749626159667969 12.56153373850177
1484.547 12.597862243652344 12.749626159667969 12.59303705632947
1484.567 12.694371223449707 12.749626159667969 12.61996413140913
1484.582 12.74531078338623 12.749626159667969 12.642863591534532
1484.597 12.764057159423828 12.749626159667969 12.662240498154619
1484.622 12.757843971252441 12.749626159667969 12.678554660685693
1484.642 12.721668243408203 12.749626159667969 12.692220685436212
1484.647 12.721668243408203 12.749626159667969 12.703609266311574
1484.667 12.701813697814941 12.749626159667969 12.713049329608303
1484.682 12.701980590820312 12.749626159667969 12.72083073132799
1484.697 12.700671195983887 12.749626159667969 12.727207275538323
1484.717 12.68228530883789 13.863205909729004 12.763332653036073
1484.732 12.702201843261719 13.863205909729004 12.8197745444706
1484.747 12.774030685424805 13.863205909729004 12.889208773445104
1484.767 12.970209121704102 13.863205909729004 12.966025448680794
1484.782 13.181085586547852 13.863205909729004 13.045999080204348
1484.797 13.295361518859863 13.863205909729004 13.126013707024626
1484.817 13.39224624633789 13.863205909729004 13.203835085052326
1484.832 13.465190887451172 13.863205909729004 13.27792292964039
1484.847 13.546616554260254 13.863205909729004 13.347277079420884
1484.872 13.579545974731445 13.863205909729004 13.411312243631052
1484.882 13.583274841308594 13.863205909729004 13.469756713514151
1484.897 13.577431678771973 13.863205909729004 13.52257106154604
1484.917 13.581269264221191 13.863205909729004 13.569883423624955
1484.932 13.56478214263916 13.863205909729004 13.611938463435154
1484.947 13.55280590057373 13.863205909729004 13.64905756002499
1484.967 13.569387435913086 13.863205909729004 13.681608144589239
1484.982 13.607272148132324 13.863205909729004 13.709980445937115
1485.002 13.667546272277832 13.863205909729004 13.734570191477573
1485.017 13.716032981872559 13.863205909729004 13.75576605685346
1485.032 13.75558853149414 13.863205909729004 13.773940867395257
1485.047 13.82307243347168 13.863205909729004 13.789445732782887
1485.067 13.865971565246582 13.863205909729004 13.802606446766015
1485.082 13.886061668395996 13.863205909729004 13.813721610184004
1485.097 13.883089065551758 13.863205909729004 13.823062041155609
1485.122 13.871769905090332 13.863205909729004 13.830871124123922
1485.132 13.865998268127441 13.863205909729004 13.83736582205187
1485.147 13.861363410949707 13.863205909729004 13.842738135759053
1485.172 13.816790580749512 15.387168884277344 13.889489152436896
1485.182 13.826469421386719 15.387168884277344 13.964596266144639
1485.197 13.964977264404297 15.387168884277344 14.057938940039737
1485.217 14.15416145324707 15.387168884277344 14.161757579476543
1485.232 14.354657173156738 15.387168884277344 14.270200142667159
1485.252 14.482840538024902 15.387168884277344 14.378944224076845
1485.267 14.82654857635498 15.387168884277344 14.484883724295946
1485.287 14.934019088745117 15.387168884277344 14.58587051050131
1485.297 14.955240249633789 15.387168884277344 14.680502662938373
1485.317 14.999103546142578 15.387168884277344 14.767951990093502
1485.332 14.988134384155273 15.387168884277344 14.847824477672807
1485.347 14.961743354797363 15.387168884277344 14.920048216559438
1485.367 14.941943168640137 16.29047966003418 15.009876105761549
1485.382 14.987671852111816 16.29047966003418 15.109825083024843
1485.407 15.024931907653809 16.29047966003418 15.214251145813293
1485.417 15.184160232543945 16.29047966003418 15.318985062226364
1485.432 15.32863998413086 16.29047966003418 15.421030331306486
1485.447 15.504076957702637 16.29047966003418 15.51831414540094
1485.467 15.7578125 16.29047966003418 15.609483255041525
1485.482 15.867512702941895 16.29047966003418 15.69373768438191
1485.502 16.05167007446289 16.29047966003418 15.770696191883529
1485.517 16.097549438476562 16.29047966003418 15.840288218966037
1485.532 16.112031936645508 16.29047966003418 15.90266782312533
1485.552 16.081344604492188 16.29047966003418 15.958145757333286
1485.572 16.033397674560547 17.56455421447754 16.04252740449324
1485.582 16.039426803588867 17.56455421447754 16.145279443953854
1485.597 16.150400161743164 17.56455421447754 16.25834270734242
1485.617 16.28919219970703 17.56455421447754 16.37565503452748
1485.632 16.42793846130371 17.56455421447754 16.492753847942193
1485.647 16.59886360168457 17.56455421447754 16.606446898001614
1485.667 16.818368911743164 17.56455421447754 16.714541010431223
1485.682 17.00757598876953 17.56455421447754 16.81561993642818
1485.697 17.116783142089844 17.56455421447754 16.90886356401484
1485.717 17.31874656677246 17.56455421447754 16.99390179348677
1485.732 17.406448364257812 17.56455421447754 17.070697314477112
1485.747 17.351730346679688 16.81228256225586 17.11855591507494
1485.767 17.25046157836914 16.81228256225586 17.144346984108235
1485.782 17.095294952392578 16.81228256225586 17.153606570520722
1485.797 16.955581665039062 16.81228256225586 17.150761383872073
1485.817 16.849071502685547 16.81228256225586 17.13932014301252
1485.832 16.795135498046875 16.81228256225586 17.122036209041426
1485.847 16.776514053344727 16.81228256225586 17.101045121087118
1485.867 16.821115493774414 16.81228256225586 17.077980325336952
1485.882 16.87293815612793 16.81228256225586 17.054070061201397
1485.897 16.938024520874023 16.81228256225586 17.030218052141848
1485.917 17.014484405517578 15.778128623962402 16.97834384714656
1485.937 17.051292419433594 15.778128623962402 16.907828019100474
1485.947 17.051292419433594 15.778128623962402 16.825911134682375
1485.967 16.925918579101562 15.778128623962402 16.738098962615105
1485.982 16.781700134277344 15.778128623962402 16.648501061742678
1485.997 16.58745765686035 15.778128623962402 16.56011221942567
1486.017 16.34746551513672 15.778128623962402 16.47504511493153
1486.032 16.175710678100586 15.778128623962402 16.394721564532677
1486.047 16.10334014892578 15.778128623962402 16.320028771131387
1486.072 15.96335506439209 15.778128623962402 16.251446153528263
1486.082 15.908564567565918 15.778128623962402 16.189147568066783
1486.097 15.912697792053223 15.778128623962402 16.133083055323947
1486.122 16.00579833984375 15.644326210021973 16.0793269082344
1486.132 16.017427444458008 15.644326210021973 16.02871831629273
1486.147 16.060365676879883 15.644326210021973 15.981771266527762
1486.172 16.069578170776367 15.644326210021973 15.938752406787048
1486.187 16.04479217529297 15.644326210021973 15.899743718289777
1486.197 15.99552059173584 15.644326210021973 15.864692560584555
1486.217 15.963728904724121 15.644326210021973 15.83345127659297
1486.232 15.867694854736328 15.644326210021973 15.805808215574588
1486.247 15.800378799438477 15.644326210021973 15.781511743853327
1486.267 15.694832801818848 14.76272964477539 15.735799767108086
1486.282 15.63267993927002 14.76272964477539 15.676009789343041
1486.297 15.618040084838867 14.76272964477539 15.60779141061077
1486.317 15.414548873901367 14.76272964477539 15.535427633138976
1486.332 15.255109786987305 14.76272964477539 15.462103091771224
1486.347 15.213919639587402 14.76272964477539 15.390126795987124
1486.367 15.119099617004395 14.76272964477539 15.321116084609491
1486.382 15.1152982711792 14.76272964477539 15.256147673084225
1486.397 15.095294952392578 14.76272964477539 15.195880921346257
1486.417 15.098799705505371 14.76272964477539 15.14065776899816
1486.432 15.07445240020752 13.552228927612305 15.056958149323837
1486.447 15.056816101074219 13.552228927612305 14.955175384831094
1486.467 14.864938735961914 13.552228927612305 14.843260332794294
1486.482 14.782058715820312 13.552228927612305 14.727192559937048
1486.497 14.627596855163574 13.552228927612305 14.61137277569107
1486.517 14.399571418762207 13.552228927612305 14.498947933177472
1486.532 14.303254127502441 13.552228927612305 14.392079044806371
1486.547 14.105422019958496 13.552228927612305 14.292160504030802
1486.567 13.963634490966797 13.552228927612305 14.199998560907044
1486.582 13.921243667602539 13.552228927612305 14.115955566895162
1486.597 13.880139350891113 13.552228927612305 14.040065680815099
1486.617 13.849669456481934 13.552228927612305 13.97212690791003
1486.632 13.851873397827148 13.552228927612305 13.91177362099598
1486.647 13.897443771362305 13.552228927612305 13.858533079296997
1486.667 13.893247604370117 13.552228927612305 13.811868908987385
1486.682 13.896368980407715 13.552228927612305 13.77121403183123
1486.697 13.866908073425293 13.552228927612305 13.735995116940607
1486.717 13.812295913696289 13.552228927612305 13.705650278220073
1486.732 13.748291015625 13.552228927612305 13.679641439624016
1486.747 13.697793960571289 13.552228927612305 13.657462535533899
1486.767 13.648520469665527 13.552228927612305 13.638644498516545
1486.782 13.607272148132324 13.552228927612305 13.62275780615668
1486.797 13.583625793457031 13.552228927612305 13.609413207814058
1486.817 13.529091835021973 13.552228927612305 13.598261126805523
1486.832 13.51539421081543 16.082910537719727 13.63016460584359
1486.847 13.552032470703125 16.082910537719727 13.705123644928255
1486.867 13.783540725708008 16.082910537719727 13.823138244059521
1486.882 13.98609733581543 16.082910537719727 13.970486830842274
1486.897 14.230875015258789 16.082910537719727 14.134765091615336
1486.917 14.680595397949219 16.082910537719727 14.306612999667154
1486.932 14.752603530883789 16.082910537719727 14.479112267990864
1486.947 15.065401077270508 16.082910537719727 14.647286697657671
1486.967 15.218265533447266 16.082910537719727 14.807690147261809
1486.982 15.298115730285645 16.082910537719727 14.958068742759878
1486.997 15.380638122558594 16.082910537719727 15.097085675986072
1487.017 15.400256156921387 16.082910537719727 15.224098502870683
1487.032 15.362156867980957 16.082910537719727 15.338980252606403
1487.047 15.390247344970703 18.837631225585938 15.496917562388722
1487.067 15.508598327636719 18.837631225585938 15.697910432217641
1487.082 15.701068878173828 18.837631225585938 15.929169794871262
1487.097 15.788372039794922 18.837631225585938 16.17569627174712
1487.117 16.415931701660156 18.837631225585938 16.426316221851355
1487.132 16.62751579284668 18.837631225585938 16.672908161701933
1487.147 17.055450439453125 18.837631225585938 16.909763584108802
1487.167 17.472875595092773 18.837631225585938 17.133061851182866
1487.182 17.790884017944336 18.837631225585938 17.34044142684748
1487.197 18.054147720336914 18.837631225585938 17.530652062867883
1487.217 18.248394012451172 15.479146003723145 17.677807138841686
1487.232 18.377592086791992 15.479146003723145 17.78190665476889
1487.247 18.294374465942383 15.479146003723145 17.842950610649492
1487.267 17.99178123474121 15.479146003723145 17.860939006483495
1487.282 17.840253829956055 15.479146003723145 17.835871842270898
1487.297 17.563657760620117 15.479146003723145 17.7677491180117
1487.317 17.111177444458008 15.479146003723145 17.656570833705903
1487.332 16.94828987121582 15.479146003723145 17.516409035565577
1487.347 16.770578384399414 15.479146003723145 17.359369103293247
1487.367 16.530874252319336 15.479146003723145 17.1945953959383
1487.382 16.47809600830078 15.479146003723145 17.02885619779238
1487.397 16.439861297607422 12.730220794677734 16.820061439599858
1487.417 16.414180755615234 12.730220794677734 16.568211121360736
1487.432 16.302085876464844 12.730220794677734 16.281107543482715
1487.447 16.070363998413086 12.730220794677734 15.976714230268456
1487.467 15.652853965759277 12.730220794677734 15.668385311012186
1487.482 15.288162231445312 12.730220794677734 15.36580056724556
1487.497 14.921501159667969 12.730220794677734 15.075737615142986
1487.517 14.472997665405273 12.730220794677734 14.802705918613459
1487.532 14.167943000793457 12.730220794677734 14.54946416957653
1487.547 13.956016540527344 12.730220794677734 14.31743970971275
1487.567 13.758770942687988 12.730220794677734 14.10706609800025
1487.582 13.694132804870605 12.730220794677734 13.918052639188904
1487.597 13.609356880187988 10.88914680480957 13.698456714547188
1487.617 13.519478797912598 10.88914680480957 13.46304324394416
1487.632 13.349752426147461 10.88914680480957 13.222833129390333
1487.647 13.000510215759277 10.88914680480957 12.985857923954025
1487.667 12.747817993164062 10.88914680480957 12.757783715286216
1487.682 12.48222827911377 10.88914680480957 12.542423949517016
1487.697 12.203502655029297 10.88914680480957 12.34215841731041
1487.717 11.930697441101074 10.88914680480957 12.158273350964391
1487.732 11.687159538269043 10.88914680480957 11.991235537285483
1487.747 11.687159538269043 10.88914680480957 11.840911527521895
1487.767 11.54681396484375 10.88914680480957 11.70674141102407
1487.782 11.44162368774414 10.88914680480957 11.587875199197253
1487.797 11.38194751739502 10.88914680480957 11.483278625053664
1487.817 11.378877639770508 10.88914680480957 11.391814085068134
1487.832 11.356257438659668 10.88914680480957 11.31230151796644
1487.847 11.359519958496094 9.813027381896973 11.213671004594739
1487.867 11.277083396911621 9.813027381896973 11.104079033447029
1487.882 11.156450271606445 9.813027381896973 10.989675572793463
1487.897 10.987828254699707 9.813027381896973 10.875001752303655
1487.917 10.798938751220703 9.813027381896973 10.763319558169957
1487.932 10.53126049041748 9.813027381896973 10.656883646374574
1487.947 10.411126136779785 9.813027381896973 10.557164123591276
1487.967 10.148841857910156 9.813027381896973 10.465027999866972
1487.982 10.078926086425781 9.813027381896973 10.3808859823933
1487.997 10.070104598999023 9.813027381896973 10.304810352788072
1488.017 10.051616668701172 9.813027381896973 10.23662884652327
1488.032 10.085465431213379 9.813027381896973 10.175998726129587
1488.047 10.141494750976562 9.813027381896973 10.12246460235189
1488.067 10.203059196472168 9.813027381896973 10.075503001859733
1488.082 10.191890716552734 9.813027381896973 10.034556198663719
1488.097 10.164925575256348 9.813027381896973 9.999057411426255
1488.117 10.117880821228027 9.813027381896973 9.968449113071369
1488.132 10.071316719055176 9.813027381896973 9.942195895608606
1488.147 9.982483863830566 9.36606502532959 9.907377453193398
1488.167 9.856613159179688 9.36606502532959 9.867387778745702
1488.182 9.780795097351074 9.36606502532959 9.82480287915722
1488.197 9.712870597839355 9.36606502532959 9.781540982257036
1488.217 9.62281322479248 9.36606502532959 9.738995623443826
1488.232 9.559172630310059 9.36606502532959 9.69814559922822
1488.247 9.52700424194336 9.36606502532959 9.65964528779575
1488.267 9.517224311828613 9.36606502532959 9.62389839036337
1488.282 9.508161544799805 9.36606502532959 9.5911177424004
1488.297 9.527078628540039 9.36606502532959 9.561373480162846
1488.317 9.556133270263672 9.36606502532959 9.534631523909754
1488.332 9.548961639404297 9.36606502532959 9.51078405243012
1488.357 9.54365062713623 9.36606502532959 9.489673391494446
1488.367 9.533719062805176 9.36606502532959 9.471110518717547
1488.382 9.522577285766602 9.36606502532959 9.45488919615882
1488.397 9.515271186828613 9.36606502532959 9.440796576895483
1488.417 9.469232559204102 9.36606502532959 9.428620989982754
1488.432 9.425918579101562 9.36606502532959 9.418157487009154
1488.447 9.38344955444336 9.36606502532959 9.409211630390658
1488.467 9.359689712524414 9.36606502532959 9.401601916347328
1488.482 9.313803672790527 9.36606502532959 9.395161152097488
1488.497 9.331485748291016 9.36606502532959 9.389737045319087
1488.517 9.35916805267334 9.36606502532959 9.38519221269531
1488.532 9.351536750793457 9.36606502532959 9.38140377189985
1488.547 9.391730308532715 9.36606502532959 9.378262646381023
1488.567 9.403888702392578 9.36606502532959 9.375672683629954
1488.582 9.413731575012207 9.36606502532959 9.373549664271557
1488.597 9.41064453125 9.36606502532959 9.371820260437115
1488.617 9.411134719848633 9.36606502532959 9.370420986722769
1488.632 9.39171028137207 9.36606502532959 9.369297174974621
1488.647 9.39301586151123 9.36606502532959 9.368401994627773
1488.667 9.390745162963867 9.36606502532959 9.36769553290515
1488.682 9.34390926361084 9.36606502532959 9.367143943465887
1488.697 9.319672584533691 9.36606502532959 9.366718667757876
1488.717 9.335375785827637 9.36606502532959 9.366395730104072
1488.737 9.31175708770752 9.36606502532959 9.366155105212258
1488.752 9.336749076843262 9.36606502532959 9.365980155157455
1488.767 9.338067054748535 9.36606502532959 9.36585713179246
1488.782 9.354240417480469 9.36606502532959 9.365774739870442
1488.797 9.402761459350586 9.36606502532959 9.365723755813365
1488.817 9.403074264526367 12.08273983001709 9.408728331802887
1488.832 9.469316482543945 12.08273983001709 9.49478846783901
1488.847 9.597472190856934 12.08273983001709 9.623904163921733
1488.867 9.919191360473633 12.08273983001709 9.784738075388963
1488.882 10.075729370117188 12.08273983001709 9.96383576496185
1488.897 10.305941581726074 12.08273983001709 10.151047558900176
1488.917 10.658692359924316 12.08273983001709 10.338874132695333
1488.932 10.903129577636719 12.08273983001709 10.52192389334027
1488.947 11.077492713928223 12.08273983001709 10.696465555194292
1488.967 11.217986106872559 12.08273983001709 10.86006136637221
1488.982 11.324990272521973 12.08273983001709 11.011268322831716
1488.997 11.3405122756958 12.08273983001709 11.149396406586327
1489.017 11.359977722167969 12.08273983001709 11.274314406813406
1489.032 11.352532386779785 12.08273983001709 11.38629523589493
1489.047 11.37412166595459 12.08273983001709 11.48589384693659
1489.067 11.430037498474121 12.08273983001709 11.573851906859577
1489.082 11.476412773132324 12.08273983001709 11.651024292289037
1489.097 11.560331344604492 14.181622505187988 11.771252237765097
1489.117 11.651598930358887 14.181622505187988 11.924370333547559
1489.132 11.920409202575684 14.181622505187988 12.096806422348205
1489.147 12.238444328308105 14.181622505187988 12.278297180671222
1489.167 12.67566967010498 14.181622505187988 12.461235708205528
1489.182 12.883543968200684 14.181622505187988 12.640130177358301
1489.197 13.258528709411621 14.181622505187988 12.811157113402597
1489.222 13.521712303161621 14.181622505187988 12.971794902116416
1489.232 13.655229568481445 14.181622505187988 13.120524974133867
1489.247 13.707344055175781 14.181622505187988 13.25658979137457
1489.267 13.698681831359863 14.181622505187988 13.379798264228164
1489.282 13.63468074798584 14.181622505187988 13.49037056585805
1489.297 13.5615873336792 14.181622505187988 13.58881549182091
1489.317 13.506159782409668 14.181622505187988 13.675834550506286
1489.332 13.45517635345459 14.181622505187988 13.752247874818245
1489.347 13.477352142333984 17.302885055541992 13.871716759176804
1489.367 13.702308654785156 17.302885055541992 14.034241203581963
1489.382 13.838562965393066 17.302885055541992 14.239821208033723
1489.397 14.259838104248047 17.302885055541992 14.47223865726993
1489.417 14.667379379272461 17.302885055541992 14.717433567275101
1489.432 14.99908447265625 17.302885055541992 14.964974686876413
1489.452 15.320972442626953 17.302885055541992 15.207321113725238
1489.467 15.86075496673584 17.302885055541992 15.439212831619109
1489.482 16.052038192749023 17.302885055541992 15.657170570969697
1489.497 16.3679141998291 17.302885055541992 15.859087910290018
1489.517 16.764432907104492 17.302885055541992 16.043900814259512
1489.532 16.980905532836914 14.402857780456543 16.185658158182406
1489.547 17.0239200592041 14.402857780456543 16.2843599420587
1489.567 16.76139259338379 14.402857780456543 16.340006165888393
1489.582 16.609800338745117 14.402857780456543 16.352596829671487
1489.597 16.217580795288086 14.402857780456543 16.32213193340798
1489.617 15.806182861328125 14.402857780456543 16.248611477097874
1489.632 15.55700397491455 14.402857780456543 16.14465087646292
1489.652 15.337154388427734 14.402857780456543 16.021762634274936
1489.667 15.096930503845215 14.402857780456543 15.88872314522604
1489.682 15.028115272521973 14.402857780456543 15.752104137824773
1489.697 15.061441421508789 14.402857780456543 15.616714781814194
1489.717 15.12118911743164 14.402857780456543 15.485967491785791
1489.737 15.301698684692383 14.402857780456543 15.362178885188976
1489.747 15.379457473754883 14.402857780456543 15.246815907712774
1489.767 15.377909660339355 14.402857780456543 15.140695825134882
1489.782 15.358120918273926 14.402857780456543 15.044147597476615
1489.797 15.283085823059082 14.402857780456543 14.957141094528442
1489.817 15.14470100402832 14.402857780456543 14.87938967503772
1489.832 15.020028114318848 14.402857780456543 14.810430827099207
1489.847 14.825908660888672 14.402857780456543 14.749688845730171
1489.867 14.630440711975098 14.402857780456543 14.696522896050752
1489.882 14.487706184387207 15.20033073425293 14.672415296531508
1489.897 14.418591499328613 15.20033073425293 14.669802503143044
1489.917 14.402502059936523 15.20033073425293 14.682666898099042
1489.932 14.548155784606934 15.20033073425293 14.706265933464922
1489.947 14.600895881652832 15.20033073425293 14.73690259880405
1489.967 14.818867683410645 15.20033073425293 14.771731880282937
1489.982 14.954259872436523 15.20033073425293 14.808598389791365
1489.997 15.06335735321045 15.20033073425293 14.845900842875475
1490.017 15.164485931396484 15.20033073425293 14.882479542821963
1490.032 15.2113676071167 15.20033073425293 14.91752347792602
1490.047 15.168622970581055 15.20033073425293 14.950494055505693
1490.067 15.120726585388184 15.20033073425293 14.981062877417456
1490.087 15.04698657989502 11.439473152160645 14.968576139282618
1490.097 14.999984741210938 11.439473152160645 14.91303384110118
1490.117 14.82236099243164 11.439473152160645 14.81443598287314
